ISO-10303-21;
HEADER;
/* Generated by software containing ST-Developer
 * from STEP Tools, Inc. (www.steptools.com) 
 */

FILE_DESCRIPTION(
/* description */ (''),
/* implementation_level */ '2;1');

FILE_NAME(
/* name */ 'briefcase v5.step',
/* time_stamp */ '2025-12-24T11:51:26+01:00',
/* author */ (''),
/* organization */ (''),
/* preprocessor_version */ 'ST-DEVELOPER v20.1',
/* originating_system */ 'Autodesk Translation Framework v14.21.0.0',
/* authorisation */ '');

FILE_SCHEMA (('AUTOMOTIVE_DESIGN { 1 0 10303 214 3 1 1 }'));
ENDSEC;

DATA;
#10=MECHANICAL_DESIGN_GEOMETRIC_PRESENTATION_REPRESENTATION('',(#13,#14,
#15,#16),#11164);
#11=SHAPE_REPRESENTATION_RELATIONSHIP('SRR','None',#11171,#12);
#12=ADVANCED_BREP_SHAPE_REPRESENTATION('',(#17,#18,#19,#20),#11163);
#13=STYLED_ITEM('',(#11181),#17);
#14=STYLED_ITEM('',(#11181),#18);
#15=STYLED_ITEM('',(#11181),#19);
#16=STYLED_ITEM('',(#11181),#20);
#17=MANIFOLD_SOLID_BREP('Corpo1',#5971);
#18=MANIFOLD_SOLID_BREP('Corpo2',#5972);
#19=MANIFOLD_SOLID_BREP('Corpo3',#5973);
#20=MANIFOLD_SOLID_BREP('Corpo4',#5974);
#21=SPHERICAL_SURFACE('',#6053,2.5);
#22=SPHERICAL_SURFACE('',#6058,2.5);
#23=SPHERICAL_SURFACE('',#6063,2.5);
#24=SPHERICAL_SURFACE('',#6065,2.5);
#25=SPHERICAL_SURFACE('',#6107,2.5);
#26=SPHERICAL_SURFACE('',#6112,2.5);
#27=SPHERICAL_SURFACE('',#6117,2.5);
#28=SPHERICAL_SURFACE('',#6119,2.5);
#29=SPHERICAL_SURFACE('',#6230,2.5);
#30=SPHERICAL_SURFACE('',#6234,2.5);
#31=SPHERICAL_SURFACE('',#6290,2.5);
#32=SPHERICAL_SURFACE('',#6292,2.5);
#33=CYLINDRICAL_SURFACE('',#6047,2.5);
#34=CYLINDRICAL_SURFACE('',#6050,2.5);
#35=CYLINDRICAL_SURFACE('',#6055,2.5);
#36=CYLINDRICAL_SURFACE('',#6060,2.5);
#37=CYLINDRICAL_SURFACE('',#6067,2.5);
#38=CYLINDRICAL_SURFACE('',#6070,2.5);
#39=CYLINDRICAL_SURFACE('',#6076,2.5);
#40=CYLINDRICAL_SURFACE('',#6078,2.5);
#41=CYLINDRICAL_SURFACE('',#6079,1.49999999999999);
#42=CYLINDRICAL_SURFACE('',#6081,1.49999999999999);
#43=CYLINDRICAL_SURFACE('',#6083,1.49999999999999);
#44=CYLINDRICAL_SURFACE('',#6085,1.5);
#45=CYLINDRICAL_SURFACE('',#6087,1.49999999999999);
#46=CYLINDRICAL_SURFACE('',#6089,1.49999999999999);
#47=CYLINDRICAL_SURFACE('',#6091,1.49999999999999);
#48=CYLINDRICAL_SURFACE('',#6093,1.49999999999999);
#49=CYLINDRICAL_SURFACE('',#6101,2.5);
#50=CYLINDRICAL_SURFACE('',#6104,2.5);
#51=CYLINDRICAL_SURFACE('',#6109,2.5);
#52=CYLINDRICAL_SURFACE('',#6114,2.5);
#53=CYLINDRICAL_SURFACE('',#6121,2.5);
#54=CYLINDRICAL_SURFACE('',#6124,2.5);
#55=CYLINDRICAL_SURFACE('',#6130,2.5);
#56=CYLINDRICAL_SURFACE('',#6132,2.5);
#57=CYLINDRICAL_SURFACE('',#6133,1.5);
#58=CYLINDRICAL_SURFACE('',#6137,1.49999999999999);
#59=CYLINDRICAL_SURFACE('',#6141,1.5);
#60=CYLINDRICAL_SURFACE('',#6145,1.49999999999999);
#61=CYLINDRICAL_SURFACE('',#6155,2.);
#62=CYLINDRICAL_SURFACE('',#6156,2.5);
#63=CYLINDRICAL_SURFACE('',#6165,2.5);
#64=CYLINDRICAL_SURFACE('',#6227,2.5);
#65=CYLINDRICAL_SURFACE('',#6232,2.5);
#66=CYLINDRICAL_SURFACE('',#6236,2.5);
#67=CYLINDRICAL_SURFACE('',#6239,2.5);
#68=CYLINDRICAL_SURFACE('',#6245,2.5);
#69=CYLINDRICAL_SURFACE('',#6246,1.49999999999999);
#70=CYLINDRICAL_SURFACE('',#6248,1.49999999999999);
#71=CYLINDRICAL_SURFACE('',#6250,1.49999999999999);
#72=CYLINDRICAL_SURFACE('',#6252,1.5);
#73=CYLINDRICAL_SURFACE('',#6254,1.49999999999999);
#74=CYLINDRICAL_SURFACE('',#6256,1.49999999999999);
#75=CYLINDRICAL_SURFACE('',#6258,1.49999999999999);
#76=CYLINDRICAL_SURFACE('',#6260,1.49999999999999);
#77=CYLINDRICAL_SURFACE('',#6267,1.99999999999999);
#78=CYLINDRICAL_SURFACE('',#6268,2.5);
#79=CYLINDRICAL_SURFACE('',#6278,2.5);
#80=CYLINDRICAL_SURFACE('',#6281,2.5);
#81=CYLINDRICAL_SURFACE('',#6285,2.5);
#82=CYLINDRICAL_SURFACE('',#6287,2.5);
#83=CYLINDRICAL_SURFACE('',#6294,2.5);
#84=CYLINDRICAL_SURFACE('',#6300,2.5);
#85=CYLINDRICAL_SURFACE('',#6301,1.5);
#86=CYLINDRICAL_SURFACE('',#6305,1.49999999999999);
#87=CYLINDRICAL_SURFACE('',#6309,1.5);
#88=CYLINDRICAL_SURFACE('',#6313,1.49999999999999);
#89=CIRCLE('',#6039,1.49999999999999);
#90=CIRCLE('',#6040,1.49999999999999);
#91=CIRCLE('',#6041,1.49999999999999);
#92=CIRCLE('',#6042,1.49999999999999);
#93=CIRCLE('',#6043,1.5);
#94=CIRCLE('',#6044,1.49999999999999);
#95=CIRCLE('',#6045,1.49999999999999);
#96=CIRCLE('',#6046,1.49999999999999);
#97=CIRCLE('',#6048,2.5);
#98=CIRCLE('',#6049,2.5);
#99=CIRCLE('',#6051,2.5);
#100=CIRCLE('',#6052,2.5);
#101=CIRCLE('',#6054,2.5);
#102=CIRCLE('',#6056,2.5);
#103=CIRCLE('',#6057,2.5);
#104=CIRCLE('',#6059,2.50000000000001);
#105=CIRCLE('',#6061,2.5);
#106=CIRCLE('',#6062,2.5);
#107=CIRCLE('',#6064,2.50000000000002);
#108=CIRCLE('',#6066,2.50000000000001);
#109=CIRCLE('',#6068,2.5);
#110=CIRCLE('',#6071,2.5);
#111=CIRCLE('',#6074,2.5);
#112=CIRCLE('',#6075,2.5);
#113=CIRCLE('',#6080,1.49999999999999);
#114=CIRCLE('',#6082,1.49999999999999);
#115=CIRCLE('',#6084,1.49999999999999);
#116=CIRCLE('',#6086,1.5);
#117=CIRCLE('',#6088,1.49999999999999);
#118=CIRCLE('',#6090,1.49999999999999);
#119=CIRCLE('',#6092,1.49999999999999);
#120=CIRCLE('',#6094,1.49999999999999);
#121=CIRCLE('',#6102,2.5);
#122=CIRCLE('',#6103,2.5);
#123=CIRCLE('',#6105,2.5);
#124=CIRCLE('',#6106,2.5);
#125=CIRCLE('',#6108,2.50000000000001);
#126=CIRCLE('',#6110,2.5);
#127=CIRCLE('',#6111,2.5);
#128=CIRCLE('',#6113,2.5);
#129=CIRCLE('',#6115,2.5);
#130=CIRCLE('',#6116,2.5);
#131=CIRCLE('',#6118,2.50000000000001);
#132=CIRCLE('',#6120,2.50000000000002);
#133=CIRCLE('',#6122,2.5);
#134=CIRCLE('',#6125,2.5);
#135=CIRCLE('',#6128,2.5);
#136=CIRCLE('',#6129,2.5);
#137=CIRCLE('',#6134,1.5);
#138=CIRCLE('',#6135,1.5);
#139=CIRCLE('',#6138,1.49999999999999);
#140=CIRCLE('',#6139,1.49999999999999);
#141=CIRCLE('',#6142,1.5);
#142=CIRCLE('',#6143,1.5);
#143=CIRCLE('',#6146,1.49999999999999);
#144=CIRCLE('',#6147,1.49999999999999);
#145=CIRCLE('',#6157,2.50000000000001);
#146=CIRCLE('',#6158,2.5);
#147=CIRCLE('',#6160,2.50000000000002);
#148=CIRCLE('',#6162,2.5);
#149=CIRCLE('',#6164,2.5);
#150=CIRCLE('',#6166,2.5);
#151=CIRCLE('',#6219,1.49999999999999);
#152=CIRCLE('',#6220,1.49999999999999);
#153=CIRCLE('',#6221,1.49999999999999);
#154=CIRCLE('',#6222,1.49999999999999);
#155=CIRCLE('',#6223,1.5);
#156=CIRCLE('',#6224,1.49999999999999);
#157=CIRCLE('',#6225,1.49999999999999);
#158=CIRCLE('',#6226,1.49999999999999);
#159=CIRCLE('',#6228,2.5);
#160=CIRCLE('',#6229,2.5);
#161=CIRCLE('',#6231,2.5);
#162=CIRCLE('',#6233,2.5);
#163=CIRCLE('',#6235,2.50000000000001);
#164=CIRCLE('',#6237,2.5);
#165=CIRCLE('',#6240,2.5);
#166=CIRCLE('',#6243,2.5);
#167=CIRCLE('',#6247,1.49999999999999);
#168=CIRCLE('',#6249,1.49999999999999);
#169=CIRCLE('',#6251,1.49999999999999);
#170=CIRCLE('',#6253,1.5);
#171=CIRCLE('',#6255,1.49999999999999);
#172=CIRCLE('',#6257,1.49999999999999);
#173=CIRCLE('',#6259,1.49999999999999);
#174=CIRCLE('',#6261,1.49999999999999);
#175=CIRCLE('',#6269,2.5);
#176=CIRCLE('',#6270,2.5);
#177=CIRCLE('',#6272,2.5);
#178=CIRCLE('',#6274,2.5);
#179=CIRCLE('',#6276,2.5);
#180=CIRCLE('',#6279,2.5);
#181=CIRCLE('',#6282,2.5);
#182=CIRCLE('',#6286,2.5);
#183=CIRCLE('',#6288,2.5);
#184=CIRCLE('',#6289,2.5);
#185=CIRCLE('',#6291,2.50000000000001);
#186=CIRCLE('',#6293,2.5);
#187=CIRCLE('',#6295,2.5);
#188=CIRCLE('',#6298,2.5);
#189=CIRCLE('',#6302,1.5);
#190=CIRCLE('',#6303,1.5);
#191=CIRCLE('',#6306,1.49999999999999);
#192=CIRCLE('',#6307,1.49999999999999);
#193=CIRCLE('',#6310,1.5);
#194=CIRCLE('',#6311,1.5);
#195=CIRCLE('',#6314,1.49999999999999);
#196=CIRCLE('',#6315,1.49999999999999);
#197=FACE_BOUND('',#957,.T.);
#198=FACE_BOUND('',#1028,.T.);
#199=FACE_BOUND('',#1029,.T.);
#200=FACE_BOUND('',#1030,.T.);
#201=FACE_BOUND('',#1031,.T.);
#202=FACE_BOUND('',#1032,.T.);
#203=FACE_BOUND('',#1033,.T.);
#204=FACE_BOUND('',#1034,.T.);
#205=FACE_BOUND('',#1035,.T.);
#206=FACE_BOUND('',#1036,.T.);
#207=FACE_BOUND('',#1037,.T.);
#208=FACE_BOUND('',#1038,.T.);
#209=FACE_BOUND('',#1039,.T.);
#210=FACE_BOUND('',#1040,.T.);
#211=FACE_BOUND('',#1041,.T.);
#212=FACE_BOUND('',#1042,.T.);
#213=FACE_BOUND('',#1070,.T.);
#214=FACE_BOUND('',#1071,.T.);
#215=FACE_BOUND('',#1072,.T.);
#216=FACE_BOUND('',#1073,.T.);
#217=FACE_BOUND('',#1074,.T.);
#218=FACE_BOUND('',#1075,.T.);
#219=FACE_BOUND('',#1076,.T.);
#220=FACE_BOUND('',#1077,.T.);
#221=FACE_BOUND('',#1110,.T.);
#222=FACE_BOUND('',#1111,.T.);
#223=FACE_BOUND('',#1112,.T.);
#224=FACE_BOUND('',#1113,.T.);
#225=FACE_BOUND('',#1158,.T.);
#226=FACE_BOUND('',#1229,.T.);
#227=FACE_BOUND('',#1230,.T.);
#228=FACE_BOUND('',#1231,.T.);
#229=FACE_BOUND('',#1232,.T.);
#230=FACE_BOUND('',#1233,.T.);
#231=FACE_BOUND('',#1234,.T.);
#232=FACE_BOUND('',#1235,.T.);
#233=FACE_BOUND('',#1236,.T.);
#234=FACE_BOUND('',#1237,.T.);
#235=FACE_BOUND('',#1238,.T.);
#236=FACE_BOUND('',#1239,.T.);
#237=FACE_BOUND('',#1240,.T.);
#238=FACE_BOUND('',#1241,.T.);
#239=FACE_BOUND('',#1242,.T.);
#240=FACE_BOUND('',#1243,.T.);
#241=FACE_BOUND('',#1266,.T.);
#242=FACE_BOUND('',#1267,.T.);
#243=FACE_BOUND('',#1268,.T.);
#244=FACE_BOUND('',#1269,.T.);
#245=FACE_BOUND('',#1270,.T.);
#246=FACE_BOUND('',#1271,.T.);
#247=FACE_BOUND('',#1272,.T.);
#248=FACE_BOUND('',#1273,.T.);
#249=FACE_BOUND('',#1306,.T.);
#250=FACE_BOUND('',#1307,.T.);
#251=FACE_BOUND('',#1308,.T.);
#252=FACE_BOUND('',#1309,.T.);
#253=B_SPLINE_CURVE_WITH_KNOTS('',3,(#7645,#7646,#7647,#7648,#7649),
 .UNSPECIFIED.,.F.,.F.,(4,1,4),(0.,0.0985652931889045,0.198603213787128),
 .UNSPECIFIED.);
#254=B_SPLINE_CURVE_WITH_KNOTS('',3,(#7653,#7654,#7655,#7656,#7657),
 .UNSPECIFIED.,.F.,.F.,(4,1,4),(0.,0.0985652931889045,0.198603213787128),
 .UNSPECIFIED.);
#255=B_SPLINE_CURVE_WITH_KNOTS('',3,(#7670,#7671,#7672,#7673,#7674),
 .UNSPECIFIED.,.F.,.F.,(4,1,4),(0.,0.122238336232456,0.219209286979816),
 .UNSPECIFIED.);
#256=B_SPLINE_CURVE_WITH_KNOTS('',3,(#7677,#7678,#7679,#7680,#7681),
 .UNSPECIFIED.,.F.,.F.,(4,1,4),(0.,0.122238336232456,0.219209286979816),
 .UNSPECIFIED.);
#257=B_SPLINE_CURVE_WITH_KNOTS('',3,(#7758,#7759,#7760,#7761,#7762),
 .UNSPECIFIED.,.F.,.F.,(4,1,4),(0.,0.0956792177339204,0.188857727229741),
 .UNSPECIFIED.);
#258=B_SPLINE_CURVE_WITH_KNOTS('',3,(#7766,#7767,#7768,#7769,#7770),
 .UNSPECIFIED.,.F.,.F.,(4,1,4),(0.,0.0956792177339204,0.188857727229741),
 .UNSPECIFIED.);
#259=B_SPLINE_CURVE_WITH_KNOTS('',3,(#7783,#7784,#7785,#7786,#7787),
 .UNSPECIFIED.,.F.,.F.,(4,1,4),(0.,0.125135438625103,0.232079859171693),
 .UNSPECIFIED.);
#260=B_SPLINE_CURVE_WITH_KNOTS('',3,(#7790,#7791,#7792,#7793,#7794),
 .UNSPECIFIED.,.F.,.F.,(4,1,4),(0.,0.125135438625103,0.232079859171693),
 .UNSPECIFIED.);
#261=B_SPLINE_CURVE_WITH_KNOTS('',3,(#7806,#7807,#7808,#7809,#7810),
 .UNSPECIFIED.,.F.,.F.,(4,1,4),(0.,0.0956166544077865,0.197810396256575),
 .UNSPECIFIED.);
#262=B_SPLINE_CURVE_WITH_KNOTS('',3,(#7813,#7814,#7815,#7816,#7817),
 .UNSPECIFIED.,.F.,.F.,(4,1,4),(0.,0.0956166544077865,0.197810396256575),
 .UNSPECIFIED.);
#263=B_SPLINE_CURVE_WITH_KNOTS('',3,(#7829,#7830,#7831,#7832,#7833),
 .UNSPECIFIED.,.F.,.F.,(4,1,4),(0.,0.0838951958219695,0.172975736677328),
 .UNSPECIFIED.);
#264=B_SPLINE_CURVE_WITH_KNOTS('',3,(#7836,#7837,#7838,#7839,#7840),
 .UNSPECIFIED.,.F.,.F.,(4,1,4),(0.,0.0838951958219695,0.172975736677328),
 .UNSPECIFIED.);
#265=B_SPLINE_CURVE_WITH_KNOTS('',3,(#7852,#7853,#7854,#7855,#7856),
 .UNSPECIFIED.,.F.,.F.,(4,1,4),(0.,0.0783444565911089,0.158902982214005),
 .UNSPECIFIED.);
#266=B_SPLINE_CURVE_WITH_KNOTS('',3,(#7859,#7860,#7861,#7862,#7863),
 .UNSPECIFIED.,.F.,.F.,(4,1,4),(0.,0.0783444565911089,0.158902982214005),
 .UNSPECIFIED.);
#267=B_SPLINE_CURVE_WITH_KNOTS('',3,(#7875,#7876,#7877,#7878,#7879),
 .UNSPECIFIED.,.F.,.F.,(4,1,4),(0.,0.0733879689034208,0.149899822996375),
 .UNSPECIFIED.);
#268=B_SPLINE_CURVE_WITH_KNOTS('',3,(#7882,#7883,#7884,#7885,#7886),
 .UNSPECIFIED.,.F.,.F.,(4,1,4),(0.,0.0733879689034208,0.149899822996375),
 .UNSPECIFIED.);
#269=B_SPLINE_CURVE_WITH_KNOTS('',3,(#7898,#7899,#7900,#7901,#7902),
 .UNSPECIFIED.,.F.,.F.,(4,1,4),(0.,0.0885422900725507,0.165933162369279),
 .UNSPECIFIED.);
#270=B_SPLINE_CURVE_WITH_KNOTS('',3,(#7905,#7906,#7907,#7908,#7909),
 .UNSPECIFIED.,.F.,.F.,(4,1,4),(0.,0.0885422900725507,0.165933162369279),
 .UNSPECIFIED.);
#271=B_SPLINE_CURVE_WITH_KNOTS('',3,(#7921,#7922,#7923,#7924,#7925),
 .UNSPECIFIED.,.F.,.F.,(4,1,4),(0.,0.14023187558062,0.230565768054891),
 .UNSPECIFIED.);
#272=B_SPLINE_CURVE_WITH_KNOTS('',3,(#7928,#7929,#7930,#7931,#7932),
 .UNSPECIFIED.,.F.,.F.,(4,1,4),(0.,0.14023187558062,0.230565768054891),
 .UNSPECIFIED.);
#273=B_SPLINE_CURVE_WITH_KNOTS('',3,(#7944,#7945,#7946,#7947,#7948),
 .UNSPECIFIED.,.F.,.F.,(4,1,4),(0.,0.0774486526708536,0.212882305980294),
 .UNSPECIFIED.);
#274=B_SPLINE_CURVE_WITH_KNOTS('',3,(#7951,#7952,#7953,#7954,#7955),
 .UNSPECIFIED.,.F.,.F.,(4,1,4),(0.,0.0774486526708536,0.212882305980294),
 .UNSPECIFIED.);
#275=B_SPLINE_CURVE_WITH_KNOTS('',3,(#7967,#7968,#7969,#7970,#7971),
 .UNSPECIFIED.,.F.,.F.,(4,1,4),(0.,0.0500659402485824,0.0992147721679727),
 .UNSPECIFIED.);
#276=B_SPLINE_CURVE_WITH_KNOTS('',3,(#7974,#7975,#7976,#7977,#7978),
 .UNSPECIFIED.,.F.,.F.,(4,1,4),(0.,0.0500659402485824,0.0992147721679727),
 .UNSPECIFIED.);
#277=B_SPLINE_CURVE_WITH_KNOTS('',3,(#7990,#7991,#7992,#7993,#7994),
 .UNSPECIFIED.,.F.,.F.,(4,1,4),(0.,0.0636388806766452,0.122808085421189),
 .UNSPECIFIED.);
#278=B_SPLINE_CURVE_WITH_KNOTS('',3,(#7997,#7998,#7999,#8000,#8001),
 .UNSPECIFIED.,.F.,.F.,(4,1,4),(0.,0.0636388806766452,0.122808085421189),
 .UNSPECIFIED.);
#279=B_SPLINE_CURVE_WITH_KNOTS('',3,(#8013,#8014,#8015,#8016,#8017),
 .UNSPECIFIED.,.F.,.F.,(4,1,4),(0.,0.104349665314775,0.182822329421097),
 .UNSPECIFIED.);
#280=B_SPLINE_CURVE_WITH_KNOTS('',3,(#8020,#8021,#8022,#8023,#8024),
 .UNSPECIFIED.,.F.,.F.,(4,1,4),(0.,0.104349665314775,0.182822329421097),
 .UNSPECIFIED.);
#281=B_SPLINE_CURVE_WITH_KNOTS('',3,(#8036,#8037,#8038,#8039,#8040),
 .UNSPECIFIED.,.F.,.F.,(4,1,4),(0.,0.081602898194217,0.183535625550165),
 .UNSPECIFIED.);
#282=B_SPLINE_CURVE_WITH_KNOTS('',3,(#8043,#8044,#8045,#8046,#8047),
 .UNSPECIFIED.,.F.,.F.,(4,1,4),(0.,0.081602898194217,0.183535625550165),
 .UNSPECIFIED.);
#283=B_SPLINE_CURVE_WITH_KNOTS('',3,(#8059,#8060,#8061,#8062,#8063),
 .UNSPECIFIED.,.F.,.F.,(4,1,4),(0.,0.0861879164869813,0.162309946803297),
 .UNSPECIFIED.);
#284=B_SPLINE_CURVE_WITH_KNOTS('',3,(#8066,#8067,#8068,#8069,#8070),
 .UNSPECIFIED.,.F.,.F.,(4,1,4),(0.,0.0861879164869813,0.162309946803297),
 .UNSPECIFIED.);
#285=B_SPLINE_CURVE_WITH_KNOTS('',3,(#8088,#8089,#8090,#8091,#8092),
 .UNSPECIFIED.,.F.,.F.,(4,1,4),(0.,0.0820789440905017,0.166633518481672),
 .UNSPECIFIED.);
#286=B_SPLINE_CURVE_WITH_KNOTS('',3,(#8095,#8096,#8097,#8098,#8099),
 .UNSPECIFIED.,.F.,.F.,(4,1,4),(0.,0.0820789440905017,0.166633518481672),
 .UNSPECIFIED.);
#287=B_SPLINE_CURVE_WITH_KNOTS('',3,(#8111,#8112,#8113,#8114,#8115),
 .UNSPECIFIED.,.F.,.F.,(4,1,4),(0.,0.0871852992825082,0.169760934207064),
 .UNSPECIFIED.);
#288=B_SPLINE_CURVE_WITH_KNOTS('',3,(#8118,#8119,#8120,#8121,#8122),
 .UNSPECIFIED.,.F.,.F.,(4,1,4),(0.,0.0871852992825082,0.169760934207064),
 .UNSPECIFIED.);
#289=B_SPLINE_CURVE_WITH_KNOTS('',3,(#8134,#8135,#8136,#8137,#8138),
 .UNSPECIFIED.,.F.,.F.,(4,1,4),(0.,0.105003776786748,0.200355047153999),
 .UNSPECIFIED.);
#290=B_SPLINE_CURVE_WITH_KNOTS('',3,(#8141,#8142,#8143,#8144,#8145),
 .UNSPECIFIED.,.F.,.F.,(4,1,4),(0.,0.105003776786748,0.200355047153999),
 .UNSPECIFIED.);
#291=B_SPLINE_CURVE_WITH_KNOTS('',3,(#8157,#8158,#8159,#8160,#8161),
 .UNSPECIFIED.,.F.,.F.,(4,1,4),(0.,0.090818759762009,0.187545973462264),
 .UNSPECIFIED.);
#292=B_SPLINE_CURVE_WITH_KNOTS('',3,(#8164,#8165,#8166,#8167,#8168),
 .UNSPECIFIED.,.F.,.F.,(4,1,4),(0.,0.090818759762009,0.187545973462264),
 .UNSPECIFIED.);
#293=B_SPLINE_CURVE_WITH_KNOTS('',3,(#8180,#8181,#8182,#8183,#8184),
 .UNSPECIFIED.,.F.,.F.,(4,1,4),(0.,0.0784003744822565,0.162332171450157),
 .UNSPECIFIED.);
#294=B_SPLINE_CURVE_WITH_KNOTS('',3,(#8187,#8188,#8189,#8190,#8191),
 .UNSPECIFIED.,.F.,.F.,(4,1,4),(0.,0.0784003744822565,0.162332171450157),
 .UNSPECIFIED.);
#295=B_SPLINE_CURVE_WITH_KNOTS('',3,(#8203,#8204,#8205,#8206,#8207),
 .UNSPECIFIED.,.F.,.F.,(4,1,4),(0.,0.0740273794442792,0.149548206409728),
 .UNSPECIFIED.);
#296=B_SPLINE_CURVE_WITH_KNOTS('',3,(#8210,#8211,#8212,#8213,#8214),
 .UNSPECIFIED.,.F.,.F.,(4,1,4),(0.,0.0740273794442792,0.149548206409728),
 .UNSPECIFIED.);
#297=B_SPLINE_CURVE_WITH_KNOTS('',3,(#8226,#8227,#8228,#8229,#8230),
 .UNSPECIFIED.,.F.,.F.,(4,1,4),(0.,0.064541582516366,0.130696762987331),
 .UNSPECIFIED.);
#298=B_SPLINE_CURVE_WITH_KNOTS('',3,(#8233,#8234,#8235,#8236,#8237),
 .UNSPECIFIED.,.F.,.F.,(4,1,4),(0.,0.064541582516366,0.130696762987331),
 .UNSPECIFIED.);
#299=B_SPLINE_CURVE_WITH_KNOTS('',3,(#8249,#8250,#8251,#8252,#8253),
 .UNSPECIFIED.,.F.,.F.,(4,1,4),(0.,0.075321179276689,0.142900159106198),
 .UNSPECIFIED.);
#300=B_SPLINE_CURVE_WITH_KNOTS('',3,(#8256,#8257,#8258,#8259,#8260),
 .UNSPECIFIED.,.F.,.F.,(4,1,4),(0.,0.075321179276689,0.142900159106198),
 .UNSPECIFIED.);
#301=B_SPLINE_CURVE_WITH_KNOTS('',3,(#8272,#8273,#8274,#8275,#8276),
 .UNSPECIFIED.,.F.,.F.,(4,1,4),(0.,0.121485559624757,0.203186510079455),
 .UNSPECIFIED.);
#302=B_SPLINE_CURVE_WITH_KNOTS('',3,(#8279,#8280,#8281,#8282,#8283),
 .UNSPECIFIED.,.F.,.F.,(4,1,4),(0.,0.121485559624757,0.203186510079455),
 .UNSPECIFIED.);
#303=B_SPLINE_CURVE_WITH_KNOTS('',3,(#8295,#8296,#8297,#8298,#8299),
 .UNSPECIFIED.,.F.,.F.,(4,1,4),(0.,0.0676662678020656,0.184653887967592),
 .UNSPECIFIED.);
#304=B_SPLINE_CURVE_WITH_KNOTS('',3,(#8302,#8303,#8304,#8305,#8306),
 .UNSPECIFIED.,.F.,.F.,(4,1,4),(0.,0.0676662678020656,0.184653887967592),
 .UNSPECIFIED.);
#305=B_SPLINE_CURVE_WITH_KNOTS('',3,(#8318,#8319,#8320,#8321,#8322),
 .UNSPECIFIED.,.F.,.F.,(4,1,4),(0.,0.0484907176491634,0.108625613967185),
 .UNSPECIFIED.);
#306=B_SPLINE_CURVE_WITH_KNOTS('',3,(#8325,#8326,#8327,#8328,#8329),
 .UNSPECIFIED.,.F.,.F.,(4,1,4),(0.,0.0484907176491634,0.108625613967185),
 .UNSPECIFIED.);
#307=B_SPLINE_CURVE_WITH_KNOTS('',3,(#8341,#8342,#8343,#8344,#8345),
 .UNSPECIFIED.,.F.,.F.,(4,1,4),(0.,0.0446070222431225,0.0878673433560967),
 .UNSPECIFIED.);
#308=B_SPLINE_CURVE_WITH_KNOTS('',3,(#8348,#8349,#8350,#8351,#8352),
 .UNSPECIFIED.,.F.,.F.,(4,1,4),(0.,0.0446070222431225,0.0878673433560967),
 .UNSPECIFIED.);
#309=B_SPLINE_CURVE_WITH_KNOTS('',3,(#8364,#8365,#8366,#8367,#8368),
 .UNSPECIFIED.,.F.,.F.,(4,1,4),(0.,0.0461825631038037,0.0913347086629214),
 .UNSPECIFIED.);
#310=B_SPLINE_CURVE_WITH_KNOTS('',3,(#8371,#8372,#8373,#8374,#8375),
 .UNSPECIFIED.,.F.,.F.,(4,1,4),(0.,0.0461825631038037,0.0913347086629214),
 .UNSPECIFIED.);
#311=B_SPLINE_CURVE_WITH_KNOTS('',3,(#8387,#8388,#8389,#8390,#8391),
 .UNSPECIFIED.,.F.,.F.,(4,1,4),(0.,0.0571739214260492,0.107218884908915),
 .UNSPECIFIED.);
#312=B_SPLINE_CURVE_WITH_KNOTS('',3,(#8394,#8395,#8396,#8397,#8398),
 .UNSPECIFIED.,.F.,.F.,(4,1,4),(0.,0.0571739214260492,0.107218884908915),
 .UNSPECIFIED.);
#313=B_SPLINE_CURVE_WITH_KNOTS('',3,(#8410,#8411,#8412,#8413,#8414),
 .UNSPECIFIED.,.F.,.F.,(4,1,4),(0.,0.0715041692849536,0.136161425045531),
 .UNSPECIFIED.);
#314=B_SPLINE_CURVE_WITH_KNOTS('',3,(#8417,#8418,#8419,#8420,#8421),
 .UNSPECIFIED.,.F.,.F.,(4,1,4),(0.,0.0715041692849536,0.136161425045531),
 .UNSPECIFIED.);
#315=B_SPLINE_CURVE_WITH_KNOTS('',3,(#8433,#8434,#8435,#8436,#8437),
 .UNSPECIFIED.,.F.,.F.,(4,1,4),(0.,0.0758161458923046,0.157157822942655),
 .UNSPECIFIED.);
#316=B_SPLINE_CURVE_WITH_KNOTS('',3,(#8440,#8441,#8442,#8443,#8444),
 .UNSPECIFIED.,.F.,.F.,(4,1,4),(0.,0.0758161458923046,0.157157822942655),
 .UNSPECIFIED.);
#317=B_SPLINE_CURVE_WITH_KNOTS('',3,(#8456,#8457,#8458,#8459,#8460),
 .UNSPECIFIED.,.F.,.F.,(4,1,4),(0.,0.060009742269638,0.128468816795528),
 .UNSPECIFIED.);
#318=B_SPLINE_CURVE_WITH_KNOTS('',3,(#8463,#8464,#8465,#8466,#8467),
 .UNSPECIFIED.,.F.,.F.,(4,1,4),(0.,0.060009742269638,0.128468816795528),
 .UNSPECIFIED.);
#319=B_SPLINE_CURVE_WITH_KNOTS('',3,(#8479,#8480,#8481,#8482,#8483),
 .UNSPECIFIED.,.F.,.F.,(4,1,4),(0.,0.0698728946382331,0.130775089022834),
 .UNSPECIFIED.);
#320=B_SPLINE_CURVE_WITH_KNOTS('',3,(#8486,#8487,#8488,#8489,#8490),
 .UNSPECIFIED.,.F.,.F.,(4,1,4),(0.,0.0698728946382331,0.130775089022834),
 .UNSPECIFIED.);
#321=B_SPLINE_CURVE_WITH_KNOTS('',3,(#8507,#8508,#8509,#8510,#8511),
 .UNSPECIFIED.,.F.,.F.,(4,1,4),(0.,0.0935652159196424,0.189827415537454),
 .UNSPECIFIED.);
#322=B_SPLINE_CURVE_WITH_KNOTS('',3,(#8512,#8513,#8514,#8515,#8516),
 .UNSPECIFIED.,.F.,.F.,(4,1,4),(0.,0.0935652159196424,0.189827415537454),
 .UNSPECIFIED.);
#323=B_SPLINE_CURVE_WITH_KNOTS('',3,(#8530,#8531,#8532,#8533,#8534),
 .UNSPECIFIED.,.F.,.F.,(4,1,4),(0.,0.103904401151408,0.20209408292362),
 .UNSPECIFIED.);
#324=B_SPLINE_CURVE_WITH_KNOTS('',3,(#8538,#8539,#8540,#8541,#8542),
 .UNSPECIFIED.,.F.,.F.,(4,1,4),(0.,0.103904401151408,0.20209408292362),
 .UNSPECIFIED.);
#325=B_SPLINE_CURVE_WITH_KNOTS('',3,(#8555,#8556,#8557,#8558,#8559),
 .UNSPECIFIED.,.F.,.F.,(4,1,4),(0.,0.0889859665988271,0.177932778266378),
 .UNSPECIFIED.);
#326=B_SPLINE_CURVE_WITH_KNOTS('',3,(#8562,#8563,#8564,#8565,#8566),
 .UNSPECIFIED.,.F.,.F.,(4,1,4),(0.,0.0889859665988271,0.177932778266378),
 .UNSPECIFIED.);
#327=B_SPLINE_CURVE_WITH_KNOTS('',3,(#8578,#8579,#8580,#8581,#8582),
 .UNSPECIFIED.,.F.,.F.,(4,1,4),(0.,0.0957441197804067,0.185926901286367),
 .UNSPECIFIED.);
#328=B_SPLINE_CURVE_WITH_KNOTS('',3,(#8585,#8586,#8587,#8588,#8589),
 .UNSPECIFIED.,.F.,.F.,(4,1,4),(0.,0.0957441197804067,0.185926901286367),
 .UNSPECIFIED.);
#329=B_SPLINE_CURVE_WITH_KNOTS('',3,(#8601,#8602,#8603,#8604,#8605),
 .UNSPECIFIED.,.F.,.F.,(4,1,4),(0.,0.119818704277979,0.226773869113911),
 .UNSPECIFIED.);
#330=B_SPLINE_CURVE_WITH_KNOTS('',3,(#8608,#8609,#8610,#8611,#8612),
 .UNSPECIFIED.,.F.,.F.,(4,1,4),(0.,0.119818704277979,0.226773869113911),
 .UNSPECIFIED.);
#331=B_SPLINE_CURVE_WITH_KNOTS('',3,(#8624,#8625,#8626,#8627,#8628),
 .UNSPECIFIED.,.F.,.F.,(4,1,4),(0.,0.0974443723293348,0.195218876626016),
 .UNSPECIFIED.);
#332=B_SPLINE_CURVE_WITH_KNOTS('',3,(#8631,#8632,#8633,#8634,#8635),
 .UNSPECIFIED.,.F.,.F.,(4,1,4),(0.,0.0974443723293348,0.195218876626016),
 .UNSPECIFIED.);
#333=B_SPLINE_CURVE_WITH_KNOTS('',3,(#8647,#8648,#8649,#8650,#8651),
 .UNSPECIFIED.,.F.,.F.,(4,1,4),(0.,0.0923715430080526,0.186372068271384),
 .UNSPECIFIED.);
#334=B_SPLINE_CURVE_WITH_KNOTS('',3,(#8654,#8655,#8656,#8657,#8658),
 .UNSPECIFIED.,.F.,.F.,(4,1,4),(0.,0.0923715430080526,0.186372068271384),
 .UNSPECIFIED.);
#335=B_SPLINE_CURVE_WITH_KNOTS('',3,(#8670,#8671,#8672,#8673,#8674),
 .UNSPECIFIED.,.F.,.F.,(4,1,4),(0.,0.106712933401187,0.202974970735082),
 .UNSPECIFIED.);
#336=B_SPLINE_CURVE_WITH_KNOTS('',3,(#8677,#8678,#8679,#8680,#8681),
 .UNSPECIFIED.,.F.,.F.,(4,1,4),(0.,0.106712933401187,0.202974970735082),
 .UNSPECIFIED.);
#337=B_SPLINE_CURVE_WITH_KNOTS('',3,(#8693,#8694,#8695,#8696,#8697),
 .UNSPECIFIED.,.F.,.F.,(4,1,4),(0.,0.0835093264037595,0.17609637426324),
 .UNSPECIFIED.);
#338=B_SPLINE_CURVE_WITH_KNOTS('',3,(#8700,#8701,#8702,#8703,#8704),
 .UNSPECIFIED.,.F.,.F.,(4,1,4),(0.,0.0835093264037595,0.17609637426324),
 .UNSPECIFIED.);
#339=B_SPLINE_CURVE_WITH_KNOTS('',3,(#8716,#8717,#8718,#8719,#8720),
 .UNSPECIFIED.,.F.,.F.,(4,1,4),(0.,0.103493395403069,0.190548987259856),
 .UNSPECIFIED.);
#340=B_SPLINE_CURVE_WITH_KNOTS('',3,(#8723,#8724,#8725,#8726,#8727),
 .UNSPECIFIED.,.F.,.F.,(4,1,4),(0.,0.103493395403069,0.190548987259856),
 .UNSPECIFIED.);
#341=B_SPLINE_CURVE_WITH_KNOTS('',3,(#8745,#8746,#8747,#8748,#8749),
 .UNSPECIFIED.,.F.,.F.,(4,1,4),(0.,0.126424203747851,0.26143242605516),
 .UNSPECIFIED.);
#342=B_SPLINE_CURVE_WITH_KNOTS('',3,(#8752,#8753,#8754,#8755,#8756),
 .UNSPECIFIED.,.F.,.F.,(4,1,4),(0.,0.126424203747851,0.26143242605516),
 .UNSPECIFIED.);
#343=B_SPLINE_CURVE_WITH_KNOTS('',3,(#8768,#8769,#8770,#8771,#8772),
 .UNSPECIFIED.,.F.,.F.,(4,1,4),(0.,0.139445370341575,0.267264215958324),
 .UNSPECIFIED.);
#344=B_SPLINE_CURVE_WITH_KNOTS('',3,(#8775,#8776,#8777,#8778,#8779),
 .UNSPECIFIED.,.F.,.F.,(4,1,4),(0.,0.139445370341575,0.267264215958324),
 .UNSPECIFIED.);
#345=B_SPLINE_CURVE_WITH_KNOTS('',3,(#8791,#8792,#8793,#8794,#8795),
 .UNSPECIFIED.,.F.,.F.,(4,1,4),(0.,0.124248951325921,0.251934539313776),
 .UNSPECIFIED.);
#346=B_SPLINE_CURVE_WITH_KNOTS('',3,(#8798,#8799,#8800,#8801,#8802),
 .UNSPECIFIED.,.F.,.F.,(4,1,4),(0.,0.124248951325921,0.251934539313776),
 .UNSPECIFIED.);
#347=B_SPLINE_CURVE_WITH_KNOTS('',3,(#8814,#8815,#8816,#8817,#8818),
 .UNSPECIFIED.,.F.,.F.,(4,1,4),(0.,0.12528895008717,0.247939428770312),
 .UNSPECIFIED.);
#348=B_SPLINE_CURVE_WITH_KNOTS('',3,(#8821,#8822,#8823,#8824,#8825),
 .UNSPECIFIED.,.F.,.F.,(4,1,4),(0.,0.12528895008717,0.247939428770312),
 .UNSPECIFIED.);
#349=B_SPLINE_CURVE_WITH_KNOTS('',3,(#8837,#8838,#8839,#8840,#8841),
 .UNSPECIFIED.,.F.,.F.,(4,1,4),(0.,0.146990506227733,0.280968965885061),
 .UNSPECIFIED.);
#350=B_SPLINE_CURVE_WITH_KNOTS('',3,(#8844,#8845,#8846,#8847,#8848),
 .UNSPECIFIED.,.F.,.F.,(4,1,4),(0.,0.146990506227733,0.280968965885061),
 .UNSPECIFIED.);
#351=B_SPLINE_CURVE_WITH_KNOTS('',3,(#8860,#8861,#8862,#8863,#8864),
 .UNSPECIFIED.,.F.,.F.,(4,1,4),(0.,0.135370196611113,0.274641474865299),
 .UNSPECIFIED.);
#352=B_SPLINE_CURVE_WITH_KNOTS('',3,(#8867,#8868,#8869,#8870,#8871),
 .UNSPECIFIED.,.F.,.F.,(4,1,4),(0.,0.135370196611113,0.274641474865299),
 .UNSPECIFIED.);
#353=B_SPLINE_CURVE_WITH_KNOTS('',3,(#8883,#8884,#8885,#8886,#8887),
 .UNSPECIFIED.,.F.,.F.,(4,1,4),(0.,0.120195991694404,0.248019178537103),
 .UNSPECIFIED.);
#354=B_SPLINE_CURVE_WITH_KNOTS('',3,(#8890,#8891,#8892,#8893,#8894),
 .UNSPECIFIED.,.F.,.F.,(4,1,4),(0.,0.120195991694404,0.248019178537103),
 .UNSPECIFIED.);
#355=B_SPLINE_CURVE_WITH_KNOTS('',3,(#8906,#8907,#8908,#8909,#8910),
 .UNSPECIFIED.,.F.,.F.,(4,1,4),(0.,0.147493275031534,0.273919023684884),
 .UNSPECIFIED.);
#356=B_SPLINE_CURVE_WITH_KNOTS('',3,(#8913,#8914,#8915,#8916,#8917),
 .UNSPECIFIED.,.F.,.F.,(4,1,4),(0.,0.147493275031534,0.273919023684884),
 .UNSPECIFIED.);
#357=B_SPLINE_CURVE_WITH_KNOTS('',3,(#8929,#8930,#8931,#8932,#8933),
 .UNSPECIFIED.,.F.,.F.,(4,1,4),(0.,0.136220097367747,0.2819846161107),
 .UNSPECIFIED.);
#358=B_SPLINE_CURVE_WITH_KNOTS('',3,(#8936,#8937,#8938,#8939,#8940),
 .UNSPECIFIED.,.F.,.F.,(4,1,4),(0.,0.136220097367747,0.2819846161107),
 .UNSPECIFIED.);
#359=B_SPLINE_CURVE_WITH_KNOTS('',3,(#8952,#8953,#8954,#8955,#8956),
 .UNSPECIFIED.,.F.,.F.,(4,1,4),(0.,0.155027677624566,0.294267067125978),
 .UNSPECIFIED.);
#360=B_SPLINE_CURVE_WITH_KNOTS('',3,(#8959,#8960,#8961,#8962,#8963),
 .UNSPECIFIED.,.F.,.F.,(4,1,4),(0.,0.155027677624566,0.294267067125978),
 .UNSPECIFIED.);
#361=B_SPLINE_CURVE_WITH_KNOTS('',3,(#8980,#8981,#8982,#8983,#8984),
 .UNSPECIFIED.,.F.,.F.,(4,1,4),(0.,0.102564830180063,0.220156545516387),
 .UNSPECIFIED.);
#362=B_SPLINE_CURVE_WITH_KNOTS('',3,(#8985,#8986,#8987,#8988,#8989),
 .UNSPECIFIED.,.F.,.F.,(4,1,4),(0.,0.102564830180063,0.220156545516387),
 .UNSPECIFIED.);
#363=B_SPLINE_CURVE_WITH_KNOTS('',3,(#9301,#9302,#9303,#9304,#9305,#9306,
#9307,#9308,#9309,#9310),.UNSPECIFIED.,.F.,.F.,(4,2,2,2,4),(0.,0.11538892139208,
0.230777842784161,0.308962531186647,0.387147219589133),.UNSPECIFIED.);
#364=B_SPLINE_CURVE_WITH_KNOTS('',3,(#9314,#9315,#9316,#9317,#9318,#9319,
#9320,#9321,#9322,#9323),.UNSPECIFIED.,.F.,.F.,(4,2,2,2,4),(1.00558421532994,
1.08376890373242,1.16195359213491,1.27734251352699,1.39273143491907),
 .UNSPECIFIED.);
#365=B_SPLINE_CURVE_WITH_KNOTS('',3,(#9503,#9504,#9505,#9506,#9507),
 .UNSPECIFIED.,.F.,.F.,(4,1,4),(0.,0.0985652931889045,0.198603213787128),
 .UNSPECIFIED.);
#366=B_SPLINE_CURVE_WITH_KNOTS('',3,(#9511,#9512,#9513,#9514,#9515),
 .UNSPECIFIED.,.F.,.F.,(4,1,4),(0.,0.0985652931889045,0.198603213787128),
 .UNSPECIFIED.);
#367=B_SPLINE_CURVE_WITH_KNOTS('',3,(#9528,#9529,#9530,#9531,#9532),
 .UNSPECIFIED.,.F.,.F.,(4,1,4),(0.,0.122238336232456,0.219209286979816),
 .UNSPECIFIED.);
#368=B_SPLINE_CURVE_WITH_KNOTS('',3,(#9535,#9536,#9537,#9538,#9539),
 .UNSPECIFIED.,.F.,.F.,(4,1,4),(0.,0.122238336232456,0.219209286979816),
 .UNSPECIFIED.);
#369=B_SPLINE_CURVE_WITH_KNOTS('',3,(#9616,#9617,#9618,#9619,#9620),
 .UNSPECIFIED.,.F.,.F.,(4,1,4),(0.,0.0956792177339204,0.188857727229741),
 .UNSPECIFIED.);
#370=B_SPLINE_CURVE_WITH_KNOTS('',3,(#9624,#9625,#9626,#9627,#9628),
 .UNSPECIFIED.,.F.,.F.,(4,1,4),(0.,0.0956792177339204,0.188857727229741),
 .UNSPECIFIED.);
#371=B_SPLINE_CURVE_WITH_KNOTS('',3,(#9641,#9642,#9643,#9644,#9645),
 .UNSPECIFIED.,.F.,.F.,(4,1,4),(0.,0.125135438625103,0.232079859171693),
 .UNSPECIFIED.);
#372=B_SPLINE_CURVE_WITH_KNOTS('',3,(#9648,#9649,#9650,#9651,#9652),
 .UNSPECIFIED.,.F.,.F.,(4,1,4),(0.,0.125135438625103,0.232079859171693),
 .UNSPECIFIED.);
#373=B_SPLINE_CURVE_WITH_KNOTS('',3,(#9664,#9665,#9666,#9667,#9668),
 .UNSPECIFIED.,.F.,.F.,(4,1,4),(0.,0.0956166544077865,0.197810396256575),
 .UNSPECIFIED.);
#374=B_SPLINE_CURVE_WITH_KNOTS('',3,(#9671,#9672,#9673,#9674,#9675),
 .UNSPECIFIED.,.F.,.F.,(4,1,4),(0.,0.0956166544077865,0.197810396256575),
 .UNSPECIFIED.);
#375=B_SPLINE_CURVE_WITH_KNOTS('',3,(#9687,#9688,#9689,#9690,#9691),
 .UNSPECIFIED.,.F.,.F.,(4,1,4),(0.,0.0838951958219695,0.172975736677328),
 .UNSPECIFIED.);
#376=B_SPLINE_CURVE_WITH_KNOTS('',3,(#9694,#9695,#9696,#9697,#9698),
 .UNSPECIFIED.,.F.,.F.,(4,1,4),(0.,0.0838951958219695,0.172975736677328),
 .UNSPECIFIED.);
#377=B_SPLINE_CURVE_WITH_KNOTS('',3,(#9710,#9711,#9712,#9713,#9714),
 .UNSPECIFIED.,.F.,.F.,(4,1,4),(0.,0.0783444565911089,0.158902982214005),
 .UNSPECIFIED.);
#378=B_SPLINE_CURVE_WITH_KNOTS('',3,(#9717,#9718,#9719,#9720,#9721),
 .UNSPECIFIED.,.F.,.F.,(4,1,4),(0.,0.0783444565911089,0.158902982214005),
 .UNSPECIFIED.);
#379=B_SPLINE_CURVE_WITH_KNOTS('',3,(#9733,#9734,#9735,#9736,#9737),
 .UNSPECIFIED.,.F.,.F.,(4,1,4),(0.,0.0733879689034208,0.149899822996375),
 .UNSPECIFIED.);
#380=B_SPLINE_CURVE_WITH_KNOTS('',3,(#9740,#9741,#9742,#9743,#9744),
 .UNSPECIFIED.,.F.,.F.,(4,1,4),(0.,0.0733879689034208,0.149899822996375),
 .UNSPECIFIED.);
#381=B_SPLINE_CURVE_WITH_KNOTS('',3,(#9756,#9757,#9758,#9759,#9760),
 .UNSPECIFIED.,.F.,.F.,(4,1,4),(0.,0.0885422900725507,0.165933162369279),
 .UNSPECIFIED.);
#382=B_SPLINE_CURVE_WITH_KNOTS('',3,(#9763,#9764,#9765,#9766,#9767),
 .UNSPECIFIED.,.F.,.F.,(4,1,4),(0.,0.0885422900725507,0.165933162369279),
 .UNSPECIFIED.);
#383=B_SPLINE_CURVE_WITH_KNOTS('',3,(#9779,#9780,#9781,#9782,#9783),
 .UNSPECIFIED.,.F.,.F.,(4,1,4),(0.,0.14023187558062,0.230565768054891),
 .UNSPECIFIED.);
#384=B_SPLINE_CURVE_WITH_KNOTS('',3,(#9786,#9787,#9788,#9789,#9790),
 .UNSPECIFIED.,.F.,.F.,(4,1,4),(0.,0.14023187558062,0.230565768054891),
 .UNSPECIFIED.);
#385=B_SPLINE_CURVE_WITH_KNOTS('',3,(#9802,#9803,#9804,#9805,#9806),
 .UNSPECIFIED.,.F.,.F.,(4,1,4),(0.,0.0774486526708536,0.212882305980294),
 .UNSPECIFIED.);
#386=B_SPLINE_CURVE_WITH_KNOTS('',3,(#9809,#9810,#9811,#9812,#9813),
 .UNSPECIFIED.,.F.,.F.,(4,1,4),(0.,0.0774486526708536,0.212882305980294),
 .UNSPECIFIED.);
#387=B_SPLINE_CURVE_WITH_KNOTS('',3,(#9825,#9826,#9827,#9828,#9829),
 .UNSPECIFIED.,.F.,.F.,(4,1,4),(0.,0.0500659402485824,0.0992147721679727),
 .UNSPECIFIED.);
#388=B_SPLINE_CURVE_WITH_KNOTS('',3,(#9832,#9833,#9834,#9835,#9836),
 .UNSPECIFIED.,.F.,.F.,(4,1,4),(0.,0.0500659402485824,0.0992147721679727),
 .UNSPECIFIED.);
#389=B_SPLINE_CURVE_WITH_KNOTS('',3,(#9848,#9849,#9850,#9851,#9852),
 .UNSPECIFIED.,.F.,.F.,(4,1,4),(0.,0.0636388806766452,0.122808085421189),
 .UNSPECIFIED.);
#390=B_SPLINE_CURVE_WITH_KNOTS('',3,(#9855,#9856,#9857,#9858,#9859),
 .UNSPECIFIED.,.F.,.F.,(4,1,4),(0.,0.0636388806766452,0.122808085421189),
 .UNSPECIFIED.);
#391=B_SPLINE_CURVE_WITH_KNOTS('',3,(#9871,#9872,#9873,#9874,#9875),
 .UNSPECIFIED.,.F.,.F.,(4,1,4),(0.,0.104349665314775,0.182822329421097),
 .UNSPECIFIED.);
#392=B_SPLINE_CURVE_WITH_KNOTS('',3,(#9878,#9879,#9880,#9881,#9882),
 .UNSPECIFIED.,.F.,.F.,(4,1,4),(0.,0.104349665314775,0.182822329421097),
 .UNSPECIFIED.);
#393=B_SPLINE_CURVE_WITH_KNOTS('',3,(#9894,#9895,#9896,#9897,#9898),
 .UNSPECIFIED.,.F.,.F.,(4,1,4),(0.,0.081602898194217,0.183535625550165),
 .UNSPECIFIED.);
#394=B_SPLINE_CURVE_WITH_KNOTS('',3,(#9901,#9902,#9903,#9904,#9905),
 .UNSPECIFIED.,.F.,.F.,(4,1,4),(0.,0.081602898194217,0.183535625550165),
 .UNSPECIFIED.);
#395=B_SPLINE_CURVE_WITH_KNOTS('',3,(#9917,#9918,#9919,#9920,#9921),
 .UNSPECIFIED.,.F.,.F.,(4,1,4),(0.,0.0861879164869813,0.162309946803297),
 .UNSPECIFIED.);
#396=B_SPLINE_CURVE_WITH_KNOTS('',3,(#9924,#9925,#9926,#9927,#9928),
 .UNSPECIFIED.,.F.,.F.,(4,1,4),(0.,0.0861879164869813,0.162309946803297),
 .UNSPECIFIED.);
#397=B_SPLINE_CURVE_WITH_KNOTS('',3,(#9946,#9947,#9948,#9949,#9950),
 .UNSPECIFIED.,.F.,.F.,(4,1,4),(0.,0.0820789440905017,0.166633518481672),
 .UNSPECIFIED.);
#398=B_SPLINE_CURVE_WITH_KNOTS('',3,(#9953,#9954,#9955,#9956,#9957),
 .UNSPECIFIED.,.F.,.F.,(4,1,4),(0.,0.0820789440905017,0.166633518481672),
 .UNSPECIFIED.);
#399=B_SPLINE_CURVE_WITH_KNOTS('',3,(#9969,#9970,#9971,#9972,#9973),
 .UNSPECIFIED.,.F.,.F.,(4,1,4),(0.,0.0871852992825082,0.169760934207064),
 .UNSPECIFIED.);
#400=B_SPLINE_CURVE_WITH_KNOTS('',3,(#9976,#9977,#9978,#9979,#9980),
 .UNSPECIFIED.,.F.,.F.,(4,1,4),(0.,0.0871852992825082,0.169760934207064),
 .UNSPECIFIED.);
#401=B_SPLINE_CURVE_WITH_KNOTS('',3,(#9992,#9993,#9994,#9995,#9996),
 .UNSPECIFIED.,.F.,.F.,(4,1,4),(0.,0.105003776786748,0.200355047153999),
 .UNSPECIFIED.);
#402=B_SPLINE_CURVE_WITH_KNOTS('',3,(#9999,#10000,#10001,#10002,#10003),
 .UNSPECIFIED.,.F.,.F.,(4,1,4),(0.,0.105003776786748,0.200355047153999),
 .UNSPECIFIED.);
#403=B_SPLINE_CURVE_WITH_KNOTS('',3,(#10015,#10016,#10017,#10018,#10019),
 .UNSPECIFIED.,.F.,.F.,(4,1,4),(0.,0.090818759762009,0.187545973462264),
 .UNSPECIFIED.);
#404=B_SPLINE_CURVE_WITH_KNOTS('',3,(#10022,#10023,#10024,#10025,#10026),
 .UNSPECIFIED.,.F.,.F.,(4,1,4),(0.,0.090818759762009,0.187545973462264),
 .UNSPECIFIED.);
#405=B_SPLINE_CURVE_WITH_KNOTS('',3,(#10038,#10039,#10040,#10041,#10042),
 .UNSPECIFIED.,.F.,.F.,(4,1,4),(0.,0.0784003744822565,0.162332171450157),
 .UNSPECIFIED.);
#406=B_SPLINE_CURVE_WITH_KNOTS('',3,(#10045,#10046,#10047,#10048,#10049),
 .UNSPECIFIED.,.F.,.F.,(4,1,4),(0.,0.0784003744822565,0.162332171450157),
 .UNSPECIFIED.);
#407=B_SPLINE_CURVE_WITH_KNOTS('',3,(#10061,#10062,#10063,#10064,#10065),
 .UNSPECIFIED.,.F.,.F.,(4,1,4),(0.,0.0740273794442792,0.149548206409728),
 .UNSPECIFIED.);
#408=B_SPLINE_CURVE_WITH_KNOTS('',3,(#10068,#10069,#10070,#10071,#10072),
 .UNSPECIFIED.,.F.,.F.,(4,1,4),(0.,0.0740273794442792,0.149548206409728),
 .UNSPECIFIED.);
#409=B_SPLINE_CURVE_WITH_KNOTS('',3,(#10084,#10085,#10086,#10087,#10088),
 .UNSPECIFIED.,.F.,.F.,(4,1,4),(0.,0.064541582516366,0.130696762987331),
 .UNSPECIFIED.);
#410=B_SPLINE_CURVE_WITH_KNOTS('',3,(#10091,#10092,#10093,#10094,#10095),
 .UNSPECIFIED.,.F.,.F.,(4,1,4),(0.,0.064541582516366,0.130696762987331),
 .UNSPECIFIED.);
#411=B_SPLINE_CURVE_WITH_KNOTS('',3,(#10107,#10108,#10109,#10110,#10111),
 .UNSPECIFIED.,.F.,.F.,(4,1,4),(0.,0.075321179276689,0.142900159106198),
 .UNSPECIFIED.);
#412=B_SPLINE_CURVE_WITH_KNOTS('',3,(#10114,#10115,#10116,#10117,#10118),
 .UNSPECIFIED.,.F.,.F.,(4,1,4),(0.,0.075321179276689,0.142900159106198),
 .UNSPECIFIED.);
#413=B_SPLINE_CURVE_WITH_KNOTS('',3,(#10130,#10131,#10132,#10133,#10134),
 .UNSPECIFIED.,.F.,.F.,(4,1,4),(0.,0.121485559624757,0.203186510079455),
 .UNSPECIFIED.);
#414=B_SPLINE_CURVE_WITH_KNOTS('',3,(#10137,#10138,#10139,#10140,#10141),
 .UNSPECIFIED.,.F.,.F.,(4,1,4),(0.,0.121485559624757,0.203186510079455),
 .UNSPECIFIED.);
#415=B_SPLINE_CURVE_WITH_KNOTS('',3,(#10153,#10154,#10155,#10156,#10157),
 .UNSPECIFIED.,.F.,.F.,(4,1,4),(0.,0.0676662678020656,0.184653887967592),
 .UNSPECIFIED.);
#416=B_SPLINE_CURVE_WITH_KNOTS('',3,(#10160,#10161,#10162,#10163,#10164),
 .UNSPECIFIED.,.F.,.F.,(4,1,4),(0.,0.0676662678020656,0.184653887967592),
 .UNSPECIFIED.);
#417=B_SPLINE_CURVE_WITH_KNOTS('',3,(#10176,#10177,#10178,#10179,#10180),
 .UNSPECIFIED.,.F.,.F.,(4,1,4),(0.,0.0484907176491634,0.108625613967185),
 .UNSPECIFIED.);
#418=B_SPLINE_CURVE_WITH_KNOTS('',3,(#10183,#10184,#10185,#10186,#10187),
 .UNSPECIFIED.,.F.,.F.,(4,1,4),(0.,0.0484907176491634,0.108625613967185),
 .UNSPECIFIED.);
#419=B_SPLINE_CURVE_WITH_KNOTS('',3,(#10199,#10200,#10201,#10202,#10203),
 .UNSPECIFIED.,.F.,.F.,(4,1,4),(0.,0.0446070222431225,0.0878673433560967),
 .UNSPECIFIED.);
#420=B_SPLINE_CURVE_WITH_KNOTS('',3,(#10206,#10207,#10208,#10209,#10210),
 .UNSPECIFIED.,.F.,.F.,(4,1,4),(0.,0.0446070222431225,0.0878673433560967),
 .UNSPECIFIED.);
#421=B_SPLINE_CURVE_WITH_KNOTS('',3,(#10222,#10223,#10224,#10225,#10226),
 .UNSPECIFIED.,.F.,.F.,(4,1,4),(0.,0.0461825631038037,0.0913347086629214),
 .UNSPECIFIED.);
#422=B_SPLINE_CURVE_WITH_KNOTS('',3,(#10229,#10230,#10231,#10232,#10233),
 .UNSPECIFIED.,.F.,.F.,(4,1,4),(0.,0.0461825631038037,0.0913347086629214),
 .UNSPECIFIED.);
#423=B_SPLINE_CURVE_WITH_KNOTS('',3,(#10245,#10246,#10247,#10248,#10249),
 .UNSPECIFIED.,.F.,.F.,(4,1,4),(0.,0.0571739214260492,0.107218884908915),
 .UNSPECIFIED.);
#424=B_SPLINE_CURVE_WITH_KNOTS('',3,(#10252,#10253,#10254,#10255,#10256),
 .UNSPECIFIED.,.F.,.F.,(4,1,4),(0.,0.0571739214260492,0.107218884908915),
 .UNSPECIFIED.);
#425=B_SPLINE_CURVE_WITH_KNOTS('',3,(#10268,#10269,#10270,#10271,#10272),
 .UNSPECIFIED.,.F.,.F.,(4,1,4),(0.,0.0715041692849536,0.136161425045531),
 .UNSPECIFIED.);
#426=B_SPLINE_CURVE_WITH_KNOTS('',3,(#10275,#10276,#10277,#10278,#10279),
 .UNSPECIFIED.,.F.,.F.,(4,1,4),(0.,0.0715041692849536,0.136161425045531),
 .UNSPECIFIED.);
#427=B_SPLINE_CURVE_WITH_KNOTS('',3,(#10291,#10292,#10293,#10294,#10295),
 .UNSPECIFIED.,.F.,.F.,(4,1,4),(0.,0.0758161458923046,0.157157822942655),
 .UNSPECIFIED.);
#428=B_SPLINE_CURVE_WITH_KNOTS('',3,(#10298,#10299,#10300,#10301,#10302),
 .UNSPECIFIED.,.F.,.F.,(4,1,4),(0.,0.0758161458923046,0.157157822942655),
 .UNSPECIFIED.);
#429=B_SPLINE_CURVE_WITH_KNOTS('',3,(#10314,#10315,#10316,#10317,#10318),
 .UNSPECIFIED.,.F.,.F.,(4,1,4),(0.,0.060009742269638,0.128468816795528),
 .UNSPECIFIED.);
#430=B_SPLINE_CURVE_WITH_KNOTS('',3,(#10321,#10322,#10323,#10324,#10325),
 .UNSPECIFIED.,.F.,.F.,(4,1,4),(0.,0.060009742269638,0.128468816795528),
 .UNSPECIFIED.);
#431=B_SPLINE_CURVE_WITH_KNOTS('',3,(#10337,#10338,#10339,#10340,#10341),
 .UNSPECIFIED.,.F.,.F.,(4,1,4),(0.,0.0698728946382331,0.130775089022834),
 .UNSPECIFIED.);
#432=B_SPLINE_CURVE_WITH_KNOTS('',3,(#10344,#10345,#10346,#10347,#10348),
 .UNSPECIFIED.,.F.,.F.,(4,1,4),(0.,0.0698728946382331,0.130775089022834),
 .UNSPECIFIED.);
#433=B_SPLINE_CURVE_WITH_KNOTS('',3,(#10365,#10366,#10367,#10368,#10369),
 .UNSPECIFIED.,.F.,.F.,(4,1,4),(0.,0.0935652159196424,0.189827415537454),
 .UNSPECIFIED.);
#434=B_SPLINE_CURVE_WITH_KNOTS('',3,(#10370,#10371,#10372,#10373,#10374),
 .UNSPECIFIED.,.F.,.F.,(4,1,4),(0.,0.0935652159196424,0.189827415537454),
 .UNSPECIFIED.);
#435=B_SPLINE_CURVE_WITH_KNOTS('',3,(#10388,#10389,#10390,#10391,#10392),
 .UNSPECIFIED.,.F.,.F.,(4,1,4),(0.,0.103904401151408,0.20209408292362),
 .UNSPECIFIED.);
#436=B_SPLINE_CURVE_WITH_KNOTS('',3,(#10396,#10397,#10398,#10399,#10400),
 .UNSPECIFIED.,.F.,.F.,(4,1,4),(0.,0.103904401151408,0.20209408292362),
 .UNSPECIFIED.);
#437=B_SPLINE_CURVE_WITH_KNOTS('',3,(#10413,#10414,#10415,#10416,#10417),
 .UNSPECIFIED.,.F.,.F.,(4,1,4),(0.,0.0889859665988271,0.177932778266378),
 .UNSPECIFIED.);
#438=B_SPLINE_CURVE_WITH_KNOTS('',3,(#10420,#10421,#10422,#10423,#10424),
 .UNSPECIFIED.,.F.,.F.,(4,1,4),(0.,0.0889859665988271,0.177932778266378),
 .UNSPECIFIED.);
#439=B_SPLINE_CURVE_WITH_KNOTS('',3,(#10436,#10437,#10438,#10439,#10440),
 .UNSPECIFIED.,.F.,.F.,(4,1,4),(0.,0.0957441197804067,0.185926901286367),
 .UNSPECIFIED.);
#440=B_SPLINE_CURVE_WITH_KNOTS('',3,(#10443,#10444,#10445,#10446,#10447),
 .UNSPECIFIED.,.F.,.F.,(4,1,4),(0.,0.0957441197804067,0.185926901286367),
 .UNSPECIFIED.);
#441=B_SPLINE_CURVE_WITH_KNOTS('',3,(#10459,#10460,#10461,#10462,#10463),
 .UNSPECIFIED.,.F.,.F.,(4,1,4),(0.,0.119818704277979,0.226773869113911),
 .UNSPECIFIED.);
#442=B_SPLINE_CURVE_WITH_KNOTS('',3,(#10466,#10467,#10468,#10469,#10470),
 .UNSPECIFIED.,.F.,.F.,(4,1,4),(0.,0.119818704277979,0.226773869113911),
 .UNSPECIFIED.);
#443=B_SPLINE_CURVE_WITH_KNOTS('',3,(#10482,#10483,#10484,#10485,#10486),
 .UNSPECIFIED.,.F.,.F.,(4,1,4),(0.,0.0974443723293348,0.195218876626016),
 .UNSPECIFIED.);
#444=B_SPLINE_CURVE_WITH_KNOTS('',3,(#10489,#10490,#10491,#10492,#10493),
 .UNSPECIFIED.,.F.,.F.,(4,1,4),(0.,0.0974443723293348,0.195218876626016),
 .UNSPECIFIED.);
#445=B_SPLINE_CURVE_WITH_KNOTS('',3,(#10505,#10506,#10507,#10508,#10509),
 .UNSPECIFIED.,.F.,.F.,(4,1,4),(0.,0.0923715430080526,0.186372068271384),
 .UNSPECIFIED.);
#446=B_SPLINE_CURVE_WITH_KNOTS('',3,(#10512,#10513,#10514,#10515,#10516),
 .UNSPECIFIED.,.F.,.F.,(4,1,4),(0.,0.0923715430080526,0.186372068271384),
 .UNSPECIFIED.);
#447=B_SPLINE_CURVE_WITH_KNOTS('',3,(#10528,#10529,#10530,#10531,#10532),
 .UNSPECIFIED.,.F.,.F.,(4,1,4),(0.,0.106712933401187,0.202974970735082),
 .UNSPECIFIED.);
#448=B_SPLINE_CURVE_WITH_KNOTS('',3,(#10535,#10536,#10537,#10538,#10539),
 .UNSPECIFIED.,.F.,.F.,(4,1,4),(0.,0.106712933401187,0.202974970735082),
 .UNSPECIFIED.);
#449=B_SPLINE_CURVE_WITH_KNOTS('',3,(#10551,#10552,#10553,#10554,#10555),
 .UNSPECIFIED.,.F.,.F.,(4,1,4),(0.,0.0835093264037595,0.17609637426324),
 .UNSPECIFIED.);
#450=B_SPLINE_CURVE_WITH_KNOTS('',3,(#10558,#10559,#10560,#10561,#10562),
 .UNSPECIFIED.,.F.,.F.,(4,1,4),(0.,0.0835093264037595,0.17609637426324),
 .UNSPECIFIED.);
#451=B_SPLINE_CURVE_WITH_KNOTS('',3,(#10574,#10575,#10576,#10577,#10578),
 .UNSPECIFIED.,.F.,.F.,(4,1,4),(0.,0.103493395403069,0.190548987259856),
 .UNSPECIFIED.);
#452=B_SPLINE_CURVE_WITH_KNOTS('',3,(#10581,#10582,#10583,#10584,#10585),
 .UNSPECIFIED.,.F.,.F.,(4,1,4),(0.,0.103493395403069,0.190548987259856),
 .UNSPECIFIED.);
#453=B_SPLINE_CURVE_WITH_KNOTS('',3,(#10603,#10604,#10605,#10606,#10607),
 .UNSPECIFIED.,.F.,.F.,(4,1,4),(0.,0.126424203747851,0.26143242605516),
 .UNSPECIFIED.);
#454=B_SPLINE_CURVE_WITH_KNOTS('',3,(#10610,#10611,#10612,#10613,#10614),
 .UNSPECIFIED.,.F.,.F.,(4,1,4),(0.,0.126424203747851,0.26143242605516),
 .UNSPECIFIED.);
#455=B_SPLINE_CURVE_WITH_KNOTS('',3,(#10626,#10627,#10628,#10629,#10630),
 .UNSPECIFIED.,.F.,.F.,(4,1,4),(0.,0.139445370341575,0.267264215958324),
 .UNSPECIFIED.);
#456=B_SPLINE_CURVE_WITH_KNOTS('',3,(#10633,#10634,#10635,#10636,#10637),
 .UNSPECIFIED.,.F.,.F.,(4,1,4),(0.,0.139445370341575,0.267264215958324),
 .UNSPECIFIED.);
#457=B_SPLINE_CURVE_WITH_KNOTS('',3,(#10649,#10650,#10651,#10652,#10653),
 .UNSPECIFIED.,.F.,.F.,(4,1,4),(0.,0.124248951325921,0.251934539313776),
 .UNSPECIFIED.);
#458=B_SPLINE_CURVE_WITH_KNOTS('',3,(#10656,#10657,#10658,#10659,#10660),
 .UNSPECIFIED.,.F.,.F.,(4,1,4),(0.,0.124248951325921,0.251934539313776),
 .UNSPECIFIED.);
#459=B_SPLINE_CURVE_WITH_KNOTS('',3,(#10672,#10673,#10674,#10675,#10676),
 .UNSPECIFIED.,.F.,.F.,(4,1,4),(0.,0.12528895008717,0.247939428770312),
 .UNSPECIFIED.);
#460=B_SPLINE_CURVE_WITH_KNOTS('',3,(#10679,#10680,#10681,#10682,#10683),
 .UNSPECIFIED.,.F.,.F.,(4,1,4),(0.,0.12528895008717,0.247939428770312),
 .UNSPECIFIED.);
#461=B_SPLINE_CURVE_WITH_KNOTS('',3,(#10695,#10696,#10697,#10698,#10699),
 .UNSPECIFIED.,.F.,.F.,(4,1,4),(0.,0.146990506227733,0.280968965885061),
 .UNSPECIFIED.);
#462=B_SPLINE_CURVE_WITH_KNOTS('',3,(#10702,#10703,#10704,#10705,#10706),
 .UNSPECIFIED.,.F.,.F.,(4,1,4),(0.,0.146990506227733,0.280968965885061),
 .UNSPECIFIED.);
#463=B_SPLINE_CURVE_WITH_KNOTS('',3,(#10718,#10719,#10720,#10721,#10722),
 .UNSPECIFIED.,.F.,.F.,(4,1,4),(0.,0.135370196611113,0.274641474865299),
 .UNSPECIFIED.);
#464=B_SPLINE_CURVE_WITH_KNOTS('',3,(#10725,#10726,#10727,#10728,#10729),
 .UNSPECIFIED.,.F.,.F.,(4,1,4),(0.,0.135370196611113,0.274641474865299),
 .UNSPECIFIED.);
#465=B_SPLINE_CURVE_WITH_KNOTS('',3,(#10741,#10742,#10743,#10744,#10745),
 .UNSPECIFIED.,.F.,.F.,(4,1,4),(0.,0.120195991694404,0.248019178537103),
 .UNSPECIFIED.);
#466=B_SPLINE_CURVE_WITH_KNOTS('',3,(#10748,#10749,#10750,#10751,#10752),
 .UNSPECIFIED.,.F.,.F.,(4,1,4),(0.,0.120195991694404,0.248019178537103),
 .UNSPECIFIED.);
#467=B_SPLINE_CURVE_WITH_KNOTS('',3,(#10764,#10765,#10766,#10767,#10768),
 .UNSPECIFIED.,.F.,.F.,(4,1,4),(0.,0.147493275031534,0.273919023684884),
 .UNSPECIFIED.);
#468=B_SPLINE_CURVE_WITH_KNOTS('',3,(#10771,#10772,#10773,#10774,#10775),
 .UNSPECIFIED.,.F.,.F.,(4,1,4),(0.,0.147493275031534,0.273919023684884),
 .UNSPECIFIED.);
#469=B_SPLINE_CURVE_WITH_KNOTS('',3,(#10787,#10788,#10789,#10790,#10791),
 .UNSPECIFIED.,.F.,.F.,(4,1,4),(0.,0.136220097367747,0.2819846161107),
 .UNSPECIFIED.);
#470=B_SPLINE_CURVE_WITH_KNOTS('',3,(#10794,#10795,#10796,#10797,#10798),
 .UNSPECIFIED.,.F.,.F.,(4,1,4),(0.,0.136220097367747,0.2819846161107),
 .UNSPECIFIED.);
#471=B_SPLINE_CURVE_WITH_KNOTS('',3,(#10810,#10811,#10812,#10813,#10814),
 .UNSPECIFIED.,.F.,.F.,(4,1,4),(0.,0.155027677624566,0.294267067125978),
 .UNSPECIFIED.);
#472=B_SPLINE_CURVE_WITH_KNOTS('',3,(#10817,#10818,#10819,#10820,#10821),
 .UNSPECIFIED.,.F.,.F.,(4,1,4),(0.,0.155027677624566,0.294267067125978),
 .UNSPECIFIED.);
#473=B_SPLINE_CURVE_WITH_KNOTS('',3,(#10838,#10839,#10840,#10841,#10842),
 .UNSPECIFIED.,.F.,.F.,(4,1,4),(0.,0.102564830180063,0.220156545516387),
 .UNSPECIFIED.);
#474=B_SPLINE_CURVE_WITH_KNOTS('',3,(#10843,#10844,#10845,#10846,#10847),
 .UNSPECIFIED.,.F.,.F.,(4,1,4),(0.,0.102564830180063,0.220156545516387),
 .UNSPECIFIED.);
#475=B_SPLINE_CURVE_WITH_KNOTS('',3,(#11006,#11007,#11008,#11009,#11010,
#11011,#11012,#11013,#11014,#11015),.UNSPECIFIED.,.F.,.F.,(4,2,2,2,4),(0.,
0.115388921392079,0.230777842784159,0.308962531186646,0.387147219589133),
 .UNSPECIFIED.);
#476=B_SPLINE_CURVE_WITH_KNOTS('',3,(#11019,#11020,#11021,#11022,#11023,
#11024,#11025,#11026,#11027,#11028),.UNSPECIFIED.,.F.,.F.,(4,2,2,2,4),(1.00558421532993,
1.08376890373242,1.16195359213491,1.27734251352699,1.39273143491906),
 .UNSPECIFIED.);
#477=B_SPLINE_SURFACE_WITH_KNOTS('',3,1,((#7633,#7634),(#7635,#7636),(#7637,
#7638),(#7639,#7640),(#7641,#7642)),.UNSPECIFIED.,.F.,.F.,.F.,(4,1,4),(2,
2),(0.,0.0985652931889045,0.198603213787128),(0.,0.0500000000000007),
 .UNSPECIFIED.);
#478=B_SPLINE_SURFACE_WITH_KNOTS('',3,1,((#7659,#7660),(#7661,#7662),(#7663,
#7664),(#7665,#7666),(#7667,#7668)),.UNSPECIFIED.,.F.,.F.,.F.,(4,1,4),(2,
2),(0.,0.122238336232456,0.219209286979816),(0.,0.0500000000000007),
 .UNSPECIFIED.);
#479=B_SPLINE_SURFACE_WITH_KNOTS('',3,1,((#7746,#7747),(#7748,#7749),(#7750,
#7751),(#7752,#7753),(#7754,#7755)),.UNSPECIFIED.,.F.,.F.,.F.,(4,1,4),(2,
2),(0.,0.0956792177339204,0.188857727229741),(0.,0.0500000000000007),
 .UNSPECIFIED.);
#480=B_SPLINE_SURFACE_WITH_KNOTS('',3,1,((#7772,#7773),(#7774,#7775),(#7776,
#7777),(#7778,#7779),(#7780,#7781)),.UNSPECIFIED.,.F.,.F.,.F.,(4,1,4),(2,
2),(0.,0.125135438625103,0.232079859171693),(0.,0.0500000000000007),
 .UNSPECIFIED.);
#481=B_SPLINE_SURFACE_WITH_KNOTS('',3,1,((#7795,#7796),(#7797,#7798),(#7799,
#7800),(#7801,#7802),(#7803,#7804)),.UNSPECIFIED.,.F.,.F.,.F.,(4,1,4),(2,
2),(0.,0.0956166544077865,0.197810396256575),(0.,0.0500000000000007),
 .UNSPECIFIED.);
#482=B_SPLINE_SURFACE_WITH_KNOTS('',3,1,((#7818,#7819),(#7820,#7821),(#7822,
#7823),(#7824,#7825),(#7826,#7827)),.UNSPECIFIED.,.F.,.F.,.F.,(4,1,4),(2,
2),(0.,0.0838951958219695,0.172975736677328),(0.,0.0500000000000007),
 .UNSPECIFIED.);
#483=B_SPLINE_SURFACE_WITH_KNOTS('',3,1,((#7841,#7842),(#7843,#7844),(#7845,
#7846),(#7847,#7848),(#7849,#7850)),.UNSPECIFIED.,.F.,.F.,.F.,(4,1,4),(2,
2),(0.,0.0783444565911089,0.158902982214005),(0.,0.0500000000000007),
 .UNSPECIFIED.);
#484=B_SPLINE_SURFACE_WITH_KNOTS('',3,1,((#7864,#7865),(#7866,#7867),(#7868,
#7869),(#7870,#7871),(#7872,#7873)),.UNSPECIFIED.,.F.,.F.,.F.,(4,1,4),(2,
2),(0.,0.0733879689034208,0.149899822996375),(0.,0.0500000000000007),
 .UNSPECIFIED.);
#485=B_SPLINE_SURFACE_WITH_KNOTS('',3,1,((#7887,#7888),(#7889,#7890),(#7891,
#7892),(#7893,#7894),(#7895,#7896)),.UNSPECIFIED.,.F.,.F.,.F.,(4,1,4),(2,
2),(0.,0.0885422900725507,0.165933162369279),(0.,0.0500000000000007),
 .UNSPECIFIED.);
#486=B_SPLINE_SURFACE_WITH_KNOTS('',3,1,((#7910,#7911),(#7912,#7913),(#7914,
#7915),(#7916,#7917),(#7918,#7919)),.UNSPECIFIED.,.F.,.F.,.F.,(4,1,4),(2,
2),(0.,0.14023187558062,0.230565768054891),(0.,0.0500000000000007),
 .UNSPECIFIED.);
#487=B_SPLINE_SURFACE_WITH_KNOTS('',3,1,((#7933,#7934),(#7935,#7936),(#7937,
#7938),(#7939,#7940),(#7941,#7942)),.UNSPECIFIED.,.F.,.F.,.F.,(4,1,4),(2,
2),(0.,0.0774486526708536,0.212882305980294),(0.,0.0500000000000007),
 .UNSPECIFIED.);
#488=B_SPLINE_SURFACE_WITH_KNOTS('',3,1,((#7956,#7957),(#7958,#7959),(#7960,
#7961),(#7962,#7963),(#7964,#7965)),.UNSPECIFIED.,.F.,.F.,.F.,(4,1,4),(2,
2),(0.,0.0500659402485824,0.0992147721679727),(0.,0.0500000000000007),
 .UNSPECIFIED.);
#489=B_SPLINE_SURFACE_WITH_KNOTS('',3,1,((#7979,#7980),(#7981,#7982),(#7983,
#7984),(#7985,#7986),(#7987,#7988)),.UNSPECIFIED.,.F.,.F.,.F.,(4,1,4),(2,
2),(0.,0.0636388806766452,0.122808085421189),(0.,0.0500000000000007),
 .UNSPECIFIED.);
#490=B_SPLINE_SURFACE_WITH_KNOTS('',3,1,((#8002,#8003),(#8004,#8005),(#8006,
#8007),(#8008,#8009),(#8010,#8011)),.UNSPECIFIED.,.F.,.F.,.F.,(4,1,4),(2,
2),(0.,0.104349665314775,0.182822329421097),(0.,0.0500000000000007),
 .UNSPECIFIED.);
#491=B_SPLINE_SURFACE_WITH_KNOTS('',3,1,((#8025,#8026),(#8027,#8028),(#8029,
#8030),(#8031,#8032),(#8033,#8034)),.UNSPECIFIED.,.F.,.F.,.F.,(4,1,4),(2,
2),(0.,0.081602898194217,0.183535625550165),(0.,0.0500000000000007),
 .UNSPECIFIED.);
#492=B_SPLINE_SURFACE_WITH_KNOTS('',3,1,((#8048,#8049),(#8050,#8051),(#8052,
#8053),(#8054,#8055),(#8056,#8057)),.UNSPECIFIED.,.F.,.F.,.F.,(4,1,4),(2,
2),(0.,0.0861879164869813,0.162309946803297),(0.,0.0500000000000007),
 .UNSPECIFIED.);
#493=B_SPLINE_SURFACE_WITH_KNOTS('',3,1,((#8077,#8078),(#8079,#8080),(#8081,
#8082),(#8083,#8084),(#8085,#8086)),.UNSPECIFIED.,.F.,.F.,.F.,(4,1,4),(2,
2),(0.,0.0820789440905017,0.166633518481672),(0.,0.0500000000000007),
 .UNSPECIFIED.);
#494=B_SPLINE_SURFACE_WITH_KNOTS('',3,1,((#8100,#8101),(#8102,#8103),(#8104,
#8105),(#8106,#8107),(#8108,#8109)),.UNSPECIFIED.,.F.,.F.,.F.,(4,1,4),(2,
2),(0.,0.0871852992825082,0.169760934207064),(0.,0.0500000000000007),
 .UNSPECIFIED.);
#495=B_SPLINE_SURFACE_WITH_KNOTS('',3,1,((#8123,#8124),(#8125,#8126),(#8127,
#8128),(#8129,#8130),(#8131,#8132)),.UNSPECIFIED.,.F.,.F.,.F.,(4,1,4),(2,
2),(0.,0.105003776786748,0.200355047153999),(0.,0.0500000000000007),
 .UNSPECIFIED.);
#496=B_SPLINE_SURFACE_WITH_KNOTS('',3,1,((#8146,#8147),(#8148,#8149),(#8150,
#8151),(#8152,#8153),(#8154,#8155)),.UNSPECIFIED.,.F.,.F.,.F.,(4,1,4),(2,
2),(0.,0.090818759762009,0.187545973462264),(0.,0.0500000000000007),
 .UNSPECIFIED.);
#497=B_SPLINE_SURFACE_WITH_KNOTS('',3,1,((#8169,#8170),(#8171,#8172),(#8173,
#8174),(#8175,#8176),(#8177,#8178)),.UNSPECIFIED.,.F.,.F.,.F.,(4,1,4),(2,
2),(0.,0.0784003744822565,0.162332171450157),(0.,0.0500000000000007),
 .UNSPECIFIED.);
#498=B_SPLINE_SURFACE_WITH_KNOTS('',3,1,((#8192,#8193),(#8194,#8195),(#8196,
#8197),(#8198,#8199),(#8200,#8201)),.UNSPECIFIED.,.F.,.F.,.F.,(4,1,4),(2,
2),(0.,0.0740273794442792,0.149548206409728),(0.,0.0500000000000007),
 .UNSPECIFIED.);
#499=B_SPLINE_SURFACE_WITH_KNOTS('',3,1,((#8215,#8216),(#8217,#8218),(#8219,
#8220),(#8221,#8222),(#8223,#8224)),.UNSPECIFIED.,.F.,.F.,.F.,(4,1,4),(2,
2),(0.,0.064541582516366,0.130696762987331),(0.,0.0500000000000007),
 .UNSPECIFIED.);
#500=B_SPLINE_SURFACE_WITH_KNOTS('',3,1,((#8238,#8239),(#8240,#8241),(#8242,
#8243),(#8244,#8245),(#8246,#8247)),.UNSPECIFIED.,.F.,.F.,.F.,(4,1,4),(2,
2),(0.,0.075321179276689,0.142900159106198),(0.,0.0500000000000007),
 .UNSPECIFIED.);
#501=B_SPLINE_SURFACE_WITH_KNOTS('',3,1,((#8261,#8262),(#8263,#8264),(#8265,
#8266),(#8267,#8268),(#8269,#8270)),.UNSPECIFIED.,.F.,.F.,.F.,(4,1,4),(2,
2),(0.,0.121485559624757,0.203186510079455),(0.,0.0500000000000007),
 .UNSPECIFIED.);
#502=B_SPLINE_SURFACE_WITH_KNOTS('',3,1,((#8284,#8285),(#8286,#8287),(#8288,
#8289),(#8290,#8291),(#8292,#8293)),.UNSPECIFIED.,.F.,.F.,.F.,(4,1,4),(2,
2),(0.,0.0676662678020656,0.184653887967592),(0.,0.0500000000000007),
 .UNSPECIFIED.);
#503=B_SPLINE_SURFACE_WITH_KNOTS('',3,1,((#8307,#8308),(#8309,#8310),(#8311,
#8312),(#8313,#8314),(#8315,#8316)),.UNSPECIFIED.,.F.,.F.,.F.,(4,1,4),(2,
2),(0.,0.0484907176491634,0.108625613967185),(0.,0.0500000000000007),
 .UNSPECIFIED.);
#504=B_SPLINE_SURFACE_WITH_KNOTS('',3,1,((#8330,#8331),(#8332,#8333),(#8334,
#8335),(#8336,#8337),(#8338,#8339)),.UNSPECIFIED.,.F.,.F.,.F.,(4,1,4),(2,
2),(0.,0.0446070222431225,0.0878673433560967),(0.,0.0500000000000007),
 .UNSPECIFIED.);
#505=B_SPLINE_SURFACE_WITH_KNOTS('',3,1,((#8353,#8354),(#8355,#8356),(#8357,
#8358),(#8359,#8360),(#8361,#8362)),.UNSPECIFIED.,.F.,.F.,.F.,(4,1,4),(2,
2),(0.,0.0461825631038037,0.0913347086629214),(0.,0.0500000000000007),
 .UNSPECIFIED.);
#506=B_SPLINE_SURFACE_WITH_KNOTS('',3,1,((#8376,#8377),(#8378,#8379),(#8380,
#8381),(#8382,#8383),(#8384,#8385)),.UNSPECIFIED.,.F.,.F.,.F.,(4,1,4),(2,
2),(0.,0.0571739214260492,0.107218884908915),(0.,0.0500000000000007),
 .UNSPECIFIED.);
#507=B_SPLINE_SURFACE_WITH_KNOTS('',3,1,((#8399,#8400),(#8401,#8402),(#8403,
#8404),(#8405,#8406),(#8407,#8408)),.UNSPECIFIED.,.F.,.F.,.F.,(4,1,4),(2,
2),(0.,0.0715041692849536,0.136161425045531),(0.,0.0500000000000007),
 .UNSPECIFIED.);
#508=B_SPLINE_SURFACE_WITH_KNOTS('',3,1,((#8422,#8423),(#8424,#8425),(#8426,
#8427),(#8428,#8429),(#8430,#8431)),.UNSPECIFIED.,.F.,.F.,.F.,(4,1,4),(2,
2),(0.,0.0758161458923046,0.157157822942655),(0.,0.0500000000000007),
 .UNSPECIFIED.);
#509=B_SPLINE_SURFACE_WITH_KNOTS('',3,1,((#8445,#8446),(#8447,#8448),(#8449,
#8450),(#8451,#8452),(#8453,#8454)),.UNSPECIFIED.,.F.,.F.,.F.,(4,1,4),(2,
2),(0.,0.060009742269638,0.128468816795528),(0.,0.0500000000000007),
 .UNSPECIFIED.);
#510=B_SPLINE_SURFACE_WITH_KNOTS('',3,1,((#8468,#8469),(#8470,#8471),(#8472,
#8473),(#8474,#8475),(#8476,#8477)),.UNSPECIFIED.,.F.,.F.,.F.,(4,1,4),(2,
2),(0.,0.0698728946382331,0.130775089022834),(0.,0.0500000000000007),
 .UNSPECIFIED.);
#511=B_SPLINE_SURFACE_WITH_KNOTS('',3,1,((#8497,#8498),(#8499,#8500),(#8501,
#8502),(#8503,#8504),(#8505,#8506)),.UNSPECIFIED.,.F.,.F.,.F.,(4,1,4),(2,
2),(0.,0.0935652159196424,0.189827415537454),(0.,0.0500000000000007),
 .UNSPECIFIED.);
#512=B_SPLINE_SURFACE_WITH_KNOTS('',3,1,((#8518,#8519),(#8520,#8521),(#8522,
#8523),(#8524,#8525),(#8526,#8527)),.UNSPECIFIED.,.F.,.F.,.F.,(4,1,4),(2,
2),(0.,0.103904401151408,0.20209408292362),(0.,0.0500000000000007),
 .UNSPECIFIED.);
#513=B_SPLINE_SURFACE_WITH_KNOTS('',3,1,((#8544,#8545),(#8546,#8547),(#8548,
#8549),(#8550,#8551),(#8552,#8553)),.UNSPECIFIED.,.F.,.F.,.F.,(4,1,4),(2,
2),(0.,0.0889859665988271,0.177932778266378),(0.,0.0500000000000007),
 .UNSPECIFIED.);
#514=B_SPLINE_SURFACE_WITH_KNOTS('',3,1,((#8567,#8568),(#8569,#8570),(#8571,
#8572),(#8573,#8574),(#8575,#8576)),.UNSPECIFIED.,.F.,.F.,.F.,(4,1,4),(2,
2),(0.,0.0957441197804067,0.185926901286367),(0.,0.0500000000000007),
 .UNSPECIFIED.);
#515=B_SPLINE_SURFACE_WITH_KNOTS('',3,1,((#8590,#8591),(#8592,#8593),(#8594,
#8595),(#8596,#8597),(#8598,#8599)),.UNSPECIFIED.,.F.,.F.,.F.,(4,1,4),(2,
2),(0.,0.119818704277979,0.226773869113911),(0.,0.0500000000000007),
 .UNSPECIFIED.);
#516=B_SPLINE_SURFACE_WITH_KNOTS('',3,1,((#8613,#8614),(#8615,#8616),(#8617,
#8618),(#8619,#8620),(#8621,#8622)),.UNSPECIFIED.,.F.,.F.,.F.,(4,1,4),(2,
2),(0.,0.0974443723293348,0.195218876626016),(0.,0.0500000000000007),
 .UNSPECIFIED.);
#517=B_SPLINE_SURFACE_WITH_KNOTS('',3,1,((#8636,#8637),(#8638,#8639),(#8640,
#8641),(#8642,#8643),(#8644,#8645)),.UNSPECIFIED.,.F.,.F.,.F.,(4,1,4),(2,
2),(0.,0.0923715430080526,0.186372068271384),(0.,0.0500000000000007),
 .UNSPECIFIED.);
#518=B_SPLINE_SURFACE_WITH_KNOTS('',3,1,((#8659,#8660),(#8661,#8662),(#8663,
#8664),(#8665,#8666),(#8667,#8668)),.UNSPECIFIED.,.F.,.F.,.F.,(4,1,4),(2,
2),(0.,0.106712933401187,0.202974970735082),(0.,0.0500000000000007),
 .UNSPECIFIED.);
#519=B_SPLINE_SURFACE_WITH_KNOTS('',3,1,((#8682,#8683),(#8684,#8685),(#8686,
#8687),(#8688,#8689),(#8690,#8691)),.UNSPECIFIED.,.F.,.F.,.F.,(4,1,4),(2,
2),(0.,0.0835093264037595,0.17609637426324),(0.,0.0500000000000007),
 .UNSPECIFIED.);
#520=B_SPLINE_SURFACE_WITH_KNOTS('',3,1,((#8705,#8706),(#8707,#8708),(#8709,
#8710),(#8711,#8712),(#8713,#8714)),.UNSPECIFIED.,.F.,.F.,.F.,(4,1,4),(2,
2),(0.,0.103493395403069,0.190548987259856),(0.,0.0500000000000007),
 .UNSPECIFIED.);
#521=B_SPLINE_SURFACE_WITH_KNOTS('',3,1,((#8734,#8735),(#8736,#8737),(#8738,
#8739),(#8740,#8741),(#8742,#8743)),.UNSPECIFIED.,.F.,.F.,.F.,(4,1,4),(2,
2),(0.,0.126424203747851,0.26143242605516),(0.,0.0500000000000007),
 .UNSPECIFIED.);
#522=B_SPLINE_SURFACE_WITH_KNOTS('',3,1,((#8757,#8758),(#8759,#8760),(#8761,
#8762),(#8763,#8764),(#8765,#8766)),.UNSPECIFIED.,.F.,.F.,.F.,(4,1,4),(2,
2),(0.,0.139445370341575,0.267264215958324),(0.,0.0500000000000007),
 .UNSPECIFIED.);
#523=B_SPLINE_SURFACE_WITH_KNOTS('',3,1,((#8780,#8781),(#8782,#8783),(#8784,
#8785),(#8786,#8787),(#8788,#8789)),.UNSPECIFIED.,.F.,.F.,.F.,(4,1,4),(2,
2),(0.,0.124248951325921,0.251934539313776),(0.,0.0500000000000007),
 .UNSPECIFIED.);
#524=B_SPLINE_SURFACE_WITH_KNOTS('',3,1,((#8803,#8804),(#8805,#8806),(#8807,
#8808),(#8809,#8810),(#8811,#8812)),.UNSPECIFIED.,.F.,.F.,.F.,(4,1,4),(2,
2),(0.,0.12528895008717,0.247939428770312),(0.,0.0500000000000007),
 .UNSPECIFIED.);
#525=B_SPLINE_SURFACE_WITH_KNOTS('',3,1,((#8826,#8827),(#8828,#8829),(#8830,
#8831),(#8832,#8833),(#8834,#8835)),.UNSPECIFIED.,.F.,.F.,.F.,(4,1,4),(2,
2),(0.,0.146990506227733,0.280968965885061),(0.,0.0500000000000007),
 .UNSPECIFIED.);
#526=B_SPLINE_SURFACE_WITH_KNOTS('',3,1,((#8849,#8850),(#8851,#8852),(#8853,
#8854),(#8855,#8856),(#8857,#8858)),.UNSPECIFIED.,.F.,.F.,.F.,(4,1,4),(2,
2),(0.,0.135370196611113,0.274641474865299),(0.,0.0500000000000007),
 .UNSPECIFIED.);
#527=B_SPLINE_SURFACE_WITH_KNOTS('',3,1,((#8872,#8873),(#8874,#8875),(#8876,
#8877),(#8878,#8879),(#8880,#8881)),.UNSPECIFIED.,.F.,.F.,.F.,(4,1,4),(2,
2),(0.,0.120195991694404,0.248019178537103),(0.,0.0500000000000007),
 .UNSPECIFIED.);
#528=B_SPLINE_SURFACE_WITH_KNOTS('',3,1,((#8895,#8896),(#8897,#8898),(#8899,
#8900),(#8901,#8902),(#8903,#8904)),.UNSPECIFIED.,.F.,.F.,.F.,(4,1,4),(2,
2),(0.,0.147493275031534,0.273919023684884),(0.,0.0500000000000007),
 .UNSPECIFIED.);
#529=B_SPLINE_SURFACE_WITH_KNOTS('',3,1,((#8918,#8919),(#8920,#8921),(#8922,
#8923),(#8924,#8925),(#8926,#8927)),.UNSPECIFIED.,.F.,.F.,.F.,(4,1,4),(2,
2),(0.,0.136220097367747,0.2819846161107),(0.,0.0500000000000007),
 .UNSPECIFIED.);
#530=B_SPLINE_SURFACE_WITH_KNOTS('',3,1,((#8941,#8942),(#8943,#8944),(#8945,
#8946),(#8947,#8948),(#8949,#8950)),.UNSPECIFIED.,.F.,.F.,.F.,(4,1,4),(2,
2),(0.,0.155027677624566,0.294267067125978),(0.,0.0500000000000007),
 .UNSPECIFIED.);
#531=B_SPLINE_SURFACE_WITH_KNOTS('',3,1,((#8970,#8971),(#8972,#8973),(#8974,
#8975),(#8976,#8977),(#8978,#8979)),.UNSPECIFIED.,.F.,.F.,.F.,(4,1,4),(2,
2),(0.,0.102564830180063,0.220156545516387),(0.,0.0500000000000007),
 .UNSPECIFIED.);
#532=B_SPLINE_SURFACE_WITH_KNOTS('',3,1,((#9491,#9492),(#9493,#9494),(#9495,
#9496),(#9497,#9498),(#9499,#9500)),.UNSPECIFIED.,.F.,.F.,.F.,(4,1,4),(2,
2),(0.,0.0985652931889045,0.198603213787128),(0.,0.0500000000000007),
 .UNSPECIFIED.);
#533=B_SPLINE_SURFACE_WITH_KNOTS('',3,1,((#9517,#9518),(#9519,#9520),(#9521,
#9522),(#9523,#9524),(#9525,#9526)),.UNSPECIFIED.,.F.,.F.,.F.,(4,1,4),(2,
2),(0.,0.122238336232456,0.219209286979816),(0.,0.0500000000000007),
 .UNSPECIFIED.);
#534=B_SPLINE_SURFACE_WITH_KNOTS('',3,1,((#9604,#9605),(#9606,#9607),(#9608,
#9609),(#9610,#9611),(#9612,#9613)),.UNSPECIFIED.,.F.,.F.,.F.,(4,1,4),(2,
2),(0.,0.0956792177339204,0.188857727229741),(0.,0.0500000000000007),
 .UNSPECIFIED.);
#535=B_SPLINE_SURFACE_WITH_KNOTS('',3,1,((#9630,#9631),(#9632,#9633),(#9634,
#9635),(#9636,#9637),(#9638,#9639)),.UNSPECIFIED.,.F.,.F.,.F.,(4,1,4),(2,
2),(0.,0.125135438625103,0.232079859171693),(0.,0.0500000000000007),
 .UNSPECIFIED.);
#536=B_SPLINE_SURFACE_WITH_KNOTS('',3,1,((#9653,#9654),(#9655,#9656),(#9657,
#9658),(#9659,#9660),(#9661,#9662)),.UNSPECIFIED.,.F.,.F.,.F.,(4,1,4),(2,
2),(0.,0.0956166544077865,0.197810396256575),(0.,0.0500000000000007),
 .UNSPECIFIED.);
#537=B_SPLINE_SURFACE_WITH_KNOTS('',3,1,((#9676,#9677),(#9678,#9679),(#9680,
#9681),(#9682,#9683),(#9684,#9685)),.UNSPECIFIED.,.F.,.F.,.F.,(4,1,4),(2,
2),(0.,0.0838951958219695,0.172975736677328),(0.,0.0500000000000007),
 .UNSPECIFIED.);
#538=B_SPLINE_SURFACE_WITH_KNOTS('',3,1,((#9699,#9700),(#9701,#9702),(#9703,
#9704),(#9705,#9706),(#9707,#9708)),.UNSPECIFIED.,.F.,.F.,.F.,(4,1,4),(2,
2),(0.,0.0783444565911089,0.158902982214005),(0.,0.0500000000000007),
 .UNSPECIFIED.);
#539=B_SPLINE_SURFACE_WITH_KNOTS('',3,1,((#9722,#9723),(#9724,#9725),(#9726,
#9727),(#9728,#9729),(#9730,#9731)),.UNSPECIFIED.,.F.,.F.,.F.,(4,1,4),(2,
2),(0.,0.0733879689034208,0.149899822996375),(0.,0.0500000000000007),
 .UNSPECIFIED.);
#540=B_SPLINE_SURFACE_WITH_KNOTS('',3,1,((#9745,#9746),(#9747,#9748),(#9749,
#9750),(#9751,#9752),(#9753,#9754)),.UNSPECIFIED.,.F.,.F.,.F.,(4,1,4),(2,
2),(0.,0.0885422900725507,0.165933162369279),(0.,0.0500000000000007),
 .UNSPECIFIED.);
#541=B_SPLINE_SURFACE_WITH_KNOTS('',3,1,((#9768,#9769),(#9770,#9771),(#9772,
#9773),(#9774,#9775),(#9776,#9777)),.UNSPECIFIED.,.F.,.F.,.F.,(4,1,4),(2,
2),(0.,0.14023187558062,0.230565768054891),(0.,0.0500000000000007),
 .UNSPECIFIED.);
#542=B_SPLINE_SURFACE_WITH_KNOTS('',3,1,((#9791,#9792),(#9793,#9794),(#9795,
#9796),(#9797,#9798),(#9799,#9800)),.UNSPECIFIED.,.F.,.F.,.F.,(4,1,4),(2,
2),(0.,0.0774486526708536,0.212882305980294),(0.,0.0500000000000007),
 .UNSPECIFIED.);
#543=B_SPLINE_SURFACE_WITH_KNOTS('',3,1,((#9814,#9815),(#9816,#9817),(#9818,
#9819),(#9820,#9821),(#9822,#9823)),.UNSPECIFIED.,.F.,.F.,.F.,(4,1,4),(2,
2),(0.,0.0500659402485824,0.0992147721679727),(0.,0.0500000000000007),
 .UNSPECIFIED.);
#544=B_SPLINE_SURFACE_WITH_KNOTS('',3,1,((#9837,#9838),(#9839,#9840),(#9841,
#9842),(#9843,#9844),(#9845,#9846)),.UNSPECIFIED.,.F.,.F.,.F.,(4,1,4),(2,
2),(0.,0.0636388806766452,0.122808085421189),(0.,0.0500000000000007),
 .UNSPECIFIED.);
#545=B_SPLINE_SURFACE_WITH_KNOTS('',3,1,((#9860,#9861),(#9862,#9863),(#9864,
#9865),(#9866,#9867),(#9868,#9869)),.UNSPECIFIED.,.F.,.F.,.F.,(4,1,4),(2,
2),(0.,0.104349665314775,0.182822329421097),(0.,0.0500000000000007),
 .UNSPECIFIED.);
#546=B_SPLINE_SURFACE_WITH_KNOTS('',3,1,((#9883,#9884),(#9885,#9886),(#9887,
#9888),(#9889,#9890),(#9891,#9892)),.UNSPECIFIED.,.F.,.F.,.F.,(4,1,4),(2,
2),(0.,0.081602898194217,0.183535625550165),(0.,0.0500000000000007),
 .UNSPECIFIED.);
#547=B_SPLINE_SURFACE_WITH_KNOTS('',3,1,((#9906,#9907),(#9908,#9909),(#9910,
#9911),(#9912,#9913),(#9914,#9915)),.UNSPECIFIED.,.F.,.F.,.F.,(4,1,4),(2,
2),(0.,0.0861879164869813,0.162309946803297),(0.,0.0500000000000007),
 .UNSPECIFIED.);
#548=B_SPLINE_SURFACE_WITH_KNOTS('',3,1,((#9935,#9936),(#9937,#9938),(#9939,
#9940),(#9941,#9942),(#9943,#9944)),.UNSPECIFIED.,.F.,.F.,.F.,(4,1,4),(2,
2),(0.,0.0820789440905017,0.166633518481672),(0.,0.0500000000000007),
 .UNSPECIFIED.);
#549=B_SPLINE_SURFACE_WITH_KNOTS('',3,1,((#9958,#9959),(#9960,#9961),(#9962,
#9963),(#9964,#9965),(#9966,#9967)),.UNSPECIFIED.,.F.,.F.,.F.,(4,1,4),(2,
2),(0.,0.0871852992825082,0.169760934207064),(0.,0.0500000000000007),
 .UNSPECIFIED.);
#550=B_SPLINE_SURFACE_WITH_KNOTS('',3,1,((#9981,#9982),(#9983,#9984),(#9985,
#9986),(#9987,#9988),(#9989,#9990)),.UNSPECIFIED.,.F.,.F.,.F.,(4,1,4),(2,
2),(0.,0.105003776786748,0.200355047153999),(0.,0.0500000000000007),
 .UNSPECIFIED.);
#551=B_SPLINE_SURFACE_WITH_KNOTS('',3,1,((#10004,#10005),(#10006,#10007),
(#10008,#10009),(#10010,#10011),(#10012,#10013)),.UNSPECIFIED.,.F.,.F.,
 .F.,(4,1,4),(2,2),(0.,0.090818759762009,0.187545973462264),(0.,0.0500000000000007),
 .UNSPECIFIED.);
#552=B_SPLINE_SURFACE_WITH_KNOTS('',3,1,((#10027,#10028),(#10029,#10030),
(#10031,#10032),(#10033,#10034),(#10035,#10036)),.UNSPECIFIED.,.F.,.F.,
 .F.,(4,1,4),(2,2),(0.,0.0784003744822565,0.162332171450157),(0.,0.0500000000000007),
 .UNSPECIFIED.);
#553=B_SPLINE_SURFACE_WITH_KNOTS('',3,1,((#10050,#10051),(#10052,#10053),
(#10054,#10055),(#10056,#10057),(#10058,#10059)),.UNSPECIFIED.,.F.,.F.,
 .F.,(4,1,4),(2,2),(0.,0.0740273794442792,0.149548206409728),(0.,0.0500000000000007),
 .UNSPECIFIED.);
#554=B_SPLINE_SURFACE_WITH_KNOTS('',3,1,((#10073,#10074),(#10075,#10076),
(#10077,#10078),(#10079,#10080),(#10081,#10082)),.UNSPECIFIED.,.F.,.F.,
 .F.,(4,1,4),(2,2),(0.,0.064541582516366,0.130696762987331),(0.,0.0500000000000007),
 .UNSPECIFIED.);
#555=B_SPLINE_SURFACE_WITH_KNOTS('',3,1,((#10096,#10097),(#10098,#10099),
(#10100,#10101),(#10102,#10103),(#10104,#10105)),.UNSPECIFIED.,.F.,.F.,
 .F.,(4,1,4),(2,2),(0.,0.075321179276689,0.142900159106198),(0.,0.0500000000000007),
 .UNSPECIFIED.);
#556=B_SPLINE_SURFACE_WITH_KNOTS('',3,1,((#10119,#10120),(#10121,#10122),
(#10123,#10124),(#10125,#10126),(#10127,#10128)),.UNSPECIFIED.,.F.,.F.,
 .F.,(4,1,4),(2,2),(0.,0.121485559624757,0.203186510079455),(0.,0.0500000000000007),
 .UNSPECIFIED.);
#557=B_SPLINE_SURFACE_WITH_KNOTS('',3,1,((#10142,#10143),(#10144,#10145),
(#10146,#10147),(#10148,#10149),(#10150,#10151)),.UNSPECIFIED.,.F.,.F.,
 .F.,(4,1,4),(2,2),(0.,0.0676662678020656,0.184653887967592),(0.,0.0500000000000007),
 .UNSPECIFIED.);
#558=B_SPLINE_SURFACE_WITH_KNOTS('',3,1,((#10165,#10166),(#10167,#10168),
(#10169,#10170),(#10171,#10172),(#10173,#10174)),.UNSPECIFIED.,.F.,.F.,
 .F.,(4,1,4),(2,2),(0.,0.0484907176491634,0.108625613967185),(0.,0.0500000000000007),
 .UNSPECIFIED.);
#559=B_SPLINE_SURFACE_WITH_KNOTS('',3,1,((#10188,#10189),(#10190,#10191),
(#10192,#10193),(#10194,#10195),(#10196,#10197)),.UNSPECIFIED.,.F.,.F.,
 .F.,(4,1,4),(2,2),(0.,0.0446070222431225,0.0878673433560967),(0.,0.0500000000000007),
 .UNSPECIFIED.);
#560=B_SPLINE_SURFACE_WITH_KNOTS('',3,1,((#10211,#10212),(#10213,#10214),
(#10215,#10216),(#10217,#10218),(#10219,#10220)),.UNSPECIFIED.,.F.,.F.,
 .F.,(4,1,4),(2,2),(0.,0.0461825631038037,0.0913347086629214),(0.,0.0500000000000007),
 .UNSPECIFIED.);
#561=B_SPLINE_SURFACE_WITH_KNOTS('',3,1,((#10234,#10235),(#10236,#10237),
(#10238,#10239),(#10240,#10241),(#10242,#10243)),.UNSPECIFIED.,.F.,.F.,
 .F.,(4,1,4),(2,2),(0.,0.0571739214260492,0.107218884908915),(0.,0.0500000000000007),
 .UNSPECIFIED.);
#562=B_SPLINE_SURFACE_WITH_KNOTS('',3,1,((#10257,#10258),(#10259,#10260),
(#10261,#10262),(#10263,#10264),(#10265,#10266)),.UNSPECIFIED.,.F.,.F.,
 .F.,(4,1,4),(2,2),(0.,0.0715041692849536,0.136161425045531),(0.,0.0500000000000007),
 .UNSPECIFIED.);
#563=B_SPLINE_SURFACE_WITH_KNOTS('',3,1,((#10280,#10281),(#10282,#10283),
(#10284,#10285),(#10286,#10287),(#10288,#10289)),.UNSPECIFIED.,.F.,.F.,
 .F.,(4,1,4),(2,2),(0.,0.0758161458923046,0.157157822942655),(0.,0.0500000000000007),
 .UNSPECIFIED.);
#564=B_SPLINE_SURFACE_WITH_KNOTS('',3,1,((#10303,#10304),(#10305,#10306),
(#10307,#10308),(#10309,#10310),(#10311,#10312)),.UNSPECIFIED.,.F.,.F.,
 .F.,(4,1,4),(2,2),(0.,0.060009742269638,0.128468816795528),(0.,0.0500000000000007),
 .UNSPECIFIED.);
#565=B_SPLINE_SURFACE_WITH_KNOTS('',3,1,((#10326,#10327),(#10328,#10329),
(#10330,#10331),(#10332,#10333),(#10334,#10335)),.UNSPECIFIED.,.F.,.F.,
 .F.,(4,1,4),(2,2),(0.,0.0698728946382331,0.130775089022834),(0.,0.0500000000000007),
 .UNSPECIFIED.);
#566=B_SPLINE_SURFACE_WITH_KNOTS('',3,1,((#10355,#10356),(#10357,#10358),
(#10359,#10360),(#10361,#10362),(#10363,#10364)),.UNSPECIFIED.,.F.,.F.,
 .F.,(4,1,4),(2,2),(0.,0.0935652159196424,0.189827415537454),(0.,0.0500000000000007),
 .UNSPECIFIED.);
#567=B_SPLINE_SURFACE_WITH_KNOTS('',3,1,((#10376,#10377),(#10378,#10379),
(#10380,#10381),(#10382,#10383),(#10384,#10385)),.UNSPECIFIED.,.F.,.F.,
 .F.,(4,1,4),(2,2),(0.,0.103904401151408,0.20209408292362),(0.,0.0500000000000007),
 .UNSPECIFIED.);
#568=B_SPLINE_SURFACE_WITH_KNOTS('',3,1,((#10402,#10403),(#10404,#10405),
(#10406,#10407),(#10408,#10409),(#10410,#10411)),.UNSPECIFIED.,.F.,.F.,
 .F.,(4,1,4),(2,2),(0.,0.0889859665988271,0.177932778266378),(0.,0.0500000000000007),
 .UNSPECIFIED.);
#569=B_SPLINE_SURFACE_WITH_KNOTS('',3,1,((#10425,#10426),(#10427,#10428),
(#10429,#10430),(#10431,#10432),(#10433,#10434)),.UNSPECIFIED.,.F.,.F.,
 .F.,(4,1,4),(2,2),(0.,0.0957441197804067,0.185926901286367),(0.,0.0500000000000007),
 .UNSPECIFIED.);
#570=B_SPLINE_SURFACE_WITH_KNOTS('',3,1,((#10448,#10449),(#10450,#10451),
(#10452,#10453),(#10454,#10455),(#10456,#10457)),.UNSPECIFIED.,.F.,.F.,
 .F.,(4,1,4),(2,2),(0.,0.119818704277979,0.226773869113911),(0.,0.0500000000000007),
 .UNSPECIFIED.);
#571=B_SPLINE_SURFACE_WITH_KNOTS('',3,1,((#10471,#10472),(#10473,#10474),
(#10475,#10476),(#10477,#10478),(#10479,#10480)),.UNSPECIFIED.,.F.,.F.,
 .F.,(4,1,4),(2,2),(0.,0.0974443723293348,0.195218876626016),(0.,0.0500000000000007),
 .UNSPECIFIED.);
#572=B_SPLINE_SURFACE_WITH_KNOTS('',3,1,((#10494,#10495),(#10496,#10497),
(#10498,#10499),(#10500,#10501),(#10502,#10503)),.UNSPECIFIED.,.F.,.F.,
 .F.,(4,1,4),(2,2),(0.,0.0923715430080526,0.186372068271384),(0.,0.0500000000000007),
 .UNSPECIFIED.);
#573=B_SPLINE_SURFACE_WITH_KNOTS('',3,1,((#10517,#10518),(#10519,#10520),
(#10521,#10522),(#10523,#10524),(#10525,#10526)),.UNSPECIFIED.,.F.,.F.,
 .F.,(4,1,4),(2,2),(0.,0.106712933401187,0.202974970735082),(0.,0.0500000000000007),
 .UNSPECIFIED.);
#574=B_SPLINE_SURFACE_WITH_KNOTS('',3,1,((#10540,#10541),(#10542,#10543),
(#10544,#10545),(#10546,#10547),(#10548,#10549)),.UNSPECIFIED.,.F.,.F.,
 .F.,(4,1,4),(2,2),(0.,0.0835093264037595,0.17609637426324),(0.,0.0500000000000007),
 .UNSPECIFIED.);
#575=B_SPLINE_SURFACE_WITH_KNOTS('',3,1,((#10563,#10564),(#10565,#10566),
(#10567,#10568),(#10569,#10570),(#10571,#10572)),.UNSPECIFIED.,.F.,.F.,
 .F.,(4,1,4),(2,2),(0.,0.103493395403069,0.190548987259856),(0.,0.0500000000000007),
 .UNSPECIFIED.);
#576=B_SPLINE_SURFACE_WITH_KNOTS('',3,1,((#10592,#10593),(#10594,#10595),
(#10596,#10597),(#10598,#10599),(#10600,#10601)),.UNSPECIFIED.,.F.,.F.,
 .F.,(4,1,4),(2,2),(0.,0.126424203747851,0.26143242605516),(0.,0.0500000000000007),
 .UNSPECIFIED.);
#577=B_SPLINE_SURFACE_WITH_KNOTS('',3,1,((#10615,#10616),(#10617,#10618),
(#10619,#10620),(#10621,#10622),(#10623,#10624)),.UNSPECIFIED.,.F.,.F.,
 .F.,(4,1,4),(2,2),(0.,0.139445370341575,0.267264215958324),(0.,0.0500000000000007),
 .UNSPECIFIED.);
#578=B_SPLINE_SURFACE_WITH_KNOTS('',3,1,((#10638,#10639),(#10640,#10641),
(#10642,#10643),(#10644,#10645),(#10646,#10647)),.UNSPECIFIED.,.F.,.F.,
 .F.,(4,1,4),(2,2),(0.,0.124248951325921,0.251934539313776),(0.,0.0500000000000007),
 .UNSPECIFIED.);
#579=B_SPLINE_SURFACE_WITH_KNOTS('',3,1,((#10661,#10662),(#10663,#10664),
(#10665,#10666),(#10667,#10668),(#10669,#10670)),.UNSPECIFIED.,.F.,.F.,
 .F.,(4,1,4),(2,2),(0.,0.12528895008717,0.247939428770312),(0.,0.0500000000000007),
 .UNSPECIFIED.);
#580=B_SPLINE_SURFACE_WITH_KNOTS('',3,1,((#10684,#10685),(#10686,#10687),
(#10688,#10689),(#10690,#10691),(#10692,#10693)),.UNSPECIFIED.,.F.,.F.,
 .F.,(4,1,4),(2,2),(0.,0.146990506227733,0.280968965885061),(0.,0.0500000000000007),
 .UNSPECIFIED.);
#581=B_SPLINE_SURFACE_WITH_KNOTS('',3,1,((#10707,#10708),(#10709,#10710),
(#10711,#10712),(#10713,#10714),(#10715,#10716)),.UNSPECIFIED.,.F.,.F.,
 .F.,(4,1,4),(2,2),(0.,0.135370196611113,0.274641474865299),(0.,0.0500000000000007),
 .UNSPECIFIED.);
#582=B_SPLINE_SURFACE_WITH_KNOTS('',3,1,((#10730,#10731),(#10732,#10733),
(#10734,#10735),(#10736,#10737),(#10738,#10739)),.UNSPECIFIED.,.F.,.F.,
 .F.,(4,1,4),(2,2),(0.,0.120195991694404,0.248019178537103),(0.,0.0500000000000007),
 .UNSPECIFIED.);
#583=B_SPLINE_SURFACE_WITH_KNOTS('',3,1,((#10753,#10754),(#10755,#10756),
(#10757,#10758),(#10759,#10760),(#10761,#10762)),.UNSPECIFIED.,.F.,.F.,
 .F.,(4,1,4),(2,2),(0.,0.147493275031534,0.273919023684884),(0.,0.0500000000000007),
 .UNSPECIFIED.);
#584=B_SPLINE_SURFACE_WITH_KNOTS('',3,1,((#10776,#10777),(#10778,#10779),
(#10780,#10781),(#10782,#10783),(#10784,#10785)),.UNSPECIFIED.,.F.,.F.,
 .F.,(4,1,4),(2,2),(0.,0.136220097367747,0.2819846161107),(0.,0.0500000000000007),
 .UNSPECIFIED.);
#585=B_SPLINE_SURFACE_WITH_KNOTS('',3,1,((#10799,#10800),(#10801,#10802),
(#10803,#10804),(#10805,#10806),(#10807,#10808)),.UNSPECIFIED.,.F.,.F.,
 .F.,(4,1,4),(2,2),(0.,0.155027677624566,0.294267067125978),(0.,0.0500000000000007),
 .UNSPECIFIED.);
#586=B_SPLINE_SURFACE_WITH_KNOTS('',3,1,((#10828,#10829),(#10830,#10831),
(#10832,#10833),(#10834,#10835),(#10836,#10837)),.UNSPECIFIED.,.F.,.F.,
 .F.,(4,1,4),(2,2),(0.,0.102564830180063,0.220156545516387),(0.,0.0500000000000007),
 .UNSPECIFIED.);
#587=FACE_OUTER_BOUND('',#921,.T.);
#588=FACE_OUTER_BOUND('',#922,.T.);
#589=FACE_OUTER_BOUND('',#923,.T.);
#590=FACE_OUTER_BOUND('',#924,.T.);
#591=FACE_OUTER_BOUND('',#925,.T.);
#592=FACE_OUTER_BOUND('',#926,.T.);
#593=FACE_OUTER_BOUND('',#927,.T.);
#594=FACE_OUTER_BOUND('',#928,.T.);
#595=FACE_OUTER_BOUND('',#929,.T.);
#596=FACE_OUTER_BOUND('',#930,.T.);
#597=FACE_OUTER_BOUND('',#931,.T.);
#598=FACE_OUTER_BOUND('',#932,.T.);
#599=FACE_OUTER_BOUND('',#933,.T.);
#600=FACE_OUTER_BOUND('',#934,.T.);
#601=FACE_OUTER_BOUND('',#935,.T.);
#602=FACE_OUTER_BOUND('',#936,.T.);
#603=FACE_OUTER_BOUND('',#937,.T.);
#604=FACE_OUTER_BOUND('',#938,.T.);
#605=FACE_OUTER_BOUND('',#939,.T.);
#606=FACE_OUTER_BOUND('',#940,.T.);
#607=FACE_OUTER_BOUND('',#941,.T.);
#608=FACE_OUTER_BOUND('',#942,.T.);
#609=FACE_OUTER_BOUND('',#943,.T.);
#610=FACE_OUTER_BOUND('',#944,.T.);
#611=FACE_OUTER_BOUND('',#945,.T.);
#612=FACE_OUTER_BOUND('',#946,.T.);
#613=FACE_OUTER_BOUND('',#947,.T.);
#614=FACE_OUTER_BOUND('',#948,.T.);
#615=FACE_OUTER_BOUND('',#949,.T.);
#616=FACE_OUTER_BOUND('',#950,.T.);
#617=FACE_OUTER_BOUND('',#951,.T.);
#618=FACE_OUTER_BOUND('',#952,.T.);
#619=FACE_OUTER_BOUND('',#953,.T.);
#620=FACE_OUTER_BOUND('',#954,.T.);
#621=FACE_OUTER_BOUND('',#955,.T.);
#622=FACE_OUTER_BOUND('',#956,.T.);
#623=FACE_OUTER_BOUND('',#958,.T.);
#624=FACE_OUTER_BOUND('',#959,.T.);
#625=FACE_OUTER_BOUND('',#960,.T.);
#626=FACE_OUTER_BOUND('',#961,.T.);
#627=FACE_OUTER_BOUND('',#962,.T.);
#628=FACE_OUTER_BOUND('',#963,.T.);
#629=FACE_OUTER_BOUND('',#964,.T.);
#630=FACE_OUTER_BOUND('',#965,.T.);
#631=FACE_OUTER_BOUND('',#966,.T.);
#632=FACE_OUTER_BOUND('',#967,.T.);
#633=FACE_OUTER_BOUND('',#968,.T.);
#634=FACE_OUTER_BOUND('',#969,.T.);
#635=FACE_OUTER_BOUND('',#970,.T.);
#636=FACE_OUTER_BOUND('',#971,.T.);
#637=FACE_OUTER_BOUND('',#972,.T.);
#638=FACE_OUTER_BOUND('',#973,.T.);
#639=FACE_OUTER_BOUND('',#974,.T.);
#640=FACE_OUTER_BOUND('',#975,.T.);
#641=FACE_OUTER_BOUND('',#976,.T.);
#642=FACE_OUTER_BOUND('',#977,.T.);
#643=FACE_OUTER_BOUND('',#978,.T.);
#644=FACE_OUTER_BOUND('',#979,.T.);
#645=FACE_OUTER_BOUND('',#980,.T.);
#646=FACE_OUTER_BOUND('',#981,.T.);
#647=FACE_OUTER_BOUND('',#982,.T.);
#648=FACE_OUTER_BOUND('',#983,.T.);
#649=FACE_OUTER_BOUND('',#984,.T.);
#650=FACE_OUTER_BOUND('',#985,.T.);
#651=FACE_OUTER_BOUND('',#986,.T.);
#652=FACE_OUTER_BOUND('',#987,.T.);
#653=FACE_OUTER_BOUND('',#988,.T.);
#654=FACE_OUTER_BOUND('',#989,.T.);
#655=FACE_OUTER_BOUND('',#990,.T.);
#656=FACE_OUTER_BOUND('',#991,.T.);
#657=FACE_OUTER_BOUND('',#992,.T.);
#658=FACE_OUTER_BOUND('',#993,.T.);
#659=FACE_OUTER_BOUND('',#994,.T.);
#660=FACE_OUTER_BOUND('',#995,.T.);
#661=FACE_OUTER_BOUND('',#996,.T.);
#662=FACE_OUTER_BOUND('',#997,.T.);
#663=FACE_OUTER_BOUND('',#998,.T.);
#664=FACE_OUTER_BOUND('',#999,.T.);
#665=FACE_OUTER_BOUND('',#1000,.T.);
#666=FACE_OUTER_BOUND('',#1001,.T.);
#667=FACE_OUTER_BOUND('',#1002,.T.);
#668=FACE_OUTER_BOUND('',#1003,.T.);
#669=FACE_OUTER_BOUND('',#1004,.T.);
#670=FACE_OUTER_BOUND('',#1005,.T.);
#671=FACE_OUTER_BOUND('',#1006,.T.);
#672=FACE_OUTER_BOUND('',#1007,.T.);
#673=FACE_OUTER_BOUND('',#1008,.T.);
#674=FACE_OUTER_BOUND('',#1009,.T.);
#675=FACE_OUTER_BOUND('',#1010,.T.);
#676=FACE_OUTER_BOUND('',#1011,.T.);
#677=FACE_OUTER_BOUND('',#1012,.T.);
#678=FACE_OUTER_BOUND('',#1013,.T.);
#679=FACE_OUTER_BOUND('',#1014,.T.);
#680=FACE_OUTER_BOUND('',#1015,.T.);
#681=FACE_OUTER_BOUND('',#1016,.T.);
#682=FACE_OUTER_BOUND('',#1017,.T.);
#683=FACE_OUTER_BOUND('',#1018,.T.);
#684=FACE_OUTER_BOUND('',#1019,.T.);
#685=FACE_OUTER_BOUND('',#1020,.T.);
#686=FACE_OUTER_BOUND('',#1021,.T.);
#687=FACE_OUTER_BOUND('',#1022,.T.);
#688=FACE_OUTER_BOUND('',#1023,.T.);
#689=FACE_OUTER_BOUND('',#1024,.T.);
#690=FACE_OUTER_BOUND('',#1025,.T.);
#691=FACE_OUTER_BOUND('',#1026,.T.);
#692=FACE_OUTER_BOUND('',#1027,.T.);
#693=FACE_OUTER_BOUND('',#1043,.T.);
#694=FACE_OUTER_BOUND('',#1044,.T.);
#695=FACE_OUTER_BOUND('',#1045,.T.);
#696=FACE_OUTER_BOUND('',#1046,.T.);
#697=FACE_OUTER_BOUND('',#1047,.T.);
#698=FACE_OUTER_BOUND('',#1048,.T.);
#699=FACE_OUTER_BOUND('',#1049,.T.);
#700=FACE_OUTER_BOUND('',#1050,.T.);
#701=FACE_OUTER_BOUND('',#1051,.T.);
#702=FACE_OUTER_BOUND('',#1052,.T.);
#703=FACE_OUTER_BOUND('',#1053,.T.);
#704=FACE_OUTER_BOUND('',#1054,.T.);
#705=FACE_OUTER_BOUND('',#1055,.T.);
#706=FACE_OUTER_BOUND('',#1056,.T.);
#707=FACE_OUTER_BOUND('',#1057,.T.);
#708=FACE_OUTER_BOUND('',#1058,.T.);
#709=FACE_OUTER_BOUND('',#1059,.T.);
#710=FACE_OUTER_BOUND('',#1060,.T.);
#711=FACE_OUTER_BOUND('',#1061,.T.);
#712=FACE_OUTER_BOUND('',#1062,.T.);
#713=FACE_OUTER_BOUND('',#1063,.T.);
#714=FACE_OUTER_BOUND('',#1064,.T.);
#715=FACE_OUTER_BOUND('',#1065,.T.);
#716=FACE_OUTER_BOUND('',#1066,.T.);
#717=FACE_OUTER_BOUND('',#1067,.T.);
#718=FACE_OUTER_BOUND('',#1068,.T.);
#719=FACE_OUTER_BOUND('',#1069,.T.);
#720=FACE_OUTER_BOUND('',#1078,.T.);
#721=FACE_OUTER_BOUND('',#1079,.T.);
#722=FACE_OUTER_BOUND('',#1080,.T.);
#723=FACE_OUTER_BOUND('',#1081,.T.);
#724=FACE_OUTER_BOUND('',#1082,.T.);
#725=FACE_OUTER_BOUND('',#1083,.T.);
#726=FACE_OUTER_BOUND('',#1084,.T.);
#727=FACE_OUTER_BOUND('',#1085,.T.);
#728=FACE_OUTER_BOUND('',#1086,.T.);
#729=FACE_OUTER_BOUND('',#1087,.T.);
#730=FACE_OUTER_BOUND('',#1088,.T.);
#731=FACE_OUTER_BOUND('',#1089,.T.);
#732=FACE_OUTER_BOUND('',#1090,.T.);
#733=FACE_OUTER_BOUND('',#1091,.T.);
#734=FACE_OUTER_BOUND('',#1092,.T.);
#735=FACE_OUTER_BOUND('',#1093,.T.);
#736=FACE_OUTER_BOUND('',#1094,.T.);
#737=FACE_OUTER_BOUND('',#1095,.T.);
#738=FACE_OUTER_BOUND('',#1096,.T.);
#739=FACE_OUTER_BOUND('',#1097,.T.);
#740=FACE_OUTER_BOUND('',#1098,.T.);
#741=FACE_OUTER_BOUND('',#1099,.T.);
#742=FACE_OUTER_BOUND('',#1100,.T.);
#743=FACE_OUTER_BOUND('',#1101,.T.);
#744=FACE_OUTER_BOUND('',#1102,.T.);
#745=FACE_OUTER_BOUND('',#1103,.T.);
#746=FACE_OUTER_BOUND('',#1104,.T.);
#747=FACE_OUTER_BOUND('',#1105,.T.);
#748=FACE_OUTER_BOUND('',#1106,.T.);
#749=FACE_OUTER_BOUND('',#1107,.T.);
#750=FACE_OUTER_BOUND('',#1108,.T.);
#751=FACE_OUTER_BOUND('',#1109,.T.);
#752=FACE_OUTER_BOUND('',#1114,.T.);
#753=FACE_OUTER_BOUND('',#1115,.T.);
#754=FACE_OUTER_BOUND('',#1116,.T.);
#755=FACE_OUTER_BOUND('',#1117,.T.);
#756=FACE_OUTER_BOUND('',#1118,.T.);
#757=FACE_OUTER_BOUND('',#1119,.T.);
#758=FACE_OUTER_BOUND('',#1120,.T.);
#759=FACE_OUTER_BOUND('',#1121,.T.);
#760=FACE_OUTER_BOUND('',#1122,.T.);
#761=FACE_OUTER_BOUND('',#1123,.T.);
#762=FACE_OUTER_BOUND('',#1124,.T.);
#763=FACE_OUTER_BOUND('',#1125,.T.);
#764=FACE_OUTER_BOUND('',#1126,.T.);
#765=FACE_OUTER_BOUND('',#1127,.T.);
#766=FACE_OUTER_BOUND('',#1128,.T.);
#767=FACE_OUTER_BOUND('',#1129,.T.);
#768=FACE_OUTER_BOUND('',#1130,.T.);
#769=FACE_OUTER_BOUND('',#1131,.T.);
#770=FACE_OUTER_BOUND('',#1132,.T.);
#771=FACE_OUTER_BOUND('',#1133,.T.);
#772=FACE_OUTER_BOUND('',#1134,.T.);
#773=FACE_OUTER_BOUND('',#1135,.T.);
#774=FACE_OUTER_BOUND('',#1136,.T.);
#775=FACE_OUTER_BOUND('',#1137,.T.);
#776=FACE_OUTER_BOUND('',#1138,.T.);
#777=FACE_OUTER_BOUND('',#1139,.T.);
#778=FACE_OUTER_BOUND('',#1140,.T.);
#779=FACE_OUTER_BOUND('',#1141,.T.);
#780=FACE_OUTER_BOUND('',#1142,.T.);
#781=FACE_OUTER_BOUND('',#1143,.T.);
#782=FACE_OUTER_BOUND('',#1144,.T.);
#783=FACE_OUTER_BOUND('',#1145,.T.);
#784=FACE_OUTER_BOUND('',#1146,.T.);
#785=FACE_OUTER_BOUND('',#1147,.T.);
#786=FACE_OUTER_BOUND('',#1148,.T.);
#787=FACE_OUTER_BOUND('',#1149,.T.);
#788=FACE_OUTER_BOUND('',#1150,.T.);
#789=FACE_OUTER_BOUND('',#1151,.T.);
#790=FACE_OUTER_BOUND('',#1152,.T.);
#791=FACE_OUTER_BOUND('',#1153,.T.);
#792=FACE_OUTER_BOUND('',#1154,.T.);
#793=FACE_OUTER_BOUND('',#1155,.T.);
#794=FACE_OUTER_BOUND('',#1156,.T.);
#795=FACE_OUTER_BOUND('',#1157,.T.);
#796=FACE_OUTER_BOUND('',#1159,.T.);
#797=FACE_OUTER_BOUND('',#1160,.T.);
#798=FACE_OUTER_BOUND('',#1161,.T.);
#799=FACE_OUTER_BOUND('',#1162,.T.);
#800=FACE_OUTER_BOUND('',#1163,.T.);
#801=FACE_OUTER_BOUND('',#1164,.T.);
#802=FACE_OUTER_BOUND('',#1165,.T.);
#803=FACE_OUTER_BOUND('',#1166,.T.);
#804=FACE_OUTER_BOUND('',#1167,.T.);
#805=FACE_OUTER_BOUND('',#1168,.T.);
#806=FACE_OUTER_BOUND('',#1169,.T.);
#807=FACE_OUTER_BOUND('',#1170,.T.);
#808=FACE_OUTER_BOUND('',#1171,.T.);
#809=FACE_OUTER_BOUND('',#1172,.T.);
#810=FACE_OUTER_BOUND('',#1173,.T.);
#811=FACE_OUTER_BOUND('',#1174,.T.);
#812=FACE_OUTER_BOUND('',#1175,.T.);
#813=FACE_OUTER_BOUND('',#1176,.T.);
#814=FACE_OUTER_BOUND('',#1177,.T.);
#815=FACE_OUTER_BOUND('',#1178,.T.);
#816=FACE_OUTER_BOUND('',#1179,.T.);
#817=FACE_OUTER_BOUND('',#1180,.T.);
#818=FACE_OUTER_BOUND('',#1181,.T.);
#819=FACE_OUTER_BOUND('',#1182,.T.);
#820=FACE_OUTER_BOUND('',#1183,.T.);
#821=FACE_OUTER_BOUND('',#1184,.T.);
#822=FACE_OUTER_BOUND('',#1185,.T.);
#823=FACE_OUTER_BOUND('',#1186,.T.);
#824=FACE_OUTER_BOUND('',#1187,.T.);
#825=FACE_OUTER_BOUND('',#1188,.T.);
#826=FACE_OUTER_BOUND('',#1189,.T.);
#827=FACE_OUTER_BOUND('',#1190,.T.);
#828=FACE_OUTER_BOUND('',#1191,.T.);
#829=FACE_OUTER_BOUND('',#1192,.T.);
#830=FACE_OUTER_BOUND('',#1193,.T.);
#831=FACE_OUTER_BOUND('',#1194,.T.);
#832=FACE_OUTER_BOUND('',#1195,.T.);
#833=FACE_OUTER_BOUND('',#1196,.T.);
#834=FACE_OUTER_BOUND('',#1197,.T.);
#835=FACE_OUTER_BOUND('',#1198,.T.);
#836=FACE_OUTER_BOUND('',#1199,.T.);
#837=FACE_OUTER_BOUND('',#1200,.T.);
#838=FACE_OUTER_BOUND('',#1201,.T.);
#839=FACE_OUTER_BOUND('',#1202,.T.);
#840=FACE_OUTER_BOUND('',#1203,.T.);
#841=FACE_OUTER_BOUND('',#1204,.T.);
#842=FACE_OUTER_BOUND('',#1205,.T.);
#843=FACE_OUTER_BOUND('',#1206,.T.);
#844=FACE_OUTER_BOUND('',#1207,.T.);
#845=FACE_OUTER_BOUND('',#1208,.T.);
#846=FACE_OUTER_BOUND('',#1209,.T.);
#847=FACE_OUTER_BOUND('',#1210,.T.);
#848=FACE_OUTER_BOUND('',#1211,.T.);
#849=FACE_OUTER_BOUND('',#1212,.T.);
#850=FACE_OUTER_BOUND('',#1213,.T.);
#851=FACE_OUTER_BOUND('',#1214,.T.);
#852=FACE_OUTER_BOUND('',#1215,.T.);
#853=FACE_OUTER_BOUND('',#1216,.T.);
#854=FACE_OUTER_BOUND('',#1217,.T.);
#855=FACE_OUTER_BOUND('',#1218,.T.);
#856=FACE_OUTER_BOUND('',#1219,.T.);
#857=FACE_OUTER_BOUND('',#1220,.T.);
#858=FACE_OUTER_BOUND('',#1221,.T.);
#859=FACE_OUTER_BOUND('',#1222,.T.);
#860=FACE_OUTER_BOUND('',#1223,.T.);
#861=FACE_OUTER_BOUND('',#1224,.T.);
#862=FACE_OUTER_BOUND('',#1225,.T.);
#863=FACE_OUTER_BOUND('',#1226,.T.);
#864=FACE_OUTER_BOUND('',#1227,.T.);
#865=FACE_OUTER_BOUND('',#1228,.T.);
#866=FACE_OUTER_BOUND('',#1244,.T.);
#867=FACE_OUTER_BOUND('',#1245,.T.);
#868=FACE_OUTER_BOUND('',#1246,.T.);
#869=FACE_OUTER_BOUND('',#1247,.T.);
#870=FACE_OUTER_BOUND('',#1248,.T.);
#871=FACE_OUTER_BOUND('',#1249,.T.);
#872=FACE_OUTER_BOUND('',#1250,.T.);
#873=FACE_OUTER_BOUND('',#1251,.T.);
#874=FACE_OUTER_BOUND('',#1252,.T.);
#875=FACE_OUTER_BOUND('',#1253,.T.);
#876=FACE_OUTER_BOUND('',#1254,.T.);
#877=FACE_OUTER_BOUND('',#1255,.T.);
#878=FACE_OUTER_BOUND('',#1256,.T.);
#879=FACE_OUTER_BOUND('',#1257,.T.);
#880=FACE_OUTER_BOUND('',#1258,.T.);
#881=FACE_OUTER_BOUND('',#1259,.T.);
#882=FACE_OUTER_BOUND('',#1260,.T.);
#883=FACE_OUTER_BOUND('',#1261,.T.);
#884=FACE_OUTER_BOUND('',#1262,.T.);
#885=FACE_OUTER_BOUND('',#1263,.T.);
#886=FACE_OUTER_BOUND('',#1264,.T.);
#887=FACE_OUTER_BOUND('',#1265,.T.);
#888=FACE_OUTER_BOUND('',#1274,.T.);
#889=FACE_OUTER_BOUND('',#1275,.T.);
#890=FACE_OUTER_BOUND('',#1276,.T.);
#891=FACE_OUTER_BOUND('',#1277,.T.);
#892=FACE_OUTER_BOUND('',#1278,.T.);
#893=FACE_OUTER_BOUND('',#1279,.T.);
#894=FACE_OUTER_BOUND('',#1280,.T.);
#895=FACE_OUTER_BOUND('',#1281,.T.);
#896=FACE_OUTER_BOUND('',#1282,.T.);
#897=FACE_OUTER_BOUND('',#1283,.T.);
#898=FACE_OUTER_BOUND('',#1284,.T.);
#899=FACE_OUTER_BOUND('',#1285,.T.);
#900=FACE_OUTER_BOUND('',#1286,.T.);
#901=FACE_OUTER_BOUND('',#1287,.T.);
#902=FACE_OUTER_BOUND('',#1288,.T.);
#903=FACE_OUTER_BOUND('',#1289,.T.);
#904=FACE_OUTER_BOUND('',#1290,.T.);
#905=FACE_OUTER_BOUND('',#1291,.T.);
#906=FACE_OUTER_BOUND('',#1292,.T.);
#907=FACE_OUTER_BOUND('',#1293,.T.);
#908=FACE_OUTER_BOUND('',#1294,.T.);
#909=FACE_OUTER_BOUND('',#1295,.T.);
#910=FACE_OUTER_BOUND('',#1296,.T.);
#911=FACE_OUTER_BOUND('',#1297,.T.);
#912=FACE_OUTER_BOUND('',#1298,.T.);
#913=FACE_OUTER_BOUND('',#1299,.T.);
#914=FACE_OUTER_BOUND('',#1300,.T.);
#915=FACE_OUTER_BOUND('',#1301,.T.);
#916=FACE_OUTER_BOUND('',#1302,.T.);
#917=FACE_OUTER_BOUND('',#1303,.T.);
#918=FACE_OUTER_BOUND('',#1304,.T.);
#919=FACE_OUTER_BOUND('',#1305,.T.);
#920=FACE_OUTER_BOUND('',#1310,.T.);
#921=EDGE_LOOP('',(#3769,#3770,#3771,#3772));
#922=EDGE_LOOP('',(#3773,#3774,#3775,#3776));
#923=EDGE_LOOP('',(#3777,#3778,#3779,#3780));
#924=EDGE_LOOP('',(#3781,#3782,#3783,#3784));
#925=EDGE_LOOP('',(#3785,#3786,#3787,#3788));
#926=EDGE_LOOP('',(#3789,#3790,#3791,#3792));
#927=EDGE_LOOP('',(#3793,#3794,#3795,#3796));
#928=EDGE_LOOP('',(#3797,#3798,#3799,#3800));
#929=EDGE_LOOP('',(#3801,#3802,#3803,#3804,#3805,#3806,#3807,#3808));
#930=EDGE_LOOP('',(#3809,#3810,#3811,#3812));
#931=EDGE_LOOP('',(#3813,#3814,#3815,#3816));
#932=EDGE_LOOP('',(#3817,#3818,#3819,#3820));
#933=EDGE_LOOP('',(#3821,#3822,#3823,#3824));
#934=EDGE_LOOP('',(#3825,#3826,#3827,#3828));
#935=EDGE_LOOP('',(#3829,#3830,#3831,#3832));
#936=EDGE_LOOP('',(#3833,#3834,#3835,#3836));
#937=EDGE_LOOP('',(#3837,#3838,#3839,#3840));
#938=EDGE_LOOP('',(#3841,#3842,#3843,#3844));
#939=EDGE_LOOP('',(#3845,#3846,#3847,#3848));
#940=EDGE_LOOP('',(#3849,#3850,#3851,#3852));
#941=EDGE_LOOP('',(#3853,#3854,#3855,#3856));
#942=EDGE_LOOP('',(#3857,#3858,#3859,#3860,#3861,#3862,#3863,#3864,#3865,
#3866,#3867,#3868));
#943=EDGE_LOOP('',(#3869,#3870,#3871,#3872));
#944=EDGE_LOOP('',(#3873,#3874,#3875,#3876));
#945=EDGE_LOOP('',(#3877,#3878,#3879,#3880));
#946=EDGE_LOOP('',(#3881,#3882,#3883,#3884));
#947=EDGE_LOOP('',(#3885,#3886,#3887,#3888));
#948=EDGE_LOOP('',(#3889,#3890,#3891,#3892));
#949=EDGE_LOOP('',(#3893,#3894,#3895,#3896));
#950=EDGE_LOOP('',(#3897,#3898,#3899,#3900));
#951=EDGE_LOOP('',(#3901,#3902,#3903,#3904));
#952=EDGE_LOOP('',(#3905,#3906,#3907,#3908));
#953=EDGE_LOOP('',(#3909,#3910,#3911,#3912));
#954=EDGE_LOOP('',(#3913,#3914,#3915,#3916));
#955=EDGE_LOOP('',(#3917,#3918,#3919,#3920));
#956=EDGE_LOOP('',(#3921,#3922,#3923,#3924,#3925,#3926,#3927,#3928));
#957=EDGE_LOOP('',(#3929,#3930,#3931,#3932,#3933));
#958=EDGE_LOOP('',(#3934,#3935,#3936,#3937));
#959=EDGE_LOOP('',(#3938,#3939,#3940,#3941));
#960=EDGE_LOOP('',(#3942,#3943,#3944,#3945));
#961=EDGE_LOOP('',(#3946,#3947,#3948,#3949));
#962=EDGE_LOOP('',(#3950,#3951,#3952,#3953));
#963=EDGE_LOOP('',(#3954,#3955,#3956,#3957));
#964=EDGE_LOOP('',(#3958,#3959,#3960,#3961));
#965=EDGE_LOOP('',(#3962,#3963,#3964,#3965));
#966=EDGE_LOOP('',(#3966,#3967,#3968,#3969));
#967=EDGE_LOOP('',(#3970,#3971,#3972,#3973));
#968=EDGE_LOOP('',(#3974,#3975,#3976,#3977));
#969=EDGE_LOOP('',(#3978,#3979,#3980,#3981));
#970=EDGE_LOOP('',(#3982,#3983,#3984,#3985));
#971=EDGE_LOOP('',(#3986,#3987,#3988,#3989));
#972=EDGE_LOOP('',(#3990,#3991,#3992,#3993));
#973=EDGE_LOOP('',(#3994,#3995,#3996,#3997));
#974=EDGE_LOOP('',(#3998,#3999,#4000,#4001));
#975=EDGE_LOOP('',(#4002,#4003,#4004,#4005));
#976=EDGE_LOOP('',(#4006,#4007,#4008,#4009));
#977=EDGE_LOOP('',(#4010,#4011,#4012,#4013));
#978=EDGE_LOOP('',(#4014,#4015,#4016,#4017));
#979=EDGE_LOOP('',(#4018,#4019,#4020,#4021));
#980=EDGE_LOOP('',(#4022,#4023,#4024,#4025));
#981=EDGE_LOOP('',(#4026,#4027,#4028,#4029));
#982=EDGE_LOOP('',(#4030,#4031,#4032,#4033));
#983=EDGE_LOOP('',(#4034,#4035,#4036,#4037));
#984=EDGE_LOOP('',(#4038,#4039,#4040,#4041));
#985=EDGE_LOOP('',(#4042,#4043,#4044,#4045));
#986=EDGE_LOOP('',(#4046,#4047,#4048,#4049));
#987=EDGE_LOOP('',(#4050,#4051,#4052,#4053));
#988=EDGE_LOOP('',(#4054,#4055,#4056,#4057));
#989=EDGE_LOOP('',(#4058,#4059,#4060,#4061));
#990=EDGE_LOOP('',(#4062,#4063,#4064,#4065));
#991=EDGE_LOOP('',(#4066,#4067,#4068,#4069));
#992=EDGE_LOOP('',(#4070,#4071,#4072,#4073));
#993=EDGE_LOOP('',(#4074,#4075,#4076,#4077,#4078,#4079,#4080,#4081,#4082,
#4083,#4084,#4085,#4086,#4087,#4088,#4089,#4090,#4091,#4092,#4093,#4094,
#4095,#4096,#4097,#4098,#4099,#4100,#4101,#4102,#4103,#4104,#4105,#4106,
#4107,#4108));
#994=EDGE_LOOP('',(#4109,#4110,#4111,#4112));
#995=EDGE_LOOP('',(#4113,#4114,#4115,#4116));
#996=EDGE_LOOP('',(#4117,#4118,#4119,#4120));
#997=EDGE_LOOP('',(#4121,#4122,#4123,#4124));
#998=EDGE_LOOP('',(#4125,#4126,#4127,#4128));
#999=EDGE_LOOP('',(#4129,#4130,#4131,#4132));
#1000=EDGE_LOOP('',(#4133,#4134,#4135,#4136));
#1001=EDGE_LOOP('',(#4137,#4138,#4139,#4140));
#1002=EDGE_LOOP('',(#4141,#4142,#4143,#4144));
#1003=EDGE_LOOP('',(#4145,#4146,#4147,#4148));
#1004=EDGE_LOOP('',(#4149,#4150,#4151,#4152));
#1005=EDGE_LOOP('',(#4153,#4154,#4155,#4156));
#1006=EDGE_LOOP('',(#4157,#4158,#4159,#4160));
#1007=EDGE_LOOP('',(#4161,#4162,#4163,#4164));
#1008=EDGE_LOOP('',(#4165,#4166,#4167,#4168));
#1009=EDGE_LOOP('',(#4169,#4170,#4171,#4172));
#1010=EDGE_LOOP('',(#4173,#4174,#4175,#4176));
#1011=EDGE_LOOP('',(#4177,#4178,#4179,#4180));
#1012=EDGE_LOOP('',(#4181,#4182,#4183,#4184));
#1013=EDGE_LOOP('',(#4185,#4186,#4187,#4188));
#1014=EDGE_LOOP('',(#4189,#4190,#4191,#4192));
#1015=EDGE_LOOP('',(#4193,#4194,#4195,#4196));
#1016=EDGE_LOOP('',(#4197,#4198,#4199,#4200,#4201,#4202,#4203,#4204,#4205,
#4206,#4207,#4208,#4209,#4210,#4211,#4212,#4213,#4214,#4215,#4216,#4217,
#4218));
#1017=EDGE_LOOP('',(#4219,#4220,#4221,#4222));
#1018=EDGE_LOOP('',(#4223,#4224,#4225,#4226));
#1019=EDGE_LOOP('',(#4227,#4228,#4229,#4230));
#1020=EDGE_LOOP('',(#4231,#4232,#4233,#4234));
#1021=EDGE_LOOP('',(#4235,#4236,#4237,#4238));
#1022=EDGE_LOOP('',(#4239,#4240,#4241,#4242));
#1023=EDGE_LOOP('',(#4243,#4244,#4245,#4246));
#1024=EDGE_LOOP('',(#4247,#4248,#4249,#4250));
#1025=EDGE_LOOP('',(#4251,#4252,#4253,#4254));
#1026=EDGE_LOOP('',(#4255,#4256,#4257,#4258));
#1027=EDGE_LOOP('',(#4259,#4260,#4261,#4262));
#1028=EDGE_LOOP('',(#4263));
#1029=EDGE_LOOP('',(#4264));
#1030=EDGE_LOOP('',(#4265));
#1031=EDGE_LOOP('',(#4266));
#1032=EDGE_LOOP('',(#4267));
#1033=EDGE_LOOP('',(#4268));
#1034=EDGE_LOOP('',(#4269));
#1035=EDGE_LOOP('',(#4270));
#1036=EDGE_LOOP('',(#4271,#4272,#4273,#4274));
#1037=EDGE_LOOP('',(#4275,#4276,#4277,#4278));
#1038=EDGE_LOOP('',(#4279,#4280,#4281,#4282,#4283,#4284,#4285,#4286,#4287,
#4288,#4289,#4290,#4291,#4292,#4293,#4294,#4295,#4296,#4297,#4298,#4299,
#4300));
#1039=EDGE_LOOP('',(#4301,#4302,#4303,#4304,#4305,#4306,#4307,#4308,#4309,
#4310,#4311,#4312,#4313,#4314,#4315,#4316,#4317,#4318,#4319,#4320,#4321,
#4322,#4323,#4324,#4325,#4326,#4327,#4328,#4329,#4330,#4331,#4332,#4333,
#4334,#4335));
#1040=EDGE_LOOP('',(#4336,#4337,#4338,#4339,#4340,#4341,#4342,#4343));
#1041=EDGE_LOOP('',(#4344,#4345,#4346,#4347,#4348,#4349,#4350,#4351,#4352,
#4353,#4354,#4355));
#1042=EDGE_LOOP('',(#4356,#4357,#4358,#4359,#4360,#4361,#4362,#4363));
#1043=EDGE_LOOP('',(#4364,#4365,#4366,#4367));
#1044=EDGE_LOOP('',(#4368,#4369,#4370,#4371));
#1045=EDGE_LOOP('',(#4372,#4373,#4374));
#1046=EDGE_LOOP('',(#4375,#4376,#4377,#4378));
#1047=EDGE_LOOP('',(#4379,#4380,#4381));
#1048=EDGE_LOOP('',(#4382,#4383,#4384,#4385));
#1049=EDGE_LOOP('',(#4386,#4387,#4388));
#1050=EDGE_LOOP('',(#4389,#4390,#4391));
#1051=EDGE_LOOP('',(#4392,#4393,#4394,#4395));
#1052=EDGE_LOOP('',(#4396,#4397,#4398,#4399));
#1053=EDGE_LOOP('',(#4400,#4401,#4402,#4403));
#1054=EDGE_LOOP('',(#4404,#4405,#4406,#4407));
#1055=EDGE_LOOP('',(#4408,#4409,#4410,#4411,#4412,#4413,#4414,#4415));
#1056=EDGE_LOOP('',(#4416,#4417,#4418,#4419));
#1057=EDGE_LOOP('',(#4420,#4421,#4422,#4423,#4424));
#1058=EDGE_LOOP('',(#4425,#4426,#4427,#4428));
#1059=EDGE_LOOP('',(#4429,#4430,#4431,#4432));
#1060=EDGE_LOOP('',(#4433,#4434,#4435,#4436));
#1061=EDGE_LOOP('',(#4437,#4438,#4439,#4440));
#1062=EDGE_LOOP('',(#4441,#4442,#4443,#4444));
#1063=EDGE_LOOP('',(#4445,#4446,#4447,#4448));
#1064=EDGE_LOOP('',(#4449,#4450,#4451,#4452));
#1065=EDGE_LOOP('',(#4453,#4454,#4455,#4456));
#1066=EDGE_LOOP('',(#4457,#4458,#4459,#4460));
#1067=EDGE_LOOP('',(#4461,#4462,#4463,#4464));
#1068=EDGE_LOOP('',(#4465,#4466,#4467,#4468));
#1069=EDGE_LOOP('',(#4469,#4470,#4471,#4472));
#1070=EDGE_LOOP('',(#4473));
#1071=EDGE_LOOP('',(#4474));
#1072=EDGE_LOOP('',(#4475));
#1073=EDGE_LOOP('',(#4476));
#1074=EDGE_LOOP('',(#4477));
#1075=EDGE_LOOP('',(#4478));
#1076=EDGE_LOOP('',(#4479));
#1077=EDGE_LOOP('',(#4480));
#1078=EDGE_LOOP('',(#4481,#4482,#4483,#4484));
#1079=EDGE_LOOP('',(#4485,#4486,#4487,#4488));
#1080=EDGE_LOOP('',(#4489,#4490,#4491,#4492));
#1081=EDGE_LOOP('',(#4493,#4494,#4495,#4496));
#1082=EDGE_LOOP('',(#4497,#4498,#4499,#4500));
#1083=EDGE_LOOP('',(#4501,#4502,#4503));
#1084=EDGE_LOOP('',(#4504,#4505,#4506,#4507));
#1085=EDGE_LOOP('',(#4508,#4509,#4510));
#1086=EDGE_LOOP('',(#4511,#4512,#4513,#4514));
#1087=EDGE_LOOP('',(#4515,#4516,#4517));
#1088=EDGE_LOOP('',(#4518,#4519,#4520));
#1089=EDGE_LOOP('',(#4521,#4522,#4523,#4524));
#1090=EDGE_LOOP('',(#4525,#4526,#4527,#4528));
#1091=EDGE_LOOP('',(#4529,#4530,#4531,#4532));
#1092=EDGE_LOOP('',(#4533,#4534,#4535,#4536));
#1093=EDGE_LOOP('',(#4537,#4538,#4539,#4540,#4541,#4542,#4543,#4544));
#1094=EDGE_LOOP('',(#4545,#4546,#4547,#4548));
#1095=EDGE_LOOP('',(#4549,#4550,#4551,#4552));
#1096=EDGE_LOOP('',(#4553,#4554,#4555,#4556));
#1097=EDGE_LOOP('',(#4557,#4558,#4559,#4560));
#1098=EDGE_LOOP('',(#4561));
#1099=EDGE_LOOP('',(#4562,#4563,#4564,#4565));
#1100=EDGE_LOOP('',(#4566));
#1101=EDGE_LOOP('',(#4567,#4568,#4569,#4570));
#1102=EDGE_LOOP('',(#4571));
#1103=EDGE_LOOP('',(#4572,#4573,#4574,#4575));
#1104=EDGE_LOOP('',(#4576));
#1105=EDGE_LOOP('',(#4577,#4578,#4579,#4580));
#1106=EDGE_LOOP('',(#4581,#4582,#4583,#4584));
#1107=EDGE_LOOP('',(#4585,#4586,#4587,#4588));
#1108=EDGE_LOOP('',(#4589,#4590,#4591,#4592));
#1109=EDGE_LOOP('',(#4593,#4594,#4595,#4596));
#1110=EDGE_LOOP('',(#4597));
#1111=EDGE_LOOP('',(#4598));
#1112=EDGE_LOOP('',(#4599));
#1113=EDGE_LOOP('',(#4600));
#1114=EDGE_LOOP('',(#4601,#4602,#4603,#4604));
#1115=EDGE_LOOP('',(#4605,#4606,#4607,#4608));
#1116=EDGE_LOOP('',(#4609,#4610,#4611,#4612,#4613));
#1117=EDGE_LOOP('',(#4614,#4615,#4616,#4617,#4618,#4619,#4620,#4621,#4622,
#4623));
#1118=EDGE_LOOP('',(#4624,#4625,#4626));
#1119=EDGE_LOOP('',(#4627,#4628,#4629));
#1120=EDGE_LOOP('',(#4630,#4631,#4632,#4633));
#1121=EDGE_LOOP('',(#4634,#4635,#4636,#4637,#4638,#4639));
#1122=EDGE_LOOP('',(#4640,#4641,#4642,#4643));
#1123=EDGE_LOOP('',(#4644,#4645,#4646,#4647));
#1124=EDGE_LOOP('',(#4648,#4649,#4650,#4651));
#1125=EDGE_LOOP('',(#4652,#4653,#4654,#4655));
#1126=EDGE_LOOP('',(#4656,#4657,#4658,#4659));
#1127=EDGE_LOOP('',(#4660,#4661,#4662,#4663));
#1128=EDGE_LOOP('',(#4664,#4665,#4666,#4667));
#1129=EDGE_LOOP('',(#4668,#4669,#4670,#4671));
#1130=EDGE_LOOP('',(#4672,#4673,#4674,#4675,#4676,#4677,#4678,#4679));
#1131=EDGE_LOOP('',(#4680,#4681,#4682,#4683));
#1132=EDGE_LOOP('',(#4684,#4685,#4686,#4687));
#1133=EDGE_LOOP('',(#4688,#4689,#4690,#4691));
#1134=EDGE_LOOP('',(#4692,#4693,#4694,#4695));
#1135=EDGE_LOOP('',(#4696,#4697,#4698,#4699));
#1136=EDGE_LOOP('',(#4700,#4701,#4702,#4703));
#1137=EDGE_LOOP('',(#4704,#4705,#4706,#4707));
#1138=EDGE_LOOP('',(#4708,#4709,#4710,#4711));
#1139=EDGE_LOOP('',(#4712,#4713,#4714,#4715));
#1140=EDGE_LOOP('',(#4716,#4717,#4718,#4719));
#1141=EDGE_LOOP('',(#4720,#4721,#4722,#4723));
#1142=EDGE_LOOP('',(#4724,#4725,#4726,#4727));
#1143=EDGE_LOOP('',(#4728,#4729,#4730,#4731,#4732,#4733,#4734,#4735,#4736,
#4737,#4738,#4739));
#1144=EDGE_LOOP('',(#4740,#4741,#4742,#4743));
#1145=EDGE_LOOP('',(#4744,#4745,#4746,#4747));
#1146=EDGE_LOOP('',(#4748,#4749,#4750,#4751));
#1147=EDGE_LOOP('',(#4752,#4753,#4754,#4755));
#1148=EDGE_LOOP('',(#4756,#4757,#4758,#4759));
#1149=EDGE_LOOP('',(#4760,#4761,#4762,#4763));
#1150=EDGE_LOOP('',(#4764,#4765,#4766,#4767));
#1151=EDGE_LOOP('',(#4768,#4769,#4770,#4771));
#1152=EDGE_LOOP('',(#4772,#4773,#4774,#4775));
#1153=EDGE_LOOP('',(#4776,#4777,#4778,#4779));
#1154=EDGE_LOOP('',(#4780,#4781,#4782,#4783));
#1155=EDGE_LOOP('',(#4784,#4785,#4786,#4787));
#1156=EDGE_LOOP('',(#4788,#4789,#4790,#4791));
#1157=EDGE_LOOP('',(#4792,#4793,#4794,#4795,#4796,#4797,#4798,#4799));
#1158=EDGE_LOOP('',(#4800,#4801,#4802,#4803,#4804));
#1159=EDGE_LOOP('',(#4805,#4806,#4807,#4808));
#1160=EDGE_LOOP('',(#4809,#4810,#4811,#4812));
#1161=EDGE_LOOP('',(#4813,#4814,#4815,#4816));
#1162=EDGE_LOOP('',(#4817,#4818,#4819,#4820));
#1163=EDGE_LOOP('',(#4821,#4822,#4823,#4824));
#1164=EDGE_LOOP('',(#4825,#4826,#4827,#4828));
#1165=EDGE_LOOP('',(#4829,#4830,#4831,#4832));
#1166=EDGE_LOOP('',(#4833,#4834,#4835,#4836));
#1167=EDGE_LOOP('',(#4837,#4838,#4839,#4840));
#1168=EDGE_LOOP('',(#4841,#4842,#4843,#4844));
#1169=EDGE_LOOP('',(#4845,#4846,#4847,#4848));
#1170=EDGE_LOOP('',(#4849,#4850,#4851,#4852));
#1171=EDGE_LOOP('',(#4853,#4854,#4855,#4856));
#1172=EDGE_LOOP('',(#4857,#4858,#4859,#4860));
#1173=EDGE_LOOP('',(#4861,#4862,#4863,#4864));
#1174=EDGE_LOOP('',(#4865,#4866,#4867,#4868));
#1175=EDGE_LOOP('',(#4869,#4870,#4871,#4872));
#1176=EDGE_LOOP('',(#4873,#4874,#4875,#4876));
#1177=EDGE_LOOP('',(#4877,#4878,#4879,#4880));
#1178=EDGE_LOOP('',(#4881,#4882,#4883,#4884));
#1179=EDGE_LOOP('',(#4885,#4886,#4887,#4888));
#1180=EDGE_LOOP('',(#4889,#4890,#4891,#4892));
#1181=EDGE_LOOP('',(#4893,#4894,#4895,#4896));
#1182=EDGE_LOOP('',(#4897,#4898,#4899,#4900));
#1183=EDGE_LOOP('',(#4901,#4902,#4903,#4904));
#1184=EDGE_LOOP('',(#4905,#4906,#4907,#4908));
#1185=EDGE_LOOP('',(#4909,#4910,#4911,#4912));
#1186=EDGE_LOOP('',(#4913,#4914,#4915,#4916));
#1187=EDGE_LOOP('',(#4917,#4918,#4919,#4920));
#1188=EDGE_LOOP('',(#4921,#4922,#4923,#4924));
#1189=EDGE_LOOP('',(#4925,#4926,#4927,#4928));
#1190=EDGE_LOOP('',(#4929,#4930,#4931,#4932));
#1191=EDGE_LOOP('',(#4933,#4934,#4935,#4936));
#1192=EDGE_LOOP('',(#4937,#4938,#4939,#4940));
#1193=EDGE_LOOP('',(#4941,#4942,#4943,#4944));
#1194=EDGE_LOOP('',(#4945,#4946,#4947,#4948,#4949,#4950,#4951,#4952,#4953,
#4954,#4955,#4956,#4957,#4958,#4959,#4960,#4961,#4962,#4963,#4964,#4965,
#4966,#4967,#4968,#4969,#4970,#4971,#4972,#4973,#4974,#4975,#4976,#4977,
#4978,#4979));
#1195=EDGE_LOOP('',(#4980,#4981,#4982,#4983));
#1196=EDGE_LOOP('',(#4984,#4985,#4986,#4987));
#1197=EDGE_LOOP('',(#4988,#4989,#4990,#4991));
#1198=EDGE_LOOP('',(#4992,#4993,#4994,#4995));
#1199=EDGE_LOOP('',(#4996,#4997,#4998,#4999));
#1200=EDGE_LOOP('',(#5000,#5001,#5002,#5003));
#1201=EDGE_LOOP('',(#5004,#5005,#5006,#5007));
#1202=EDGE_LOOP('',(#5008,#5009,#5010,#5011));
#1203=EDGE_LOOP('',(#5012,#5013,#5014,#5015));
#1204=EDGE_LOOP('',(#5016,#5017,#5018,#5019));
#1205=EDGE_LOOP('',(#5020,#5021,#5022,#5023));
#1206=EDGE_LOOP('',(#5024,#5025,#5026,#5027));
#1207=EDGE_LOOP('',(#5028,#5029,#5030,#5031));
#1208=EDGE_LOOP('',(#5032,#5033,#5034,#5035));
#1209=EDGE_LOOP('',(#5036,#5037,#5038,#5039));
#1210=EDGE_LOOP('',(#5040,#5041,#5042,#5043));
#1211=EDGE_LOOP('',(#5044,#5045,#5046,#5047));
#1212=EDGE_LOOP('',(#5048,#5049,#5050,#5051));
#1213=EDGE_LOOP('',(#5052,#5053,#5054,#5055));
#1214=EDGE_LOOP('',(#5056,#5057,#5058,#5059));
#1215=EDGE_LOOP('',(#5060,#5061,#5062,#5063));
#1216=EDGE_LOOP('',(#5064,#5065,#5066,#5067));
#1217=EDGE_LOOP('',(#5068,#5069,#5070,#5071,#5072,#5073,#5074,#5075,#5076,
#5077,#5078,#5079,#5080,#5081,#5082,#5083,#5084,#5085,#5086,#5087,#5088,
#5089));
#1218=EDGE_LOOP('',(#5090,#5091,#5092,#5093));
#1219=EDGE_LOOP('',(#5094,#5095,#5096,#5097));
#1220=EDGE_LOOP('',(#5098,#5099,#5100,#5101));
#1221=EDGE_LOOP('',(#5102,#5103,#5104,#5105));
#1222=EDGE_LOOP('',(#5106,#5107,#5108,#5109));
#1223=EDGE_LOOP('',(#5110,#5111,#5112,#5113));
#1224=EDGE_LOOP('',(#5114,#5115,#5116,#5117));
#1225=EDGE_LOOP('',(#5118,#5119,#5120,#5121));
#1226=EDGE_LOOP('',(#5122,#5123,#5124,#5125));
#1227=EDGE_LOOP('',(#5126,#5127,#5128,#5129));
#1228=EDGE_LOOP('',(#5130,#5131,#5132,#5133));
#1229=EDGE_LOOP('',(#5134));
#1230=EDGE_LOOP('',(#5135));
#1231=EDGE_LOOP('',(#5136));
#1232=EDGE_LOOP('',(#5137));
#1233=EDGE_LOOP('',(#5138));
#1234=EDGE_LOOP('',(#5139));
#1235=EDGE_LOOP('',(#5140));
#1236=EDGE_LOOP('',(#5141));
#1237=EDGE_LOOP('',(#5142,#5143,#5144,#5145));
#1238=EDGE_LOOP('',(#5146,#5147,#5148,#5149));
#1239=EDGE_LOOP('',(#5150,#5151,#5152,#5153,#5154,#5155,#5156,#5157,#5158,
#5159,#5160,#5161,#5162,#5163,#5164,#5165,#5166,#5167,#5168,#5169,#5170,
#5171));
#1240=EDGE_LOOP('',(#5172,#5173,#5174,#5175,#5176,#5177,#5178,#5179,#5180,
#5181,#5182,#5183,#5184,#5185,#5186,#5187,#5188,#5189,#5190,#5191,#5192,
#5193,#5194,#5195,#5196,#5197,#5198,#5199,#5200,#5201,#5202,#5203,#5204,
#5205,#5206));
#1241=EDGE_LOOP('',(#5207,#5208,#5209,#5210,#5211,#5212,#5213,#5214));
#1242=EDGE_LOOP('',(#5215,#5216,#5217,#5218,#5219,#5220,#5221,#5222,#5223,
#5224,#5225,#5226));
#1243=EDGE_LOOP('',(#5227,#5228,#5229,#5230,#5231,#5232,#5233,#5234));
#1244=EDGE_LOOP('',(#5235,#5236,#5237,#5238));
#1245=EDGE_LOOP('',(#5239,#5240,#5241));
#1246=EDGE_LOOP('',(#5242,#5243,#5244,#5245));
#1247=EDGE_LOOP('',(#5246,#5247,#5248));
#1248=EDGE_LOOP('',(#5249,#5250,#5251,#5252));
#1249=EDGE_LOOP('',(#5253,#5254,#5255,#5256,#5257));
#1250=EDGE_LOOP('',(#5258,#5259,#5260,#5261,#5262));
#1251=EDGE_LOOP('',(#5263,#5264,#5265,#5266));
#1252=EDGE_LOOP('',(#5267,#5268,#5269,#5270,#5271,#5272,#5273,#5274));
#1253=EDGE_LOOP('',(#5275,#5276,#5277,#5278,#5279));
#1254=EDGE_LOOP('',(#5280,#5281,#5282,#5283));
#1255=EDGE_LOOP('',(#5284,#5285,#5286,#5287));
#1256=EDGE_LOOP('',(#5288,#5289,#5290,#5291));
#1257=EDGE_LOOP('',(#5292,#5293,#5294,#5295));
#1258=EDGE_LOOP('',(#5296,#5297,#5298,#5299));
#1259=EDGE_LOOP('',(#5300,#5301,#5302,#5303));
#1260=EDGE_LOOP('',(#5304,#5305,#5306,#5307));
#1261=EDGE_LOOP('',(#5308,#5309,#5310,#5311));
#1262=EDGE_LOOP('',(#5312,#5313,#5314,#5315));
#1263=EDGE_LOOP('',(#5316,#5317,#5318,#5319,#5320,#5321));
#1264=EDGE_LOOP('',(#5322,#5323,#5324,#5325));
#1265=EDGE_LOOP('',(#5326,#5327,#5328,#5329));
#1266=EDGE_LOOP('',(#5330));
#1267=EDGE_LOOP('',(#5331));
#1268=EDGE_LOOP('',(#5332));
#1269=EDGE_LOOP('',(#5333));
#1270=EDGE_LOOP('',(#5334));
#1271=EDGE_LOOP('',(#5335));
#1272=EDGE_LOOP('',(#5336));
#1273=EDGE_LOOP('',(#5337));
#1274=EDGE_LOOP('',(#5338,#5339,#5340,#5341,#5342));
#1275=EDGE_LOOP('',(#5343,#5344,#5345,#5346));
#1276=EDGE_LOOP('',(#5347,#5348,#5349,#5350));
#1277=EDGE_LOOP('',(#5351,#5352,#5353,#5354,#5355));
#1278=EDGE_LOOP('',(#5356,#5357,#5358,#5359,#5360,#5361,#5362,#5363,#5364,
#5365));
#1279=EDGE_LOOP('',(#5366,#5367,#5368,#5369));
#1280=EDGE_LOOP('',(#5370,#5371,#5372,#5373));
#1281=EDGE_LOOP('',(#5374,#5375,#5376,#5377));
#1282=EDGE_LOOP('',(#5378,#5379,#5380,#5381));
#1283=EDGE_LOOP('',(#5382,#5383,#5384,#5385,#5386,#5387));
#1284=EDGE_LOOP('',(#5388,#5389,#5390,#5391,#5392));
#1285=EDGE_LOOP('',(#5393,#5394,#5395,#5396,#5397,#5398));
#1286=EDGE_LOOP('',(#5399,#5400,#5401,#5402,#5403,#5404));
#1287=EDGE_LOOP('',(#5405,#5406,#5407,#5408));
#1288=EDGE_LOOP('',(#5409,#5410,#5411,#5412));
#1289=EDGE_LOOP('',(#5413,#5414,#5415));
#1290=EDGE_LOOP('',(#5416,#5417,#5418));
#1291=EDGE_LOOP('',(#5419,#5420,#5421,#5422));
#1292=EDGE_LOOP('',(#5423,#5424,#5425,#5426));
#1293=EDGE_LOOP('',(#5427,#5428,#5429,#5430,#5431,#5432,#5433,#5434));
#1294=EDGE_LOOP('',(#5435,#5436,#5437,#5438,#5439,#5440));
#1295=EDGE_LOOP('',(#5441,#5442,#5443,#5444));
#1296=EDGE_LOOP('',(#5445,#5446,#5447,#5448));
#1297=EDGE_LOOP('',(#5449));
#1298=EDGE_LOOP('',(#5450,#5451,#5452,#5453));
#1299=EDGE_LOOP('',(#5454));
#1300=EDGE_LOOP('',(#5455,#5456,#5457,#5458));
#1301=EDGE_LOOP('',(#5459));
#1302=EDGE_LOOP('',(#5460,#5461,#5462,#5463));
#1303=EDGE_LOOP('',(#5464));
#1304=EDGE_LOOP('',(#5465,#5466,#5467,#5468));
#1305=EDGE_LOOP('',(#5469,#5470,#5471,#5472));
#1306=EDGE_LOOP('',(#5473));
#1307=EDGE_LOOP('',(#5474));
#1308=EDGE_LOOP('',(#5475));
#1309=EDGE_LOOP('',(#5476));
#1310=EDGE_LOOP('',(#5477,#5478,#5479,#5480));
#1311=LINE('',#7514,#1835);
#1312=LINE('',#7516,#1836);
#1313=LINE('',#7518,#1837);
#1314=LINE('',#7519,#1838);
#1315=LINE('',#7522,#1839);
#1316=LINE('',#7524,#1840);
#1317=LINE('',#7525,#1841);
#1318=LINE('',#7528,#1842);
#1319=LINE('',#7530,#1843);
#1320=LINE('',#7531,#1844);
#1321=LINE('',#7534,#1845);
#1322=LINE('',#7536,#1846);
#1323=LINE('',#7537,#1847);
#1324=LINE('',#7540,#1848);
#1325=LINE('',#7542,#1849);
#1326=LINE('',#7543,#1850);
#1327=LINE('',#7546,#1851);
#1328=LINE('',#7548,#1852);
#1329=LINE('',#7549,#1853);
#1330=LINE('',#7552,#1854);
#1331=LINE('',#7554,#1855);
#1332=LINE('',#7555,#1856);
#1333=LINE('',#7557,#1857);
#1334=LINE('',#7558,#1858);
#1335=LINE('',#7563,#1859);
#1336=LINE('',#7565,#1860);
#1337=LINE('',#7567,#1861);
#1338=LINE('',#7568,#1862);
#1339=LINE('',#7571,#1863);
#1340=LINE('',#7573,#1864);
#1341=LINE('',#7574,#1865);
#1342=LINE('',#7577,#1866);
#1343=LINE('',#7579,#1867);
#1344=LINE('',#7580,#1868);
#1345=LINE('',#7583,#1869);
#1346=LINE('',#7585,#1870);
#1347=LINE('',#7586,#1871);
#1348=LINE('',#7589,#1872);
#1349=LINE('',#7591,#1873);
#1350=LINE('',#7592,#1874);
#1351=LINE('',#7595,#1875);
#1352=LINE('',#7597,#1876);
#1353=LINE('',#7598,#1877);
#1354=LINE('',#7601,#1878);
#1355=LINE('',#7603,#1879);
#1356=LINE('',#7604,#1880);
#1357=LINE('',#7607,#1881);
#1358=LINE('',#7609,#1882);
#1359=LINE('',#7610,#1883);
#1360=LINE('',#7613,#1884);
#1361=LINE('',#7615,#1885);
#1362=LINE('',#7616,#1886);
#1363=LINE('',#7619,#1887);
#1364=LINE('',#7621,#1888);
#1365=LINE('',#7622,#1889);
#1366=LINE('',#7625,#1890);
#1367=LINE('',#7627,#1891);
#1368=LINE('',#7628,#1892);
#1369=LINE('',#7630,#1893);
#1370=LINE('',#7631,#1894);
#1371=LINE('',#7651,#1895);
#1372=LINE('',#7658,#1896);
#1373=LINE('',#7676,#1897);
#1374=LINE('',#7684,#1898);
#1375=LINE('',#7686,#1899);
#1376=LINE('',#7687,#1900);
#1377=LINE('',#7690,#1901);
#1378=LINE('',#7692,#1902);
#1379=LINE('',#7693,#1903);
#1380=LINE('',#7695,#1904);
#1381=LINE('',#7696,#1905);
#1382=LINE('',#7700,#1906);
#1383=LINE('',#7702,#1907);
#1384=LINE('',#7704,#1908);
#1385=LINE('',#7705,#1909);
#1386=LINE('',#7708,#1910);
#1387=LINE('',#7710,#1911);
#1388=LINE('',#7711,#1912);
#1389=LINE('',#7714,#1913);
#1390=LINE('',#7716,#1914);
#1391=LINE('',#7717,#1915);
#1392=LINE('',#7720,#1916);
#1393=LINE('',#7722,#1917);
#1394=LINE('',#7723,#1918);
#1395=LINE('',#7726,#1919);
#1396=LINE('',#7728,#1920);
#1397=LINE('',#7729,#1921);
#1398=LINE('',#7732,#1922);
#1399=LINE('',#7734,#1923);
#1400=LINE('',#7735,#1924);
#1401=LINE('',#7738,#1925);
#1402=LINE('',#7740,#1926);
#1403=LINE('',#7741,#1927);
#1404=LINE('',#7743,#1928);
#1405=LINE('',#7744,#1929);
#1406=LINE('',#7764,#1930);
#1407=LINE('',#7771,#1931);
#1408=LINE('',#7789,#1932);
#1409=LINE('',#7812,#1933);
#1410=LINE('',#7835,#1934);
#1411=LINE('',#7858,#1935);
#1412=LINE('',#7881,#1936);
#1413=LINE('',#7904,#1937);
#1414=LINE('',#7927,#1938);
#1415=LINE('',#7950,#1939);
#1416=LINE('',#7973,#1940);
#1417=LINE('',#7996,#1941);
#1418=LINE('',#8019,#1942);
#1419=LINE('',#8042,#1943);
#1420=LINE('',#8065,#1944);
#1421=LINE('',#8073,#1945);
#1422=LINE('',#8075,#1946);
#1423=LINE('',#8076,#1947);
#1424=LINE('',#8094,#1948);
#1425=LINE('',#8117,#1949);
#1426=LINE('',#8140,#1950);
#1427=LINE('',#8163,#1951);
#1428=LINE('',#8186,#1952);
#1429=LINE('',#8209,#1953);
#1430=LINE('',#8232,#1954);
#1431=LINE('',#8255,#1955);
#1432=LINE('',#8278,#1956);
#1433=LINE('',#8301,#1957);
#1434=LINE('',#8324,#1958);
#1435=LINE('',#8347,#1959);
#1436=LINE('',#8370,#1960);
#1437=LINE('',#8393,#1961);
#1438=LINE('',#8416,#1962);
#1439=LINE('',#8439,#1963);
#1440=LINE('',#8462,#1964);
#1441=LINE('',#8485,#1965);
#1442=LINE('',#8493,#1966);
#1443=LINE('',#8495,#1967);
#1444=LINE('',#8496,#1968);
#1445=LINE('',#8536,#1969);
#1446=LINE('',#8543,#1970);
#1447=LINE('',#8561,#1971);
#1448=LINE('',#8584,#1972);
#1449=LINE('',#8607,#1973);
#1450=LINE('',#8630,#1974);
#1451=LINE('',#8653,#1975);
#1452=LINE('',#8676,#1976);
#1453=LINE('',#8699,#1977);
#1454=LINE('',#8722,#1978);
#1455=LINE('',#8730,#1979);
#1456=LINE('',#8732,#1980);
#1457=LINE('',#8733,#1981);
#1458=LINE('',#8751,#1982);
#1459=LINE('',#8774,#1983);
#1460=LINE('',#8797,#1984);
#1461=LINE('',#8820,#1985);
#1462=LINE('',#8843,#1986);
#1463=LINE('',#8866,#1987);
#1464=LINE('',#8889,#1988);
#1465=LINE('',#8912,#1989);
#1466=LINE('',#8935,#1990);
#1467=LINE('',#8958,#1991);
#1468=LINE('',#8966,#1992);
#1469=LINE('',#8968,#1993);
#1470=LINE('',#8969,#1994);
#1471=LINE('',#8994,#1995);
#1472=LINE('',#8996,#1996);
#1473=LINE('',#8998,#1997);
#1474=LINE('',#8999,#1998);
#1475=LINE('',#9002,#1999);
#1476=LINE('',#9004,#2000);
#1477=LINE('',#9005,#2001);
#1478=LINE('',#9008,#2002);
#1479=LINE('',#9010,#2003);
#1480=LINE('',#9011,#2004);
#1481=LINE('',#9013,#2005);
#1482=LINE('',#9014,#2006);
#1483=LINE('',#9019,#2007);
#1484=LINE('',#9021,#2008);
#1485=LINE('',#9023,#2009);
#1486=LINE('',#9024,#2010);
#1487=LINE('',#9027,#2011);
#1488=LINE('',#9029,#2012);
#1489=LINE('',#9030,#2013);
#1490=LINE('',#9033,#2014);
#1491=LINE('',#9035,#2015);
#1492=LINE('',#9036,#2016);
#1493=LINE('',#9038,#2017);
#1494=LINE('',#9039,#2018);
#1495=LINE('',#9044,#2019);
#1496=LINE('',#9046,#2020);
#1497=LINE('',#9048,#2021);
#1498=LINE('',#9049,#2022);
#1499=LINE('',#9071,#2023);
#1500=LINE('',#9074,#2024);
#1501=LINE('',#9079,#2025);
#1502=LINE('',#9087,#2026);
#1503=LINE('',#9089,#2027);
#1504=LINE('',#9096,#2028);
#1505=LINE('',#9098,#2029);
#1506=LINE('',#9105,#2030);
#1507=LINE('',#9109,#2031);
#1508=LINE('',#9110,#2032);
#1509=LINE('',#9113,#2033);
#1510=LINE('',#9117,#2034);
#1511=LINE('',#9118,#2035);
#1512=LINE('',#9123,#2036);
#1513=LINE('',#9126,#2037);
#1514=LINE('',#9129,#2038);
#1515=LINE('',#9132,#2039);
#1516=LINE('',#9136,#2040);
#1517=LINE('',#9140,#2041);
#1518=LINE('',#9144,#2042);
#1519=LINE('',#9148,#2043);
#1520=LINE('',#9152,#2044);
#1521=LINE('',#9156,#2045);
#1522=LINE('',#9160,#2046);
#1523=LINE('',#9165,#2047);
#1524=LINE('',#9166,#2048);
#1525=LINE('',#9167,#2049);
#1526=LINE('',#9170,#2050);
#1527=LINE('',#9171,#2051);
#1528=LINE('',#9174,#2052);
#1529=LINE('',#9175,#2053);
#1530=LINE('',#9177,#2054);
#1531=LINE('',#9185,#2055);
#1532=LINE('',#9188,#2056);
#1533=LINE('',#9194,#2057);
#1534=LINE('',#9196,#2058);
#1535=LINE('',#9204,#2059);
#1536=LINE('',#9206,#2060);
#1537=LINE('',#9213,#2061);
#1538=LINE('',#9215,#2062);
#1539=LINE('',#9222,#2063);
#1540=LINE('',#9225,#2064);
#1541=LINE('',#9228,#2065);
#1542=LINE('',#9229,#2066);
#1543=LINE('',#9232,#2067);
#1544=LINE('',#9236,#2068);
#1545=LINE('',#9237,#2069);
#1546=LINE('',#9242,#2070);
#1547=LINE('',#9245,#2071);
#1548=LINE('',#9247,#2072);
#1549=LINE('',#9249,#2073);
#1550=LINE('',#9251,#2074);
#1551=LINE('',#9256,#2075);
#1552=LINE('',#9263,#2076);
#1553=LINE('',#9270,#2077);
#1554=LINE('',#9277,#2078);
#1555=LINE('',#9283,#2079);
#1556=LINE('',#9284,#2080);
#1557=LINE('',#9285,#2081);
#1558=LINE('',#9288,#2082);
#1559=LINE('',#9289,#2083);
#1560=LINE('',#9292,#2084);
#1561=LINE('',#9293,#2085);
#1562=LINE('',#9295,#2086);
#1563=LINE('',#9312,#2087);
#1564=LINE('',#9324,#2088);
#1565=LINE('',#9329,#2089);
#1566=LINE('',#9332,#2090);
#1567=LINE('',#9337,#2091);
#1568=LINE('',#9339,#2092);
#1569=LINE('',#9341,#2093);
#1570=LINE('',#9343,#2094);
#1571=LINE('',#9345,#2095);
#1572=LINE('',#9347,#2096);
#1573=LINE('',#9348,#2097);
#1574=LINE('',#9352,#2098);
#1575=LINE('',#9356,#2099);
#1576=LINE('',#9359,#2100);
#1577=LINE('',#9362,#2101);
#1578=LINE('',#9365,#2102);
#1579=LINE('',#9367,#2103);
#1580=LINE('',#9368,#2104);
#1581=LINE('',#9372,#2105);
#1582=LINE('',#9374,#2106);
#1583=LINE('',#9376,#2107);
#1584=LINE('',#9377,#2108);
#1585=LINE('',#9380,#2109);
#1586=LINE('',#9382,#2110);
#1587=LINE('',#9383,#2111);
#1588=LINE('',#9386,#2112);
#1589=LINE('',#9388,#2113);
#1590=LINE('',#9389,#2114);
#1591=LINE('',#9392,#2115);
#1592=LINE('',#9394,#2116);
#1593=LINE('',#9395,#2117);
#1594=LINE('',#9398,#2118);
#1595=LINE('',#9400,#2119);
#1596=LINE('',#9401,#2120);
#1597=LINE('',#9404,#2121);
#1598=LINE('',#9406,#2122);
#1599=LINE('',#9407,#2123);
#1600=LINE('',#9410,#2124);
#1601=LINE('',#9412,#2125);
#1602=LINE('',#9413,#2126);
#1603=LINE('',#9415,#2127);
#1604=LINE('',#9416,#2128);
#1605=LINE('',#9421,#2129);
#1606=LINE('',#9423,#2130);
#1607=LINE('',#9425,#2131);
#1608=LINE('',#9426,#2132);
#1609=LINE('',#9429,#2133);
#1610=LINE('',#9431,#2134);
#1611=LINE('',#9432,#2135);
#1612=LINE('',#9435,#2136);
#1613=LINE('',#9437,#2137);
#1614=LINE('',#9438,#2138);
#1615=LINE('',#9441,#2139);
#1616=LINE('',#9443,#2140);
#1617=LINE('',#9444,#2141);
#1618=LINE('',#9447,#2142);
#1619=LINE('',#9449,#2143);
#1620=LINE('',#9450,#2144);
#1621=LINE('',#9453,#2145);
#1622=LINE('',#9455,#2146);
#1623=LINE('',#9456,#2147);
#1624=LINE('',#9459,#2148);
#1625=LINE('',#9461,#2149);
#1626=LINE('',#9462,#2150);
#1627=LINE('',#9465,#2151);
#1628=LINE('',#9467,#2152);
#1629=LINE('',#9468,#2153);
#1630=LINE('',#9471,#2154);
#1631=LINE('',#9473,#2155);
#1632=LINE('',#9474,#2156);
#1633=LINE('',#9477,#2157);
#1634=LINE('',#9479,#2158);
#1635=LINE('',#9480,#2159);
#1636=LINE('',#9483,#2160);
#1637=LINE('',#9485,#2161);
#1638=LINE('',#9486,#2162);
#1639=LINE('',#9488,#2163);
#1640=LINE('',#9489,#2164);
#1641=LINE('',#9509,#2165);
#1642=LINE('',#9516,#2166);
#1643=LINE('',#9534,#2167);
#1644=LINE('',#9542,#2168);
#1645=LINE('',#9544,#2169);
#1646=LINE('',#9545,#2170);
#1647=LINE('',#9548,#2171);
#1648=LINE('',#9550,#2172);
#1649=LINE('',#9551,#2173);
#1650=LINE('',#9553,#2174);
#1651=LINE('',#9554,#2175);
#1652=LINE('',#9558,#2176);
#1653=LINE('',#9560,#2177);
#1654=LINE('',#9562,#2178);
#1655=LINE('',#9563,#2179);
#1656=LINE('',#9566,#2180);
#1657=LINE('',#9568,#2181);
#1658=LINE('',#9569,#2182);
#1659=LINE('',#9572,#2183);
#1660=LINE('',#9574,#2184);
#1661=LINE('',#9575,#2185);
#1662=LINE('',#9578,#2186);
#1663=LINE('',#9580,#2187);
#1664=LINE('',#9581,#2188);
#1665=LINE('',#9584,#2189);
#1666=LINE('',#9586,#2190);
#1667=LINE('',#9587,#2191);
#1668=LINE('',#9590,#2192);
#1669=LINE('',#9592,#2193);
#1670=LINE('',#9593,#2194);
#1671=LINE('',#9596,#2195);
#1672=LINE('',#9598,#2196);
#1673=LINE('',#9599,#2197);
#1674=LINE('',#9601,#2198);
#1675=LINE('',#9602,#2199);
#1676=LINE('',#9622,#2200);
#1677=LINE('',#9629,#2201);
#1678=LINE('',#9647,#2202);
#1679=LINE('',#9670,#2203);
#1680=LINE('',#9693,#2204);
#1681=LINE('',#9716,#2205);
#1682=LINE('',#9739,#2206);
#1683=LINE('',#9762,#2207);
#1684=LINE('',#9785,#2208);
#1685=LINE('',#9808,#2209);
#1686=LINE('',#9831,#2210);
#1687=LINE('',#9854,#2211);
#1688=LINE('',#9877,#2212);
#1689=LINE('',#9900,#2213);
#1690=LINE('',#9923,#2214);
#1691=LINE('',#9931,#2215);
#1692=LINE('',#9933,#2216);
#1693=LINE('',#9934,#2217);
#1694=LINE('',#9952,#2218);
#1695=LINE('',#9975,#2219);
#1696=LINE('',#9998,#2220);
#1697=LINE('',#10021,#2221);
#1698=LINE('',#10044,#2222);
#1699=LINE('',#10067,#2223);
#1700=LINE('',#10090,#2224);
#1701=LINE('',#10113,#2225);
#1702=LINE('',#10136,#2226);
#1703=LINE('',#10159,#2227);
#1704=LINE('',#10182,#2228);
#1705=LINE('',#10205,#2229);
#1706=LINE('',#10228,#2230);
#1707=LINE('',#10251,#2231);
#1708=LINE('',#10274,#2232);
#1709=LINE('',#10297,#2233);
#1710=LINE('',#10320,#2234);
#1711=LINE('',#10343,#2235);
#1712=LINE('',#10351,#2236);
#1713=LINE('',#10353,#2237);
#1714=LINE('',#10354,#2238);
#1715=LINE('',#10394,#2239);
#1716=LINE('',#10401,#2240);
#1717=LINE('',#10419,#2241);
#1718=LINE('',#10442,#2242);
#1719=LINE('',#10465,#2243);
#1720=LINE('',#10488,#2244);
#1721=LINE('',#10511,#2245);
#1722=LINE('',#10534,#2246);
#1723=LINE('',#10557,#2247);
#1724=LINE('',#10580,#2248);
#1725=LINE('',#10588,#2249);
#1726=LINE('',#10590,#2250);
#1727=LINE('',#10591,#2251);
#1728=LINE('',#10609,#2252);
#1729=LINE('',#10632,#2253);
#1730=LINE('',#10655,#2254);
#1731=LINE('',#10678,#2255);
#1732=LINE('',#10701,#2256);
#1733=LINE('',#10724,#2257);
#1734=LINE('',#10747,#2258);
#1735=LINE('',#10770,#2259);
#1736=LINE('',#10793,#2260);
#1737=LINE('',#10816,#2261);
#1738=LINE('',#10824,#2262);
#1739=LINE('',#10826,#2263);
#1740=LINE('',#10827,#2264);
#1741=LINE('',#10852,#2265);
#1742=LINE('',#10854,#2266);
#1743=LINE('',#10856,#2267);
#1744=LINE('',#10857,#2268);
#1745=LINE('',#10860,#2269);
#1746=LINE('',#10862,#2270);
#1747=LINE('',#10863,#2271);
#1748=LINE('',#10866,#2272);
#1749=LINE('',#10868,#2273);
#1750=LINE('',#10869,#2274);
#1751=LINE('',#10871,#2275);
#1752=LINE('',#10872,#2276);
#1753=LINE('',#10877,#2277);
#1754=LINE('',#10879,#2278);
#1755=LINE('',#10881,#2279);
#1756=LINE('',#10882,#2280);
#1757=LINE('',#10885,#2281);
#1758=LINE('',#10887,#2282);
#1759=LINE('',#10888,#2283);
#1760=LINE('',#10891,#2284);
#1761=LINE('',#10893,#2285);
#1762=LINE('',#10894,#2286);
#1763=LINE('',#10896,#2287);
#1764=LINE('',#10897,#2288);
#1765=LINE('',#10902,#2289);
#1766=LINE('',#10904,#2290);
#1767=LINE('',#10906,#2291);
#1768=LINE('',#10907,#2292);
#1769=LINE('',#10928,#2293);
#1770=LINE('',#10933,#2294);
#1771=LINE('',#10935,#2295);
#1772=LINE('',#10940,#2296);
#1773=LINE('',#10944,#2297);
#1774=LINE('',#10945,#2298);
#1775=LINE('',#10948,#2299);
#1776=LINE('',#10951,#2300);
#1777=LINE('',#10954,#2301);
#1778=LINE('',#10958,#2302);
#1779=LINE('',#10961,#2303);
#1780=LINE('',#10965,#2304);
#1781=LINE('',#10969,#2305);
#1782=LINE('',#10973,#2306);
#1783=LINE('',#10977,#2307);
#1784=LINE('',#10981,#2308);
#1785=LINE('',#10985,#2309);
#1786=LINE('',#10989,#2310);
#1787=LINE('',#10993,#2311);
#1788=LINE('',#10995,#2312);
#1789=LINE('',#10996,#2313);
#1790=LINE('',#10998,#2314);
#1791=LINE('',#11000,#2315);
#1792=LINE('',#11017,#2316);
#1793=LINE('',#11029,#2317);
#1794=LINE('',#11034,#2318);
#1795=LINE('',#11037,#2319);
#1796=LINE('',#11042,#2320);
#1797=LINE('',#11044,#2321);
#1798=LINE('',#11046,#2322);
#1799=LINE('',#11048,#2323);
#1800=LINE('',#11050,#2324);
#1801=LINE('',#11052,#2325);
#1802=LINE('',#11053,#2326);
#1803=LINE('',#11056,#2327);
#1804=LINE('',#11058,#2328);
#1805=LINE('',#11062,#2329);
#1806=LINE('',#11065,#2330);
#1807=LINE('',#11068,#2331);
#1808=LINE('',#11070,#2332);
#1809=LINE('',#11071,#2333);
#1810=LINE('',#11074,#2334);
#1811=LINE('',#11077,#2335);
#1812=LINE('',#11080,#2336);
#1813=LINE('',#11082,#2337);
#1814=LINE('',#11083,#2338);
#1815=LINE('',#11086,#2339);
#1816=LINE('',#11090,#2340);
#1817=LINE('',#11091,#2341);
#1818=LINE('',#11094,#2342);
#1819=LINE('',#11096,#2343);
#1820=LINE('',#11097,#2344);
#1821=LINE('',#11101,#2345);
#1822=LINE('',#11106,#2346);
#1823=LINE('',#11108,#2347);
#1824=LINE('',#11116,#2348);
#1825=LINE('',#11118,#2349);
#1826=LINE('',#11121,#2350);
#1827=LINE('',#11124,#2351);
#1828=LINE('',#11126,#2352);
#1829=LINE('',#11128,#2353);
#1830=LINE('',#11133,#2354);
#1831=LINE('',#11140,#2355);
#1832=LINE('',#11147,#2356);
#1833=LINE('',#11154,#2357);
#1834=LINE('',#11158,#2358);
#1835=VECTOR('',#6324,10.);
#1836=VECTOR('',#6325,10.);
#1837=VECTOR('',#6326,10.);
#1838=VECTOR('',#6327,10.);
#1839=VECTOR('',#6330,10.);
#1840=VECTOR('',#6331,10.);
#1841=VECTOR('',#6332,10.);
#1842=VECTOR('',#6335,10.);
#1843=VECTOR('',#6336,10.);
#1844=VECTOR('',#6337,10.);
#1845=VECTOR('',#6340,10.);
#1846=VECTOR('',#6341,10.);
#1847=VECTOR('',#6342,10.);
#1848=VECTOR('',#6345,10.);
#1849=VECTOR('',#6346,10.);
#1850=VECTOR('',#6347,10.);
#1851=VECTOR('',#6350,10.);
#1852=VECTOR('',#6351,10.);
#1853=VECTOR('',#6352,10.);
#1854=VECTOR('',#6355,10.);
#1855=VECTOR('',#6356,10.);
#1856=VECTOR('',#6357,10.);
#1857=VECTOR('',#6360,10.);
#1858=VECTOR('',#6361,10.);
#1859=VECTOR('',#6366,10.);
#1860=VECTOR('',#6367,10.);
#1861=VECTOR('',#6368,10.);
#1862=VECTOR('',#6369,10.);
#1863=VECTOR('',#6372,10.);
#1864=VECTOR('',#6373,10.);
#1865=VECTOR('',#6374,10.);
#1866=VECTOR('',#6377,10.);
#1867=VECTOR('',#6378,10.);
#1868=VECTOR('',#6379,10.);
#1869=VECTOR('',#6382,10.);
#1870=VECTOR('',#6383,10.);
#1871=VECTOR('',#6384,10.);
#1872=VECTOR('',#6387,10.);
#1873=VECTOR('',#6388,10.);
#1874=VECTOR('',#6389,10.);
#1875=VECTOR('',#6392,10.);
#1876=VECTOR('',#6393,10.);
#1877=VECTOR('',#6394,10.);
#1878=VECTOR('',#6397,10.);
#1879=VECTOR('',#6398,10.);
#1880=VECTOR('',#6399,10.);
#1881=VECTOR('',#6402,10.);
#1882=VECTOR('',#6403,10.);
#1883=VECTOR('',#6404,10.);
#1884=VECTOR('',#6407,10.);
#1885=VECTOR('',#6408,10.);
#1886=VECTOR('',#6409,10.);
#1887=VECTOR('',#6412,10.);
#1888=VECTOR('',#6413,10.);
#1889=VECTOR('',#6414,10.);
#1890=VECTOR('',#6417,10.);
#1891=VECTOR('',#6418,10.);
#1892=VECTOR('',#6419,10.);
#1893=VECTOR('',#6422,10.);
#1894=VECTOR('',#6423,10.);
#1895=VECTOR('',#6426,10.);
#1896=VECTOR('',#6427,10.);
#1897=VECTOR('',#6428,10.);
#1898=VECTOR('',#6431,10.);
#1899=VECTOR('',#6432,10.);
#1900=VECTOR('',#6433,10.);
#1901=VECTOR('',#6436,10.);
#1902=VECTOR('',#6437,10.);
#1903=VECTOR('',#6438,10.);
#1904=VECTOR('',#6441,10.);
#1905=VECTOR('',#6442,10.);
#1906=VECTOR('',#6445,10.);
#1907=VECTOR('',#6446,10.);
#1908=VECTOR('',#6447,10.);
#1909=VECTOR('',#6448,10.);
#1910=VECTOR('',#6451,10.);
#1911=VECTOR('',#6452,10.);
#1912=VECTOR('',#6453,10.);
#1913=VECTOR('',#6456,10.);
#1914=VECTOR('',#6457,10.);
#1915=VECTOR('',#6458,10.);
#1916=VECTOR('',#6461,10.);
#1917=VECTOR('',#6462,10.);
#1918=VECTOR('',#6463,10.);
#1919=VECTOR('',#6466,10.);
#1920=VECTOR('',#6467,10.);
#1921=VECTOR('',#6468,10.);
#1922=VECTOR('',#6471,10.);
#1923=VECTOR('',#6472,10.);
#1924=VECTOR('',#6473,10.);
#1925=VECTOR('',#6476,10.);
#1926=VECTOR('',#6477,10.);
#1927=VECTOR('',#6478,10.);
#1928=VECTOR('',#6481,10.);
#1929=VECTOR('',#6482,10.);
#1930=VECTOR('',#6485,10.);
#1931=VECTOR('',#6486,10.);
#1932=VECTOR('',#6487,10.);
#1933=VECTOR('',#6488,10.);
#1934=VECTOR('',#6489,10.);
#1935=VECTOR('',#6490,10.);
#1936=VECTOR('',#6491,10.);
#1937=VECTOR('',#6492,10.);
#1938=VECTOR('',#6493,10.);
#1939=VECTOR('',#6494,10.);
#1940=VECTOR('',#6495,10.);
#1941=VECTOR('',#6496,10.);
#1942=VECTOR('',#6497,10.);
#1943=VECTOR('',#6498,10.);
#1944=VECTOR('',#6499,10.);
#1945=VECTOR('',#6502,10.);
#1946=VECTOR('',#6503,10.);
#1947=VECTOR('',#6504,10.);
#1948=VECTOR('',#6505,10.);
#1949=VECTOR('',#6506,10.);
#1950=VECTOR('',#6507,10.);
#1951=VECTOR('',#6508,10.);
#1952=VECTOR('',#6509,10.);
#1953=VECTOR('',#6510,10.);
#1954=VECTOR('',#6511,10.);
#1955=VECTOR('',#6512,10.);
#1956=VECTOR('',#6513,10.);
#1957=VECTOR('',#6514,10.);
#1958=VECTOR('',#6515,10.);
#1959=VECTOR('',#6516,10.);
#1960=VECTOR('',#6517,10.);
#1961=VECTOR('',#6518,10.);
#1962=VECTOR('',#6519,10.);
#1963=VECTOR('',#6520,10.);
#1964=VECTOR('',#6521,10.);
#1965=VECTOR('',#6522,10.);
#1966=VECTOR('',#6525,10.);
#1967=VECTOR('',#6526,10.);
#1968=VECTOR('',#6527,10.);
#1969=VECTOR('',#6530,10.);
#1970=VECTOR('',#6531,10.);
#1971=VECTOR('',#6532,10.);
#1972=VECTOR('',#6533,10.);
#1973=VECTOR('',#6534,10.);
#1974=VECTOR('',#6535,10.);
#1975=VECTOR('',#6536,10.);
#1976=VECTOR('',#6537,10.);
#1977=VECTOR('',#6538,10.);
#1978=VECTOR('',#6539,10.);
#1979=VECTOR('',#6542,10.);
#1980=VECTOR('',#6543,10.);
#1981=VECTOR('',#6544,10.);
#1982=VECTOR('',#6545,10.);
#1983=VECTOR('',#6546,10.);
#1984=VECTOR('',#6547,10.);
#1985=VECTOR('',#6548,10.);
#1986=VECTOR('',#6549,10.);
#1987=VECTOR('',#6550,10.);
#1988=VECTOR('',#6551,10.);
#1989=VECTOR('',#6552,10.);
#1990=VECTOR('',#6553,10.);
#1991=VECTOR('',#6554,10.);
#1992=VECTOR('',#6557,10.);
#1993=VECTOR('',#6558,10.);
#1994=VECTOR('',#6559,10.);
#1995=VECTOR('',#6564,10.);
#1996=VECTOR('',#6565,10.);
#1997=VECTOR('',#6566,10.);
#1998=VECTOR('',#6567,10.);
#1999=VECTOR('',#6570,10.);
#2000=VECTOR('',#6571,10.);
#2001=VECTOR('',#6572,10.);
#2002=VECTOR('',#6575,10.);
#2003=VECTOR('',#6576,10.);
#2004=VECTOR('',#6577,10.);
#2005=VECTOR('',#6580,10.);
#2006=VECTOR('',#6581,10.);
#2007=VECTOR('',#6586,10.);
#2008=VECTOR('',#6587,10.);
#2009=VECTOR('',#6588,10.);
#2010=VECTOR('',#6589,10.);
#2011=VECTOR('',#6592,10.);
#2012=VECTOR('',#6593,10.);
#2013=VECTOR('',#6594,10.);
#2014=VECTOR('',#6597,10.);
#2015=VECTOR('',#6598,10.);
#2016=VECTOR('',#6599,10.);
#2017=VECTOR('',#6602,10.);
#2018=VECTOR('',#6603,10.);
#2019=VECTOR('',#6608,10.);
#2020=VECTOR('',#6609,10.);
#2021=VECTOR('',#6610,10.);
#2022=VECTOR('',#6611,10.);
#2023=VECTOR('',#6632,10.);
#2024=VECTOR('',#6635,10.);
#2025=VECTOR('',#6642,10.);
#2026=VECTOR('',#6651,10.);
#2027=VECTOR('',#6654,10.);
#2028=VECTOR('',#6663,10.);
#2029=VECTOR('',#6666,10.);
#2030=VECTOR('',#6677,10.);
#2031=VECTOR('',#6682,10.);
#2032=VECTOR('',#6683,10.);
#2033=VECTOR('',#6686,10.);
#2034=VECTOR('',#6691,10.);
#2035=VECTOR('',#6692,10.);
#2036=VECTOR('',#6697,10.);
#2037=VECTOR('',#6702,10.);
#2038=VECTOR('',#6707,10.);
#2039=VECTOR('',#6710,1.49999999999999);
#2040=VECTOR('',#6715,1.49999999999999);
#2041=VECTOR('',#6720,1.49999999999999);
#2042=VECTOR('',#6725,1.5);
#2043=VECTOR('',#6730,1.49999999999999);
#2044=VECTOR('',#6735,1.49999999999999);
#2045=VECTOR('',#6740,1.49999999999999);
#2046=VECTOR('',#6745,1.49999999999999);
#2047=VECTOR('',#6750,10.);
#2048=VECTOR('',#6751,10.);
#2049=VECTOR('',#6752,10.);
#2050=VECTOR('',#6755,10.);
#2051=VECTOR('',#6756,10.);
#2052=VECTOR('',#6759,10.);
#2053=VECTOR('',#6760,10.);
#2054=VECTOR('',#6763,10.);
#2055=VECTOR('',#6772,10.);
#2056=VECTOR('',#6775,10.);
#2057=VECTOR('',#6780,10.);
#2058=VECTOR('',#6783,10.);
#2059=VECTOR('',#6792,10.);
#2060=VECTOR('',#6795,10.);
#2061=VECTOR('',#6804,10.);
#2062=VECTOR('',#6807,10.);
#2063=VECTOR('',#6818,10.);
#2064=VECTOR('',#6821,10.);
#2065=VECTOR('',#6824,10.);
#2066=VECTOR('',#6825,10.);
#2067=VECTOR('',#6828,10.);
#2068=VECTOR('',#6833,10.);
#2069=VECTOR('',#6834,10.);
#2070=VECTOR('',#6839,10.);
#2071=VECTOR('',#6842,10.);
#2072=VECTOR('',#6845,10.);
#2073=VECTOR('',#6848,10.);
#2074=VECTOR('',#6851,10.);
#2075=VECTOR('',#6856,1.5);
#2076=VECTOR('',#6865,1.49999999999999);
#2077=VECTOR('',#6874,1.5);
#2078=VECTOR('',#6883,1.49999999999999);
#2079=VECTOR('',#6890,10.);
#2080=VECTOR('',#6891,10.);
#2081=VECTOR('',#6892,10.);
#2082=VECTOR('',#6895,10.);
#2083=VECTOR('',#6896,10.);
#2084=VECTOR('',#6899,10.);
#2085=VECTOR('',#6900,10.);
#2086=VECTOR('',#6903,10.);
#2087=VECTOR('',#6910,10.);
#2088=VECTOR('',#6911,10.);
#2089=VECTOR('',#6916,10.);
#2090=VECTOR('',#6919,10.);
#2091=VECTOR('',#6924,10.);
#2092=VECTOR('',#6925,10.);
#2093=VECTOR('',#6926,10.);
#2094=VECTOR('',#6927,10.);
#2095=VECTOR('',#6928,10.);
#2096=VECTOR('',#6929,10.);
#2097=VECTOR('',#6930,10.);
#2098=VECTOR('',#6935,10.);
#2099=VECTOR('',#6940,10.);
#2100=VECTOR('',#6943,10.);
#2101=VECTOR('',#6946,10.);
#2102=VECTOR('',#6949,10.);
#2103=VECTOR('',#6950,10.);
#2104=VECTOR('',#6951,10.);
#2105=VECTOR('',#6954,10.);
#2106=VECTOR('',#6955,10.);
#2107=VECTOR('',#6956,10.);
#2108=VECTOR('',#6957,10.);
#2109=VECTOR('',#6960,10.);
#2110=VECTOR('',#6961,10.);
#2111=VECTOR('',#6962,10.);
#2112=VECTOR('',#6965,10.);
#2113=VECTOR('',#6966,10.);
#2114=VECTOR('',#6967,10.);
#2115=VECTOR('',#6970,10.);
#2116=VECTOR('',#6971,10.);
#2117=VECTOR('',#6972,10.);
#2118=VECTOR('',#6975,10.);
#2119=VECTOR('',#6976,10.);
#2120=VECTOR('',#6977,10.);
#2121=VECTOR('',#6980,10.);
#2122=VECTOR('',#6981,10.);
#2123=VECTOR('',#6982,10.);
#2124=VECTOR('',#6985,10.);
#2125=VECTOR('',#6986,10.);
#2126=VECTOR('',#6987,10.);
#2127=VECTOR('',#6990,10.);
#2128=VECTOR('',#6991,10.);
#2129=VECTOR('',#6996,10.);
#2130=VECTOR('',#6997,10.);
#2131=VECTOR('',#6998,10.);
#2132=VECTOR('',#6999,10.);
#2133=VECTOR('',#7002,10.);
#2134=VECTOR('',#7003,10.);
#2135=VECTOR('',#7004,10.);
#2136=VECTOR('',#7007,10.);
#2137=VECTOR('',#7008,10.);
#2138=VECTOR('',#7009,10.);
#2139=VECTOR('',#7012,10.);
#2140=VECTOR('',#7013,10.);
#2141=VECTOR('',#7014,10.);
#2142=VECTOR('',#7017,10.);
#2143=VECTOR('',#7018,10.);
#2144=VECTOR('',#7019,10.);
#2145=VECTOR('',#7022,10.);
#2146=VECTOR('',#7023,10.);
#2147=VECTOR('',#7024,10.);
#2148=VECTOR('',#7027,10.);
#2149=VECTOR('',#7028,10.);
#2150=VECTOR('',#7029,10.);
#2151=VECTOR('',#7032,10.);
#2152=VECTOR('',#7033,10.);
#2153=VECTOR('',#7034,10.);
#2154=VECTOR('',#7037,10.);
#2155=VECTOR('',#7038,10.);
#2156=VECTOR('',#7039,10.);
#2157=VECTOR('',#7042,10.);
#2158=VECTOR('',#7043,10.);
#2159=VECTOR('',#7044,10.);
#2160=VECTOR('',#7047,10.);
#2161=VECTOR('',#7048,10.);
#2162=VECTOR('',#7049,10.);
#2163=VECTOR('',#7052,10.);
#2164=VECTOR('',#7053,10.);
#2165=VECTOR('',#7056,10.);
#2166=VECTOR('',#7057,10.);
#2167=VECTOR('',#7058,10.);
#2168=VECTOR('',#7061,10.);
#2169=VECTOR('',#7062,10.);
#2170=VECTOR('',#7063,10.);
#2171=VECTOR('',#7066,10.);
#2172=VECTOR('',#7067,10.);
#2173=VECTOR('',#7068,10.);
#2174=VECTOR('',#7071,10.);
#2175=VECTOR('',#7072,10.);
#2176=VECTOR('',#7075,10.);
#2177=VECTOR('',#7076,10.);
#2178=VECTOR('',#7077,10.);
#2179=VECTOR('',#7078,10.);
#2180=VECTOR('',#7081,10.);
#2181=VECTOR('',#7082,10.);
#2182=VECTOR('',#7083,10.);
#2183=VECTOR('',#7086,10.);
#2184=VECTOR('',#7087,10.);
#2185=VECTOR('',#7088,10.);
#2186=VECTOR('',#7091,10.);
#2187=VECTOR('',#7092,10.);
#2188=VECTOR('',#7093,10.);
#2189=VECTOR('',#7096,10.);
#2190=VECTOR('',#7097,10.);
#2191=VECTOR('',#7098,10.);
#2192=VECTOR('',#7101,10.);
#2193=VECTOR('',#7102,10.);
#2194=VECTOR('',#7103,10.);
#2195=VECTOR('',#7106,10.);
#2196=VECTOR('',#7107,10.);
#2197=VECTOR('',#7108,10.);
#2198=VECTOR('',#7111,10.);
#2199=VECTOR('',#7112,10.);
#2200=VECTOR('',#7115,10.);
#2201=VECTOR('',#7116,10.);
#2202=VECTOR('',#7117,10.);
#2203=VECTOR('',#7118,10.);
#2204=VECTOR('',#7119,10.);
#2205=VECTOR('',#7120,10.);
#2206=VECTOR('',#7121,10.);
#2207=VECTOR('',#7122,10.);
#2208=VECTOR('',#7123,10.);
#2209=VECTOR('',#7124,10.);
#2210=VECTOR('',#7125,10.);
#2211=VECTOR('',#7126,10.);
#2212=VECTOR('',#7127,10.);
#2213=VECTOR('',#7128,10.);
#2214=VECTOR('',#7129,10.);
#2215=VECTOR('',#7132,10.);
#2216=VECTOR('',#7133,10.);
#2217=VECTOR('',#7134,10.);
#2218=VECTOR('',#7135,10.);
#2219=VECTOR('',#7136,10.);
#2220=VECTOR('',#7137,10.);
#2221=VECTOR('',#7138,10.);
#2222=VECTOR('',#7139,10.);
#2223=VECTOR('',#7140,10.);
#2224=VECTOR('',#7141,10.);
#2225=VECTOR('',#7142,10.);
#2226=VECTOR('',#7143,10.);
#2227=VECTOR('',#7144,10.);
#2228=VECTOR('',#7145,10.);
#2229=VECTOR('',#7146,10.);
#2230=VECTOR('',#7147,10.);
#2231=VECTOR('',#7148,10.);
#2232=VECTOR('',#7149,10.);
#2233=VECTOR('',#7150,10.);
#2234=VECTOR('',#7151,10.);
#2235=VECTOR('',#7152,10.);
#2236=VECTOR('',#7155,10.);
#2237=VECTOR('',#7156,10.);
#2238=VECTOR('',#7157,10.);
#2239=VECTOR('',#7160,10.);
#2240=VECTOR('',#7161,10.);
#2241=VECTOR('',#7162,10.);
#2242=VECTOR('',#7163,10.);
#2243=VECTOR('',#7164,10.);
#2244=VECTOR('',#7165,10.);
#2245=VECTOR('',#7166,10.);
#2246=VECTOR('',#7167,10.);
#2247=VECTOR('',#7168,10.);
#2248=VECTOR('',#7169,10.);
#2249=VECTOR('',#7172,10.);
#2250=VECTOR('',#7173,10.);
#2251=VECTOR('',#7174,10.);
#2252=VECTOR('',#7175,10.);
#2253=VECTOR('',#7176,10.);
#2254=VECTOR('',#7177,10.);
#2255=VECTOR('',#7178,10.);
#2256=VECTOR('',#7179,10.);
#2257=VECTOR('',#7180,10.);
#2258=VECTOR('',#7181,10.);
#2259=VECTOR('',#7182,10.);
#2260=VECTOR('',#7183,10.);
#2261=VECTOR('',#7184,10.);
#2262=VECTOR('',#7187,10.);
#2263=VECTOR('',#7188,10.);
#2264=VECTOR('',#7189,10.);
#2265=VECTOR('',#7194,10.);
#2266=VECTOR('',#7195,10.);
#2267=VECTOR('',#7196,10.);
#2268=VECTOR('',#7197,10.);
#2269=VECTOR('',#7200,10.);
#2270=VECTOR('',#7201,10.);
#2271=VECTOR('',#7202,10.);
#2272=VECTOR('',#7205,10.);
#2273=VECTOR('',#7206,10.);
#2274=VECTOR('',#7207,10.);
#2275=VECTOR('',#7210,10.);
#2276=VECTOR('',#7211,10.);
#2277=VECTOR('',#7216,10.);
#2278=VECTOR('',#7217,10.);
#2279=VECTOR('',#7218,10.);
#2280=VECTOR('',#7219,10.);
#2281=VECTOR('',#7222,10.);
#2282=VECTOR('',#7223,10.);
#2283=VECTOR('',#7224,10.);
#2284=VECTOR('',#7227,10.);
#2285=VECTOR('',#7228,10.);
#2286=VECTOR('',#7229,10.);
#2287=VECTOR('',#7232,10.);
#2288=VECTOR('',#7233,10.);
#2289=VECTOR('',#7238,10.);
#2290=VECTOR('',#7239,10.);
#2291=VECTOR('',#7240,10.);
#2292=VECTOR('',#7241,10.);
#2293=VECTOR('',#7264,10.);
#2294=VECTOR('',#7271,10.);
#2295=VECTOR('',#7274,10.);
#2296=VECTOR('',#7281,10.);
#2297=VECTOR('',#7286,10.);
#2298=VECTOR('',#7287,10.);
#2299=VECTOR('',#7290,10.);
#2300=VECTOR('',#7295,10.);
#2301=VECTOR('',#7298,10.);
#2302=VECTOR('',#7305,10.);
#2303=VECTOR('',#7308,1.49999999999999);
#2304=VECTOR('',#7313,1.49999999999999);
#2305=VECTOR('',#7318,1.49999999999999);
#2306=VECTOR('',#7323,1.5);
#2307=VECTOR('',#7328,1.49999999999999);
#2308=VECTOR('',#7333,1.49999999999999);
#2309=VECTOR('',#7338,1.49999999999999);
#2310=VECTOR('',#7343,1.49999999999999);
#2311=VECTOR('',#7348,10.);
#2312=VECTOR('',#7349,10.);
#2313=VECTOR('',#7350,10.);
#2314=VECTOR('',#7353,10.);
#2315=VECTOR('',#7356,10.);
#2316=VECTOR('',#7363,2.);
#2317=VECTOR('',#7364,2.);
#2318=VECTOR('',#7369,10.);
#2319=VECTOR('',#7372,10.);
#2320=VECTOR('',#7377,10.);
#2321=VECTOR('',#7378,10.);
#2322=VECTOR('',#7379,10.);
#2323=VECTOR('',#7380,10.);
#2324=VECTOR('',#7381,10.);
#2325=VECTOR('',#7382,10.);
#2326=VECTOR('',#7383,10.);
#2327=VECTOR('',#7386,10.);
#2328=VECTOR('',#7387,10.);
#2329=VECTOR('',#7392,10.);
#2330=VECTOR('',#7395,10.);
#2331=VECTOR('',#7398,10.);
#2332=VECTOR('',#7399,10.);
#2333=VECTOR('',#7400,10.);
#2334=VECTOR('',#7403,10.);
#2335=VECTOR('',#7406,10.);
#2336=VECTOR('',#7409,10.);
#2337=VECTOR('',#7410,10.);
#2338=VECTOR('',#7411,10.);
#2339=VECTOR('',#7414,10.);
#2340=VECTOR('',#7419,10.);
#2341=VECTOR('',#7420,10.);
#2342=VECTOR('',#7423,10.);
#2343=VECTOR('',#7424,10.);
#2344=VECTOR('',#7425,10.);
#2345=VECTOR('',#7430,10.);
#2346=VECTOR('',#7435,10.);
#2347=VECTOR('',#7438,10.);
#2348=VECTOR('',#7451,10.);
#2349=VECTOR('',#7454,10.);
#2350=VECTOR('',#7457,10.);
#2351=VECTOR('',#7460,10.);
#2352=VECTOR('',#7463,10.);
#2353=VECTOR('',#7466,10.);
#2354=VECTOR('',#7471,1.5);
#2355=VECTOR('',#7480,1.49999999999999);
#2356=VECTOR('',#7489,1.5);
#2357=VECTOR('',#7498,1.49999999999999);
#2358=VECTOR('',#7505,10.);
#2359=VERTEX_POINT('',#7512);
#2360=VERTEX_POINT('',#7513);
#2361=VERTEX_POINT('',#7515);
#2362=VERTEX_POINT('',#7517);
#2363=VERTEX_POINT('',#7521);
#2364=VERTEX_POINT('',#7523);
#2365=VERTEX_POINT('',#7527);
#2366=VERTEX_POINT('',#7529);
#2367=VERTEX_POINT('',#7533);
#2368=VERTEX_POINT('',#7535);
#2369=VERTEX_POINT('',#7539);
#2370=VERTEX_POINT('',#7541);
#2371=VERTEX_POINT('',#7545);
#2372=VERTEX_POINT('',#7547);
#2373=VERTEX_POINT('',#7551);
#2374=VERTEX_POINT('',#7553);
#2375=VERTEX_POINT('',#7561);
#2376=VERTEX_POINT('',#7562);
#2377=VERTEX_POINT('',#7564);
#2378=VERTEX_POINT('',#7566);
#2379=VERTEX_POINT('',#7570);
#2380=VERTEX_POINT('',#7572);
#2381=VERTEX_POINT('',#7576);
#2382=VERTEX_POINT('',#7578);
#2383=VERTEX_POINT('',#7582);
#2384=VERTEX_POINT('',#7584);
#2385=VERTEX_POINT('',#7588);
#2386=VERTEX_POINT('',#7590);
#2387=VERTEX_POINT('',#7594);
#2388=VERTEX_POINT('',#7596);
#2389=VERTEX_POINT('',#7600);
#2390=VERTEX_POINT('',#7602);
#2391=VERTEX_POINT('',#7606);
#2392=VERTEX_POINT('',#7608);
#2393=VERTEX_POINT('',#7612);
#2394=VERTEX_POINT('',#7614);
#2395=VERTEX_POINT('',#7618);
#2396=VERTEX_POINT('',#7620);
#2397=VERTEX_POINT('',#7624);
#2398=VERTEX_POINT('',#7626);
#2399=VERTEX_POINT('',#7643);
#2400=VERTEX_POINT('',#7644);
#2401=VERTEX_POINT('',#7650);
#2402=VERTEX_POINT('',#7652);
#2403=VERTEX_POINT('',#7669);
#2404=VERTEX_POINT('',#7675);
#2405=VERTEX_POINT('',#7683);
#2406=VERTEX_POINT('',#7685);
#2407=VERTEX_POINT('',#7689);
#2408=VERTEX_POINT('',#7691);
#2409=VERTEX_POINT('',#7698);
#2410=VERTEX_POINT('',#7699);
#2411=VERTEX_POINT('',#7701);
#2412=VERTEX_POINT('',#7703);
#2413=VERTEX_POINT('',#7707);
#2414=VERTEX_POINT('',#7709);
#2415=VERTEX_POINT('',#7713);
#2416=VERTEX_POINT('',#7715);
#2417=VERTEX_POINT('',#7719);
#2418=VERTEX_POINT('',#7721);
#2419=VERTEX_POINT('',#7725);
#2420=VERTEX_POINT('',#7727);
#2421=VERTEX_POINT('',#7731);
#2422=VERTEX_POINT('',#7733);
#2423=VERTEX_POINT('',#7737);
#2424=VERTEX_POINT('',#7739);
#2425=VERTEX_POINT('',#7756);
#2426=VERTEX_POINT('',#7757);
#2427=VERTEX_POINT('',#7763);
#2428=VERTEX_POINT('',#7765);
#2429=VERTEX_POINT('',#7782);
#2430=VERTEX_POINT('',#7788);
#2431=VERTEX_POINT('',#7805);
#2432=VERTEX_POINT('',#7811);
#2433=VERTEX_POINT('',#7828);
#2434=VERTEX_POINT('',#7834);
#2435=VERTEX_POINT('',#7851);
#2436=VERTEX_POINT('',#7857);
#2437=VERTEX_POINT('',#7874);
#2438=VERTEX_POINT('',#7880);
#2439=VERTEX_POINT('',#7897);
#2440=VERTEX_POINT('',#7903);
#2441=VERTEX_POINT('',#7920);
#2442=VERTEX_POINT('',#7926);
#2443=VERTEX_POINT('',#7943);
#2444=VERTEX_POINT('',#7949);
#2445=VERTEX_POINT('',#7966);
#2446=VERTEX_POINT('',#7972);
#2447=VERTEX_POINT('',#7989);
#2448=VERTEX_POINT('',#7995);
#2449=VERTEX_POINT('',#8012);
#2450=VERTEX_POINT('',#8018);
#2451=VERTEX_POINT('',#8035);
#2452=VERTEX_POINT('',#8041);
#2453=VERTEX_POINT('',#8058);
#2454=VERTEX_POINT('',#8064);
#2455=VERTEX_POINT('',#8072);
#2456=VERTEX_POINT('',#8074);
#2457=VERTEX_POINT('',#8087);
#2458=VERTEX_POINT('',#8093);
#2459=VERTEX_POINT('',#8110);
#2460=VERTEX_POINT('',#8116);
#2461=VERTEX_POINT('',#8133);
#2462=VERTEX_POINT('',#8139);
#2463=VERTEX_POINT('',#8156);
#2464=VERTEX_POINT('',#8162);
#2465=VERTEX_POINT('',#8179);
#2466=VERTEX_POINT('',#8185);
#2467=VERTEX_POINT('',#8202);
#2468=VERTEX_POINT('',#8208);
#2469=VERTEX_POINT('',#8225);
#2470=VERTEX_POINT('',#8231);
#2471=VERTEX_POINT('',#8248);
#2472=VERTEX_POINT('',#8254);
#2473=VERTEX_POINT('',#8271);
#2474=VERTEX_POINT('',#8277);
#2475=VERTEX_POINT('',#8294);
#2476=VERTEX_POINT('',#8300);
#2477=VERTEX_POINT('',#8317);
#2478=VERTEX_POINT('',#8323);
#2479=VERTEX_POINT('',#8340);
#2480=VERTEX_POINT('',#8346);
#2481=VERTEX_POINT('',#8363);
#2482=VERTEX_POINT('',#8369);
#2483=VERTEX_POINT('',#8386);
#2484=VERTEX_POINT('',#8392);
#2485=VERTEX_POINT('',#8409);
#2486=VERTEX_POINT('',#8415);
#2487=VERTEX_POINT('',#8432);
#2488=VERTEX_POINT('',#8438);
#2489=VERTEX_POINT('',#8455);
#2490=VERTEX_POINT('',#8461);
#2491=VERTEX_POINT('',#8478);
#2492=VERTEX_POINT('',#8484);
#2493=VERTEX_POINT('',#8492);
#2494=VERTEX_POINT('',#8494);
#2495=VERTEX_POINT('',#8528);
#2496=VERTEX_POINT('',#8529);
#2497=VERTEX_POINT('',#8535);
#2498=VERTEX_POINT('',#8537);
#2499=VERTEX_POINT('',#8554);
#2500=VERTEX_POINT('',#8560);
#2501=VERTEX_POINT('',#8577);
#2502=VERTEX_POINT('',#8583);
#2503=VERTEX_POINT('',#8600);
#2504=VERTEX_POINT('',#8606);
#2505=VERTEX_POINT('',#8623);
#2506=VERTEX_POINT('',#8629);
#2507=VERTEX_POINT('',#8646);
#2508=VERTEX_POINT('',#8652);
#2509=VERTEX_POINT('',#8669);
#2510=VERTEX_POINT('',#8675);
#2511=VERTEX_POINT('',#8692);
#2512=VERTEX_POINT('',#8698);
#2513=VERTEX_POINT('',#8715);
#2514=VERTEX_POINT('',#8721);
#2515=VERTEX_POINT('',#8729);
#2516=VERTEX_POINT('',#8731);
#2517=VERTEX_POINT('',#8744);
#2518=VERTEX_POINT('',#8750);
#2519=VERTEX_POINT('',#8767);
#2520=VERTEX_POINT('',#8773);
#2521=VERTEX_POINT('',#8790);
#2522=VERTEX_POINT('',#8796);
#2523=VERTEX_POINT('',#8813);
#2524=VERTEX_POINT('',#8819);
#2525=VERTEX_POINT('',#8836);
#2526=VERTEX_POINT('',#8842);
#2527=VERTEX_POINT('',#8859);
#2528=VERTEX_POINT('',#8865);
#2529=VERTEX_POINT('',#8882);
#2530=VERTEX_POINT('',#8888);
#2531=VERTEX_POINT('',#8905);
#2532=VERTEX_POINT('',#8911);
#2533=VERTEX_POINT('',#8928);
#2534=VERTEX_POINT('',#8934);
#2535=VERTEX_POINT('',#8951);
#2536=VERTEX_POINT('',#8957);
#2537=VERTEX_POINT('',#8965);
#2538=VERTEX_POINT('',#8967);
#2539=VERTEX_POINT('',#8992);
#2540=VERTEX_POINT('',#8993);
#2541=VERTEX_POINT('',#8995);
#2542=VERTEX_POINT('',#8997);
#2543=VERTEX_POINT('',#9001);
#2544=VERTEX_POINT('',#9003);
#2545=VERTEX_POINT('',#9007);
#2546=VERTEX_POINT('',#9009);
#2547=VERTEX_POINT('',#9017);
#2548=VERTEX_POINT('',#9018);
#2549=VERTEX_POINT('',#9020);
#2550=VERTEX_POINT('',#9022);
#2551=VERTEX_POINT('',#9026);
#2552=VERTEX_POINT('',#9028);
#2553=VERTEX_POINT('',#9032);
#2554=VERTEX_POINT('',#9034);
#2555=VERTEX_POINT('',#9042);
#2556=VERTEX_POINT('',#9043);
#2557=VERTEX_POINT('',#9045);
#2558=VERTEX_POINT('',#9047);
#2559=VERTEX_POINT('',#9050);
#2560=VERTEX_POINT('',#9052);
#2561=VERTEX_POINT('',#9054);
#2562=VERTEX_POINT('',#9056);
#2563=VERTEX_POINT('',#9058);
#2564=VERTEX_POINT('',#9060);
#2565=VERTEX_POINT('',#9062);
#2566=VERTEX_POINT('',#9064);
#2567=VERTEX_POINT('',#9067);
#2568=VERTEX_POINT('',#9068);
#2569=VERTEX_POINT('',#9070);
#2570=VERTEX_POINT('',#9072);
#2571=VERTEX_POINT('',#9076);
#2572=VERTEX_POINT('',#9083);
#2573=VERTEX_POINT('',#9084);
#2574=VERTEX_POINT('',#9086);
#2575=VERTEX_POINT('',#9093);
#2576=VERTEX_POINT('',#9095);
#2577=VERTEX_POINT('',#9104);
#2578=VERTEX_POINT('',#9108);
#2579=VERTEX_POINT('',#9112);
#2580=VERTEX_POINT('',#9116);
#2581=VERTEX_POINT('',#9120);
#2582=VERTEX_POINT('',#9122);
#2583=VERTEX_POINT('',#9131);
#2584=VERTEX_POINT('',#9135);
#2585=VERTEX_POINT('',#9139);
#2586=VERTEX_POINT('',#9143);
#2587=VERTEX_POINT('',#9147);
#2588=VERTEX_POINT('',#9151);
#2589=VERTEX_POINT('',#9155);
#2590=VERTEX_POINT('',#9159);
#2591=VERTEX_POINT('',#9163);
#2592=VERTEX_POINT('',#9164);
#2593=VERTEX_POINT('',#9169);
#2594=VERTEX_POINT('',#9173);
#2595=VERTEX_POINT('',#9181);
#2596=VERTEX_POINT('',#9182);
#2597=VERTEX_POINT('',#9184);
#2598=VERTEX_POINT('',#9186);
#2599=VERTEX_POINT('',#9190);
#2600=VERTEX_POINT('',#9191);
#2601=VERTEX_POINT('',#9193);
#2602=VERTEX_POINT('',#9200);
#2603=VERTEX_POINT('',#9201);
#2604=VERTEX_POINT('',#9203);
#2605=VERTEX_POINT('',#9210);
#2606=VERTEX_POINT('',#9212);
#2607=VERTEX_POINT('',#9221);
#2608=VERTEX_POINT('',#9223);
#2609=VERTEX_POINT('',#9227);
#2610=VERTEX_POINT('',#9231);
#2611=VERTEX_POINT('',#9235);
#2612=VERTEX_POINT('',#9239);
#2613=VERTEX_POINT('',#9241);
#2614=VERTEX_POINT('',#9243);
#2615=VERTEX_POINT('',#9253);
#2616=VERTEX_POINT('',#9255);
#2617=VERTEX_POINT('',#9260);
#2618=VERTEX_POINT('',#9262);
#2619=VERTEX_POINT('',#9267);
#2620=VERTEX_POINT('',#9269);
#2621=VERTEX_POINT('',#9274);
#2622=VERTEX_POINT('',#9276);
#2623=VERTEX_POINT('',#9281);
#2624=VERTEX_POINT('',#9282);
#2625=VERTEX_POINT('',#9287);
#2626=VERTEX_POINT('',#9291);
#2627=VERTEX_POINT('',#9299);
#2628=VERTEX_POINT('',#9300);
#2629=VERTEX_POINT('',#9311);
#2630=VERTEX_POINT('',#9313);
#2631=VERTEX_POINT('',#9326);
#2632=VERTEX_POINT('',#9328);
#2633=VERTEX_POINT('',#9330);
#2634=VERTEX_POINT('',#9334);
#2635=VERTEX_POINT('',#9336);
#2636=VERTEX_POINT('',#9338);
#2637=VERTEX_POINT('',#9340);
#2638=VERTEX_POINT('',#9342);
#2639=VERTEX_POINT('',#9344);
#2640=VERTEX_POINT('',#9346);
#2641=VERTEX_POINT('',#9350);
#2642=VERTEX_POINT('',#9354);
#2643=VERTEX_POINT('',#9358);
#2644=VERTEX_POINT('',#9360);
#2645=VERTEX_POINT('',#9364);
#2646=VERTEX_POINT('',#9366);
#2647=VERTEX_POINT('',#9370);
#2648=VERTEX_POINT('',#9371);
#2649=VERTEX_POINT('',#9373);
#2650=VERTEX_POINT('',#9375);
#2651=VERTEX_POINT('',#9379);
#2652=VERTEX_POINT('',#9381);
#2653=VERTEX_POINT('',#9385);
#2654=VERTEX_POINT('',#9387);
#2655=VERTEX_POINT('',#9391);
#2656=VERTEX_POINT('',#9393);
#2657=VERTEX_POINT('',#9397);
#2658=VERTEX_POINT('',#9399);
#2659=VERTEX_POINT('',#9403);
#2660=VERTEX_POINT('',#9405);
#2661=VERTEX_POINT('',#9409);
#2662=VERTEX_POINT('',#9411);
#2663=VERTEX_POINT('',#9419);
#2664=VERTEX_POINT('',#9420);
#2665=VERTEX_POINT('',#9422);
#2666=VERTEX_POINT('',#9424);
#2667=VERTEX_POINT('',#9428);
#2668=VERTEX_POINT('',#9430);
#2669=VERTEX_POINT('',#9434);
#2670=VERTEX_POINT('',#9436);
#2671=VERTEX_POINT('',#9440);
#2672=VERTEX_POINT('',#9442);
#2673=VERTEX_POINT('',#9446);
#2674=VERTEX_POINT('',#9448);
#2675=VERTEX_POINT('',#9452);
#2676=VERTEX_POINT('',#9454);
#2677=VERTEX_POINT('',#9458);
#2678=VERTEX_POINT('',#9460);
#2679=VERTEX_POINT('',#9464);
#2680=VERTEX_POINT('',#9466);
#2681=VERTEX_POINT('',#9470);
#2682=VERTEX_POINT('',#9472);
#2683=VERTEX_POINT('',#9476);
#2684=VERTEX_POINT('',#9478);
#2685=VERTEX_POINT('',#9482);
#2686=VERTEX_POINT('',#9484);
#2687=VERTEX_POINT('',#9501);
#2688=VERTEX_POINT('',#9502);
#2689=VERTEX_POINT('',#9508);
#2690=VERTEX_POINT('',#9510);
#2691=VERTEX_POINT('',#9527);
#2692=VERTEX_POINT('',#9533);
#2693=VERTEX_POINT('',#9541);
#2694=VERTEX_POINT('',#9543);
#2695=VERTEX_POINT('',#9547);
#2696=VERTEX_POINT('',#9549);
#2697=VERTEX_POINT('',#9556);
#2698=VERTEX_POINT('',#9557);
#2699=VERTEX_POINT('',#9559);
#2700=VERTEX_POINT('',#9561);
#2701=VERTEX_POINT('',#9565);
#2702=VERTEX_POINT('',#9567);
#2703=VERTEX_POINT('',#9571);
#2704=VERTEX_POINT('',#9573);
#2705=VERTEX_POINT('',#9577);
#2706=VERTEX_POINT('',#9579);
#2707=VERTEX_POINT('',#9583);
#2708=VERTEX_POINT('',#9585);
#2709=VERTEX_POINT('',#9589);
#2710=VERTEX_POINT('',#9591);
#2711=VERTEX_POINT('',#9595);
#2712=VERTEX_POINT('',#9597);
#2713=VERTEX_POINT('',#9614);
#2714=VERTEX_POINT('',#9615);
#2715=VERTEX_POINT('',#9621);
#2716=VERTEX_POINT('',#9623);
#2717=VERTEX_POINT('',#9640);
#2718=VERTEX_POINT('',#9646);
#2719=VERTEX_POINT('',#9663);
#2720=VERTEX_POINT('',#9669);
#2721=VERTEX_POINT('',#9686);
#2722=VERTEX_POINT('',#9692);
#2723=VERTEX_POINT('',#9709);
#2724=VERTEX_POINT('',#9715);
#2725=VERTEX_POINT('',#9732);
#2726=VERTEX_POINT('',#9738);
#2727=VERTEX_POINT('',#9755);
#2728=VERTEX_POINT('',#9761);
#2729=VERTEX_POINT('',#9778);
#2730=VERTEX_POINT('',#9784);
#2731=VERTEX_POINT('',#9801);
#2732=VERTEX_POINT('',#9807);
#2733=VERTEX_POINT('',#9824);
#2734=VERTEX_POINT('',#9830);
#2735=VERTEX_POINT('',#9847);
#2736=VERTEX_POINT('',#9853);
#2737=VERTEX_POINT('',#9870);
#2738=VERTEX_POINT('',#9876);
#2739=VERTEX_POINT('',#9893);
#2740=VERTEX_POINT('',#9899);
#2741=VERTEX_POINT('',#9916);
#2742=VERTEX_POINT('',#9922);
#2743=VERTEX_POINT('',#9930);
#2744=VERTEX_POINT('',#9932);
#2745=VERTEX_POINT('',#9945);
#2746=VERTEX_POINT('',#9951);
#2747=VERTEX_POINT('',#9968);
#2748=VERTEX_POINT('',#9974);
#2749=VERTEX_POINT('',#9991);
#2750=VERTEX_POINT('',#9997);
#2751=VERTEX_POINT('',#10014);
#2752=VERTEX_POINT('',#10020);
#2753=VERTEX_POINT('',#10037);
#2754=VERTEX_POINT('',#10043);
#2755=VERTEX_POINT('',#10060);
#2756=VERTEX_POINT('',#10066);
#2757=VERTEX_POINT('',#10083);
#2758=VERTEX_POINT('',#10089);
#2759=VERTEX_POINT('',#10106);
#2760=VERTEX_POINT('',#10112);
#2761=VERTEX_POINT('',#10129);
#2762=VERTEX_POINT('',#10135);
#2763=VERTEX_POINT('',#10152);
#2764=VERTEX_POINT('',#10158);
#2765=VERTEX_POINT('',#10175);
#2766=VERTEX_POINT('',#10181);
#2767=VERTEX_POINT('',#10198);
#2768=VERTEX_POINT('',#10204);
#2769=VERTEX_POINT('',#10221);
#2770=VERTEX_POINT('',#10227);
#2771=VERTEX_POINT('',#10244);
#2772=VERTEX_POINT('',#10250);
#2773=VERTEX_POINT('',#10267);
#2774=VERTEX_POINT('',#10273);
#2775=VERTEX_POINT('',#10290);
#2776=VERTEX_POINT('',#10296);
#2777=VERTEX_POINT('',#10313);
#2778=VERTEX_POINT('',#10319);
#2779=VERTEX_POINT('',#10336);
#2780=VERTEX_POINT('',#10342);
#2781=VERTEX_POINT('',#10350);
#2782=VERTEX_POINT('',#10352);
#2783=VERTEX_POINT('',#10386);
#2784=VERTEX_POINT('',#10387);
#2785=VERTEX_POINT('',#10393);
#2786=VERTEX_POINT('',#10395);
#2787=VERTEX_POINT('',#10412);
#2788=VERTEX_POINT('',#10418);
#2789=VERTEX_POINT('',#10435);
#2790=VERTEX_POINT('',#10441);
#2791=VERTEX_POINT('',#10458);
#2792=VERTEX_POINT('',#10464);
#2793=VERTEX_POINT('',#10481);
#2794=VERTEX_POINT('',#10487);
#2795=VERTEX_POINT('',#10504);
#2796=VERTEX_POINT('',#10510);
#2797=VERTEX_POINT('',#10527);
#2798=VERTEX_POINT('',#10533);
#2799=VERTEX_POINT('',#10550);
#2800=VERTEX_POINT('',#10556);
#2801=VERTEX_POINT('',#10573);
#2802=VERTEX_POINT('',#10579);
#2803=VERTEX_POINT('',#10587);
#2804=VERTEX_POINT('',#10589);
#2805=VERTEX_POINT('',#10602);
#2806=VERTEX_POINT('',#10608);
#2807=VERTEX_POINT('',#10625);
#2808=VERTEX_POINT('',#10631);
#2809=VERTEX_POINT('',#10648);
#2810=VERTEX_POINT('',#10654);
#2811=VERTEX_POINT('',#10671);
#2812=VERTEX_POINT('',#10677);
#2813=VERTEX_POINT('',#10694);
#2814=VERTEX_POINT('',#10700);
#2815=VERTEX_POINT('',#10717);
#2816=VERTEX_POINT('',#10723);
#2817=VERTEX_POINT('',#10740);
#2818=VERTEX_POINT('',#10746);
#2819=VERTEX_POINT('',#10763);
#2820=VERTEX_POINT('',#10769);
#2821=VERTEX_POINT('',#10786);
#2822=VERTEX_POINT('',#10792);
#2823=VERTEX_POINT('',#10809);
#2824=VERTEX_POINT('',#10815);
#2825=VERTEX_POINT('',#10823);
#2826=VERTEX_POINT('',#10825);
#2827=VERTEX_POINT('',#10850);
#2828=VERTEX_POINT('',#10851);
#2829=VERTEX_POINT('',#10853);
#2830=VERTEX_POINT('',#10855);
#2831=VERTEX_POINT('',#10859);
#2832=VERTEX_POINT('',#10861);
#2833=VERTEX_POINT('',#10865);
#2834=VERTEX_POINT('',#10867);
#2835=VERTEX_POINT('',#10875);
#2836=VERTEX_POINT('',#10876);
#2837=VERTEX_POINT('',#10878);
#2838=VERTEX_POINT('',#10880);
#2839=VERTEX_POINT('',#10884);
#2840=VERTEX_POINT('',#10886);
#2841=VERTEX_POINT('',#10890);
#2842=VERTEX_POINT('',#10892);
#2843=VERTEX_POINT('',#10900);
#2844=VERTEX_POINT('',#10901);
#2845=VERTEX_POINT('',#10903);
#2846=VERTEX_POINT('',#10905);
#2847=VERTEX_POINT('',#10908);
#2848=VERTEX_POINT('',#10910);
#2849=VERTEX_POINT('',#10912);
#2850=VERTEX_POINT('',#10914);
#2851=VERTEX_POINT('',#10916);
#2852=VERTEX_POINT('',#10918);
#2853=VERTEX_POINT('',#10920);
#2854=VERTEX_POINT('',#10922);
#2855=VERTEX_POINT('',#10925);
#2856=VERTEX_POINT('',#10932);
#2857=VERTEX_POINT('',#10939);
#2858=VERTEX_POINT('',#10943);
#2859=VERTEX_POINT('',#10947);
#2860=VERTEX_POINT('',#10953);
#2861=VERTEX_POINT('',#10960);
#2862=VERTEX_POINT('',#10964);
#2863=VERTEX_POINT('',#10968);
#2864=VERTEX_POINT('',#10972);
#2865=VERTEX_POINT('',#10976);
#2866=VERTEX_POINT('',#10980);
#2867=VERTEX_POINT('',#10984);
#2868=VERTEX_POINT('',#10988);
#2869=VERTEX_POINT('',#10992);
#2870=VERTEX_POINT('',#10994);
#2871=VERTEX_POINT('',#11004);
#2872=VERTEX_POINT('',#11005);
#2873=VERTEX_POINT('',#11016);
#2874=VERTEX_POINT('',#11018);
#2875=VERTEX_POINT('',#11031);
#2876=VERTEX_POINT('',#11033);
#2877=VERTEX_POINT('',#11035);
#2878=VERTEX_POINT('',#11039);
#2879=VERTEX_POINT('',#11041);
#2880=VERTEX_POINT('',#11043);
#2881=VERTEX_POINT('',#11045);
#2882=VERTEX_POINT('',#11047);
#2883=VERTEX_POINT('',#11049);
#2884=VERTEX_POINT('',#11051);
#2885=VERTEX_POINT('',#11055);
#2886=VERTEX_POINT('',#11057);
#2887=VERTEX_POINT('',#11061);
#2888=VERTEX_POINT('',#11063);
#2889=VERTEX_POINT('',#11067);
#2890=VERTEX_POINT('',#11069);
#2891=VERTEX_POINT('',#11073);
#2892=VERTEX_POINT('',#11075);
#2893=VERTEX_POINT('',#11079);
#2894=VERTEX_POINT('',#11081);
#2895=VERTEX_POINT('',#11085);
#2896=VERTEX_POINT('',#11089);
#2897=VERTEX_POINT('',#11093);
#2898=VERTEX_POINT('',#11095);
#2899=VERTEX_POINT('',#11099);
#2900=VERTEX_POINT('',#11103);
#2901=VERTEX_POINT('',#11105);
#2902=VERTEX_POINT('',#11114);
#2903=VERTEX_POINT('',#11120);
#2904=VERTEX_POINT('',#11122);
#2905=VERTEX_POINT('',#11130);
#2906=VERTEX_POINT('',#11132);
#2907=VERTEX_POINT('',#11137);
#2908=VERTEX_POINT('',#11139);
#2909=VERTEX_POINT('',#11144);
#2910=VERTEX_POINT('',#11146);
#2911=VERTEX_POINT('',#11151);
#2912=VERTEX_POINT('',#11153);
#2913=EDGE_CURVE('',#2359,#2360,#1311,.T.);
#2914=EDGE_CURVE('',#2359,#2361,#1312,.T.);
#2915=EDGE_CURVE('',#2361,#2362,#1313,.T.);
#2916=EDGE_CURVE('',#2360,#2362,#1314,.T.);
#2917=EDGE_CURVE('',#2363,#2359,#1315,.T.);
#2918=EDGE_CURVE('',#2363,#2364,#1316,.T.);
#2919=EDGE_CURVE('',#2364,#2361,#1317,.T.);
#2920=EDGE_CURVE('',#2365,#2363,#1318,.T.);
#2921=EDGE_CURVE('',#2365,#2366,#1319,.T.);
#2922=EDGE_CURVE('',#2366,#2364,#1320,.T.);
#2923=EDGE_CURVE('',#2367,#2365,#1321,.T.);
#2924=EDGE_CURVE('',#2367,#2368,#1322,.T.);
#2925=EDGE_CURVE('',#2368,#2366,#1323,.T.);
#2926=EDGE_CURVE('',#2369,#2367,#1324,.T.);
#2927=EDGE_CURVE('',#2369,#2370,#1325,.T.);
#2928=EDGE_CURVE('',#2370,#2368,#1326,.T.);
#2929=EDGE_CURVE('',#2371,#2369,#1327,.T.);
#2930=EDGE_CURVE('',#2371,#2372,#1328,.T.);
#2931=EDGE_CURVE('',#2372,#2370,#1329,.T.);
#2932=EDGE_CURVE('',#2373,#2371,#1330,.T.);
#2933=EDGE_CURVE('',#2373,#2374,#1331,.T.);
#2934=EDGE_CURVE('',#2374,#2372,#1332,.T.);
#2935=EDGE_CURVE('',#2360,#2373,#1333,.T.);
#2936=EDGE_CURVE('',#2362,#2374,#1334,.T.);
#2937=EDGE_CURVE('',#2375,#2376,#1335,.T.);
#2938=EDGE_CURVE('',#2375,#2377,#1336,.T.);
#2939=EDGE_CURVE('',#2377,#2378,#1337,.T.);
#2940=EDGE_CURVE('',#2376,#2378,#1338,.T.);
#2941=EDGE_CURVE('',#2379,#2375,#1339,.T.);
#2942=EDGE_CURVE('',#2379,#2380,#1340,.T.);
#2943=EDGE_CURVE('',#2380,#2377,#1341,.T.);
#2944=EDGE_CURVE('',#2381,#2379,#1342,.T.);
#2945=EDGE_CURVE('',#2381,#2382,#1343,.T.);
#2946=EDGE_CURVE('',#2382,#2380,#1344,.T.);
#2947=EDGE_CURVE('',#2383,#2381,#1345,.T.);
#2948=EDGE_CURVE('',#2383,#2384,#1346,.T.);
#2949=EDGE_CURVE('',#2384,#2382,#1347,.T.);
#2950=EDGE_CURVE('',#2385,#2383,#1348,.T.);
#2951=EDGE_CURVE('',#2385,#2386,#1349,.T.);
#2952=EDGE_CURVE('',#2386,#2384,#1350,.T.);
#2953=EDGE_CURVE('',#2387,#2385,#1351,.T.);
#2954=EDGE_CURVE('',#2387,#2388,#1352,.T.);
#2955=EDGE_CURVE('',#2388,#2386,#1353,.T.);
#2956=EDGE_CURVE('',#2389,#2387,#1354,.T.);
#2957=EDGE_CURVE('',#2389,#2390,#1355,.T.);
#2958=EDGE_CURVE('',#2390,#2388,#1356,.T.);
#2959=EDGE_CURVE('',#2391,#2389,#1357,.T.);
#2960=EDGE_CURVE('',#2391,#2392,#1358,.T.);
#2961=EDGE_CURVE('',#2392,#2390,#1359,.T.);
#2962=EDGE_CURVE('',#2393,#2391,#1360,.T.);
#2963=EDGE_CURVE('',#2393,#2394,#1361,.T.);
#2964=EDGE_CURVE('',#2394,#2392,#1362,.T.);
#2965=EDGE_CURVE('',#2395,#2393,#1363,.T.);
#2966=EDGE_CURVE('',#2395,#2396,#1364,.T.);
#2967=EDGE_CURVE('',#2396,#2394,#1365,.T.);
#2968=EDGE_CURVE('',#2397,#2395,#1366,.T.);
#2969=EDGE_CURVE('',#2397,#2398,#1367,.T.);
#2970=EDGE_CURVE('',#2398,#2396,#1368,.T.);
#2971=EDGE_CURVE('',#2376,#2397,#1369,.T.);
#2972=EDGE_CURVE('',#2378,#2398,#1370,.T.);
#2973=EDGE_CURVE('',#2399,#2400,#253,.T.);
#2974=EDGE_CURVE('',#2399,#2401,#1371,.T.);
#2975=EDGE_CURVE('',#2401,#2402,#254,.T.);
#2976=EDGE_CURVE('',#2400,#2402,#1372,.T.);
#2977=EDGE_CURVE('',#2403,#2399,#255,.T.);
#2978=EDGE_CURVE('',#2403,#2404,#1373,.T.);
#2979=EDGE_CURVE('',#2404,#2401,#256,.T.);
#2980=EDGE_CURVE('',#2405,#2403,#1374,.T.);
#2981=EDGE_CURVE('',#2405,#2406,#1375,.T.);
#2982=EDGE_CURVE('',#2406,#2404,#1376,.T.);
#2983=EDGE_CURVE('',#2407,#2405,#1377,.T.);
#2984=EDGE_CURVE('',#2407,#2408,#1378,.T.);
#2985=EDGE_CURVE('',#2408,#2406,#1379,.T.);
#2986=EDGE_CURVE('',#2400,#2407,#1380,.T.);
#2987=EDGE_CURVE('',#2402,#2408,#1381,.T.);
#2988=EDGE_CURVE('',#2409,#2410,#1382,.T.);
#2989=EDGE_CURVE('',#2409,#2411,#1383,.T.);
#2990=EDGE_CURVE('',#2411,#2412,#1384,.T.);
#2991=EDGE_CURVE('',#2410,#2412,#1385,.T.);
#2992=EDGE_CURVE('',#2413,#2409,#1386,.T.);
#2993=EDGE_CURVE('',#2413,#2414,#1387,.T.);
#2994=EDGE_CURVE('',#2414,#2411,#1388,.T.);
#2995=EDGE_CURVE('',#2415,#2413,#1389,.T.);
#2996=EDGE_CURVE('',#2415,#2416,#1390,.T.);
#2997=EDGE_CURVE('',#2416,#2414,#1391,.T.);
#2998=EDGE_CURVE('',#2417,#2415,#1392,.T.);
#2999=EDGE_CURVE('',#2417,#2418,#1393,.T.);
#3000=EDGE_CURVE('',#2418,#2416,#1394,.T.);
#3001=EDGE_CURVE('',#2419,#2417,#1395,.T.);
#3002=EDGE_CURVE('',#2419,#2420,#1396,.T.);
#3003=EDGE_CURVE('',#2420,#2418,#1397,.T.);
#3004=EDGE_CURVE('',#2421,#2419,#1398,.T.);
#3005=EDGE_CURVE('',#2421,#2422,#1399,.T.);
#3006=EDGE_CURVE('',#2422,#2420,#1400,.T.);
#3007=EDGE_CURVE('',#2423,#2421,#1401,.T.);
#3008=EDGE_CURVE('',#2423,#2424,#1402,.T.);
#3009=EDGE_CURVE('',#2424,#2422,#1403,.T.);
#3010=EDGE_CURVE('',#2410,#2423,#1404,.T.);
#3011=EDGE_CURVE('',#2412,#2424,#1405,.T.);
#3012=EDGE_CURVE('',#2425,#2426,#257,.T.);
#3013=EDGE_CURVE('',#2425,#2427,#1406,.T.);
#3014=EDGE_CURVE('',#2427,#2428,#258,.T.);
#3015=EDGE_CURVE('',#2426,#2428,#1407,.T.);
#3016=EDGE_CURVE('',#2429,#2425,#259,.T.);
#3017=EDGE_CURVE('',#2429,#2430,#1408,.T.);
#3018=EDGE_CURVE('',#2430,#2427,#260,.T.);
#3019=EDGE_CURVE('',#2431,#2429,#261,.T.);
#3020=EDGE_CURVE('',#2431,#2432,#1409,.T.);
#3021=EDGE_CURVE('',#2432,#2430,#262,.T.);
#3022=EDGE_CURVE('',#2433,#2431,#263,.T.);
#3023=EDGE_CURVE('',#2433,#2434,#1410,.T.);
#3024=EDGE_CURVE('',#2434,#2432,#264,.T.);
#3025=EDGE_CURVE('',#2435,#2433,#265,.T.);
#3026=EDGE_CURVE('',#2435,#2436,#1411,.T.);
#3027=EDGE_CURVE('',#2436,#2434,#266,.T.);
#3028=EDGE_CURVE('',#2437,#2435,#267,.T.);
#3029=EDGE_CURVE('',#2437,#2438,#1412,.T.);
#3030=EDGE_CURVE('',#2438,#2436,#268,.T.);
#3031=EDGE_CURVE('',#2439,#2437,#269,.T.);
#3032=EDGE_CURVE('',#2439,#2440,#1413,.T.);
#3033=EDGE_CURVE('',#2440,#2438,#270,.T.);
#3034=EDGE_CURVE('',#2441,#2439,#271,.T.);
#3035=EDGE_CURVE('',#2441,#2442,#1414,.T.);
#3036=EDGE_CURVE('',#2442,#2440,#272,.T.);
#3037=EDGE_CURVE('',#2443,#2441,#273,.T.);
#3038=EDGE_CURVE('',#2443,#2444,#1415,.T.);
#3039=EDGE_CURVE('',#2444,#2442,#274,.T.);
#3040=EDGE_CURVE('',#2445,#2443,#275,.T.);
#3041=EDGE_CURVE('',#2445,#2446,#1416,.T.);
#3042=EDGE_CURVE('',#2446,#2444,#276,.T.);
#3043=EDGE_CURVE('',#2447,#2445,#277,.T.);
#3044=EDGE_CURVE('',#2447,#2448,#1417,.T.);
#3045=EDGE_CURVE('',#2448,#2446,#278,.T.);
#3046=EDGE_CURVE('',#2449,#2447,#279,.T.);
#3047=EDGE_CURVE('',#2449,#2450,#1418,.T.);
#3048=EDGE_CURVE('',#2450,#2448,#280,.T.);
#3049=EDGE_CURVE('',#2451,#2449,#281,.T.);
#3050=EDGE_CURVE('',#2451,#2452,#1419,.T.);
#3051=EDGE_CURVE('',#2452,#2450,#282,.T.);
#3052=EDGE_CURVE('',#2453,#2451,#283,.T.);
#3053=EDGE_CURVE('',#2453,#2454,#1420,.T.);
#3054=EDGE_CURVE('',#2454,#2452,#284,.T.);
#3055=EDGE_CURVE('',#2455,#2453,#1421,.T.);
#3056=EDGE_CURVE('',#2455,#2456,#1422,.T.);
#3057=EDGE_CURVE('',#2456,#2454,#1423,.T.);
#3058=EDGE_CURVE('',#2457,#2455,#285,.T.);
#3059=EDGE_CURVE('',#2457,#2458,#1424,.T.);
#3060=EDGE_CURVE('',#2458,#2456,#286,.T.);
#3061=EDGE_CURVE('',#2459,#2457,#287,.T.);
#3062=EDGE_CURVE('',#2459,#2460,#1425,.T.);
#3063=EDGE_CURVE('',#2460,#2458,#288,.T.);
#3064=EDGE_CURVE('',#2461,#2459,#289,.T.);
#3065=EDGE_CURVE('',#2461,#2462,#1426,.T.);
#3066=EDGE_CURVE('',#2462,#2460,#290,.T.);
#3067=EDGE_CURVE('',#2463,#2461,#291,.T.);
#3068=EDGE_CURVE('',#2463,#2464,#1427,.T.);
#3069=EDGE_CURVE('',#2464,#2462,#292,.T.);
#3070=EDGE_CURVE('',#2465,#2463,#293,.T.);
#3071=EDGE_CURVE('',#2465,#2466,#1428,.T.);
#3072=EDGE_CURVE('',#2466,#2464,#294,.T.);
#3073=EDGE_CURVE('',#2467,#2465,#295,.T.);
#3074=EDGE_CURVE('',#2467,#2468,#1429,.T.);
#3075=EDGE_CURVE('',#2468,#2466,#296,.T.);
#3076=EDGE_CURVE('',#2469,#2467,#297,.T.);
#3077=EDGE_CURVE('',#2469,#2470,#1430,.T.);
#3078=EDGE_CURVE('',#2470,#2468,#298,.T.);
#3079=EDGE_CURVE('',#2471,#2469,#299,.T.);
#3080=EDGE_CURVE('',#2471,#2472,#1431,.T.);
#3081=EDGE_CURVE('',#2472,#2470,#300,.T.);
#3082=EDGE_CURVE('',#2473,#2471,#301,.T.);
#3083=EDGE_CURVE('',#2473,#2474,#1432,.T.);
#3084=EDGE_CURVE('',#2474,#2472,#302,.T.);
#3085=EDGE_CURVE('',#2475,#2473,#303,.T.);
#3086=EDGE_CURVE('',#2475,#2476,#1433,.T.);
#3087=EDGE_CURVE('',#2476,#2474,#304,.T.);
#3088=EDGE_CURVE('',#2477,#2475,#305,.T.);
#3089=EDGE_CURVE('',#2477,#2478,#1434,.T.);
#3090=EDGE_CURVE('',#2478,#2476,#306,.T.);
#3091=EDGE_CURVE('',#2479,#2477,#307,.T.);
#3092=EDGE_CURVE('',#2479,#2480,#1435,.T.);
#3093=EDGE_CURVE('',#2480,#2478,#308,.T.);
#3094=EDGE_CURVE('',#2481,#2479,#309,.T.);
#3095=EDGE_CURVE('',#2481,#2482,#1436,.T.);
#3096=EDGE_CURVE('',#2482,#2480,#310,.T.);
#3097=EDGE_CURVE('',#2483,#2481,#311,.T.);
#3098=EDGE_CURVE('',#2483,#2484,#1437,.T.);
#3099=EDGE_CURVE('',#2484,#2482,#312,.T.);
#3100=EDGE_CURVE('',#2485,#2483,#313,.T.);
#3101=EDGE_CURVE('',#2485,#2486,#1438,.T.);
#3102=EDGE_CURVE('',#2486,#2484,#314,.T.);
#3103=EDGE_CURVE('',#2487,#2485,#315,.T.);
#3104=EDGE_CURVE('',#2487,#2488,#1439,.T.);
#3105=EDGE_CURVE('',#2488,#2486,#316,.T.);
#3106=EDGE_CURVE('',#2489,#2487,#317,.T.);
#3107=EDGE_CURVE('',#2489,#2490,#1440,.T.);
#3108=EDGE_CURVE('',#2490,#2488,#318,.T.);
#3109=EDGE_CURVE('',#2491,#2489,#319,.T.);
#3110=EDGE_CURVE('',#2491,#2492,#1441,.T.);
#3111=EDGE_CURVE('',#2492,#2490,#320,.T.);
#3112=EDGE_CURVE('',#2493,#2491,#1442,.T.);
#3113=EDGE_CURVE('',#2493,#2494,#1443,.T.);
#3114=EDGE_CURVE('',#2494,#2492,#1444,.T.);
#3115=EDGE_CURVE('',#2426,#2493,#321,.T.);
#3116=EDGE_CURVE('',#2428,#2494,#322,.T.);
#3117=EDGE_CURVE('',#2495,#2496,#323,.T.);
#3118=EDGE_CURVE('',#2495,#2497,#1445,.T.);
#3119=EDGE_CURVE('',#2497,#2498,#324,.T.);
#3120=EDGE_CURVE('',#2496,#2498,#1446,.T.);
#3121=EDGE_CURVE('',#2499,#2495,#325,.T.);
#3122=EDGE_CURVE('',#2499,#2500,#1447,.T.);
#3123=EDGE_CURVE('',#2500,#2497,#326,.T.);
#3124=EDGE_CURVE('',#2501,#2499,#327,.T.);
#3125=EDGE_CURVE('',#2501,#2502,#1448,.T.);
#3126=EDGE_CURVE('',#2502,#2500,#328,.T.);
#3127=EDGE_CURVE('',#2503,#2501,#329,.T.);
#3128=EDGE_CURVE('',#2503,#2504,#1449,.T.);
#3129=EDGE_CURVE('',#2504,#2502,#330,.T.);
#3130=EDGE_CURVE('',#2505,#2503,#331,.T.);
#3131=EDGE_CURVE('',#2505,#2506,#1450,.T.);
#3132=EDGE_CURVE('',#2506,#2504,#332,.T.);
#3133=EDGE_CURVE('',#2507,#2505,#333,.T.);
#3134=EDGE_CURVE('',#2507,#2508,#1451,.T.);
#3135=EDGE_CURVE('',#2508,#2506,#334,.T.);
#3136=EDGE_CURVE('',#2509,#2507,#335,.T.);
#3137=EDGE_CURVE('',#2509,#2510,#1452,.T.);
#3138=EDGE_CURVE('',#2510,#2508,#336,.T.);
#3139=EDGE_CURVE('',#2511,#2509,#337,.T.);
#3140=EDGE_CURVE('',#2511,#2512,#1453,.T.);
#3141=EDGE_CURVE('',#2512,#2510,#338,.T.);
#3142=EDGE_CURVE('',#2513,#2511,#339,.T.);
#3143=EDGE_CURVE('',#2513,#2514,#1454,.T.);
#3144=EDGE_CURVE('',#2514,#2512,#340,.T.);
#3145=EDGE_CURVE('',#2515,#2513,#1455,.T.);
#3146=EDGE_CURVE('',#2515,#2516,#1456,.T.);
#3147=EDGE_CURVE('',#2516,#2514,#1457,.T.);
#3148=EDGE_CURVE('',#2517,#2515,#341,.T.);
#3149=EDGE_CURVE('',#2517,#2518,#1458,.T.);
#3150=EDGE_CURVE('',#2518,#2516,#342,.T.);
#3151=EDGE_CURVE('',#2519,#2517,#343,.T.);
#3152=EDGE_CURVE('',#2519,#2520,#1459,.T.);
#3153=EDGE_CURVE('',#2520,#2518,#344,.T.);
#3154=EDGE_CURVE('',#2521,#2519,#345,.T.);
#3155=EDGE_CURVE('',#2521,#2522,#1460,.T.);
#3156=EDGE_CURVE('',#2522,#2520,#346,.T.);
#3157=EDGE_CURVE('',#2523,#2521,#347,.T.);
#3158=EDGE_CURVE('',#2523,#2524,#1461,.T.);
#3159=EDGE_CURVE('',#2524,#2522,#348,.T.);
#3160=EDGE_CURVE('',#2525,#2523,#349,.T.);
#3161=EDGE_CURVE('',#2525,#2526,#1462,.T.);
#3162=EDGE_CURVE('',#2526,#2524,#350,.T.);
#3163=EDGE_CURVE('',#2527,#2525,#351,.T.);
#3164=EDGE_CURVE('',#2527,#2528,#1463,.T.);
#3165=EDGE_CURVE('',#2528,#2526,#352,.T.);
#3166=EDGE_CURVE('',#2529,#2527,#353,.T.);
#3167=EDGE_CURVE('',#2529,#2530,#1464,.T.);
#3168=EDGE_CURVE('',#2530,#2528,#354,.T.);
#3169=EDGE_CURVE('',#2531,#2529,#355,.T.);
#3170=EDGE_CURVE('',#2531,#2532,#1465,.T.);
#3171=EDGE_CURVE('',#2532,#2530,#356,.T.);
#3172=EDGE_CURVE('',#2533,#2531,#357,.T.);
#3173=EDGE_CURVE('',#2533,#2534,#1466,.T.);
#3174=EDGE_CURVE('',#2534,#2532,#358,.T.);
#3175=EDGE_CURVE('',#2535,#2533,#359,.T.);
#3176=EDGE_CURVE('',#2535,#2536,#1467,.T.);
#3177=EDGE_CURVE('',#2536,#2534,#360,.T.);
#3178=EDGE_CURVE('',#2537,#2535,#1468,.T.);
#3179=EDGE_CURVE('',#2537,#2538,#1469,.T.);
#3180=EDGE_CURVE('',#2538,#2536,#1470,.T.);
#3181=EDGE_CURVE('',#2496,#2537,#361,.T.);
#3182=EDGE_CURVE('',#2498,#2538,#362,.T.);
#3183=EDGE_CURVE('',#2539,#2540,#1471,.T.);
#3184=EDGE_CURVE('',#2539,#2541,#1472,.T.);
#3185=EDGE_CURVE('',#2541,#2542,#1473,.T.);
#3186=EDGE_CURVE('',#2540,#2542,#1474,.T.);
#3187=EDGE_CURVE('',#2543,#2539,#1475,.T.);
#3188=EDGE_CURVE('',#2543,#2544,#1476,.T.);
#3189=EDGE_CURVE('',#2544,#2541,#1477,.T.);
#3190=EDGE_CURVE('',#2545,#2543,#1478,.T.);
#3191=EDGE_CURVE('',#2545,#2546,#1479,.T.);
#3192=EDGE_CURVE('',#2546,#2544,#1480,.T.);
#3193=EDGE_CURVE('',#2540,#2545,#1481,.T.);
#3194=EDGE_CURVE('',#2542,#2546,#1482,.T.);
#3195=EDGE_CURVE('',#2547,#2548,#1483,.T.);
#3196=EDGE_CURVE('',#2547,#2549,#1484,.T.);
#3197=EDGE_CURVE('',#2549,#2550,#1485,.T.);
#3198=EDGE_CURVE('',#2548,#2550,#1486,.T.);
#3199=EDGE_CURVE('',#2551,#2547,#1487,.T.);
#3200=EDGE_CURVE('',#2551,#2552,#1488,.T.);
#3201=EDGE_CURVE('',#2552,#2549,#1489,.T.);
#3202=EDGE_CURVE('',#2553,#2551,#1490,.T.);
#3203=EDGE_CURVE('',#2553,#2554,#1491,.T.);
#3204=EDGE_CURVE('',#2554,#2552,#1492,.T.);
#3205=EDGE_CURVE('',#2548,#2553,#1493,.T.);
#3206=EDGE_CURVE('',#2550,#2554,#1494,.T.);
#3207=EDGE_CURVE('',#2555,#2556,#1495,.T.);
#3208=EDGE_CURVE('',#2557,#2555,#1496,.T.);
#3209=EDGE_CURVE('',#2558,#2557,#1497,.T.);
#3210=EDGE_CURVE('',#2556,#2558,#1498,.T.);
#3211=EDGE_CURVE('',#2559,#2559,#89,.T.);
#3212=EDGE_CURVE('',#2560,#2560,#90,.T.);
#3213=EDGE_CURVE('',#2561,#2561,#91,.T.);
#3214=EDGE_CURVE('',#2562,#2562,#92,.T.);
#3215=EDGE_CURVE('',#2563,#2563,#93,.T.);
#3216=EDGE_CURVE('',#2564,#2564,#94,.T.);
#3217=EDGE_CURVE('',#2565,#2565,#95,.T.);
#3218=EDGE_CURVE('',#2566,#2566,#96,.T.);
#3219=EDGE_CURVE('',#2567,#2568,#97,.T.);
#3220=EDGE_CURVE('',#2568,#2569,#1499,.T.);
#3221=EDGE_CURVE('',#2569,#2570,#98,.T.);
#3222=EDGE_CURVE('',#2570,#2567,#1500,.T.);
#3223=EDGE_CURVE('',#2571,#2555,#99,.T.);
#3224=EDGE_CURVE('',#2556,#2567,#100,.T.);
#3225=EDGE_CURVE('',#2567,#2571,#1501,.T.);
#3226=EDGE_CURVE('',#2556,#2568,#101,.T.);
#3227=EDGE_CURVE('',#2572,#2573,#102,.T.);
#3228=EDGE_CURVE('',#2573,#2574,#1502,.T.);
#3229=EDGE_CURVE('',#2574,#2571,#103,.T.);
#3230=EDGE_CURVE('',#2571,#2572,#1503,.T.);
#3231=EDGE_CURVE('',#2574,#2555,#104,.T.);
#3232=EDGE_CURVE('',#2570,#2575,#105,.T.);
#3233=EDGE_CURVE('',#2575,#2576,#1504,.T.);
#3234=EDGE_CURVE('',#2576,#2572,#106,.T.);
#3235=EDGE_CURVE('',#2572,#2570,#1505,.T.);
#3236=EDGE_CURVE('',#2576,#2573,#107,.T.);
#3237=EDGE_CURVE('',#2569,#2575,#108,.T.);
#3238=EDGE_CURVE('',#2574,#2577,#1506,.T.);
#3239=EDGE_CURVE('',#2577,#2557,#109,.T.);
#3240=EDGE_CURVE('',#2578,#2573,#1507,.T.);
#3241=EDGE_CURVE('',#2577,#2578,#1508,.T.);
#3242=EDGE_CURVE('',#2576,#2579,#1509,.T.);
#3243=EDGE_CURVE('',#2579,#2578,#110,.T.);
#3244=EDGE_CURVE('',#2580,#2575,#1510,.T.);
#3245=EDGE_CURVE('',#2579,#2580,#1511,.T.);
#3246=EDGE_CURVE('',#2581,#2580,#111,.T.);
#3247=EDGE_CURVE('',#2581,#2582,#1512,.T.);
#3248=EDGE_CURVE('',#2558,#2582,#112,.T.);
#3249=EDGE_CURVE('',#2569,#2581,#1513,.T.);
#3250=EDGE_CURVE('',#2582,#2568,#1514,.T.);
#3251=EDGE_CURVE('',#2566,#2583,#1515,.T.);
#3252=EDGE_CURVE('',#2583,#2583,#113,.T.);
#3253=EDGE_CURVE('',#2565,#2584,#1516,.T.);
#3254=EDGE_CURVE('',#2584,#2584,#114,.T.);
#3255=EDGE_CURVE('',#2564,#2585,#1517,.T.);
#3256=EDGE_CURVE('',#2585,#2585,#115,.T.);
#3257=EDGE_CURVE('',#2563,#2586,#1518,.T.);
#3258=EDGE_CURVE('',#2586,#2586,#116,.T.);
#3259=EDGE_CURVE('',#2562,#2587,#1519,.T.);
#3260=EDGE_CURVE('',#2587,#2587,#117,.T.);
#3261=EDGE_CURVE('',#2561,#2588,#1520,.T.);
#3262=EDGE_CURVE('',#2588,#2588,#118,.T.);
#3263=EDGE_CURVE('',#2560,#2589,#1521,.T.);
#3264=EDGE_CURVE('',#2589,#2589,#119,.T.);
#3265=EDGE_CURVE('',#2559,#2590,#1522,.T.);
#3266=EDGE_CURVE('',#2590,#2590,#120,.T.);
#3267=EDGE_CURVE('',#2591,#2592,#1523,.T.);
#3268=EDGE_CURVE('',#2591,#2572,#1524,.T.);
#3269=EDGE_CURVE('',#2592,#2571,#1525,.T.);
#3270=EDGE_CURVE('',#2593,#2591,#1526,.T.);
#3271=EDGE_CURVE('',#2593,#2570,#1527,.T.);
#3272=EDGE_CURVE('',#2592,#2594,#1528,.T.);
#3273=EDGE_CURVE('',#2594,#2567,#1529,.T.);
#3274=EDGE_CURVE('',#2594,#2593,#1530,.T.);
#3275=EDGE_CURVE('',#2595,#2596,#121,.T.);
#3276=EDGE_CURVE('',#2596,#2597,#1531,.T.);
#3277=EDGE_CURVE('',#2597,#2598,#122,.T.);
#3278=EDGE_CURVE('',#2598,#2595,#1532,.T.);
#3279=EDGE_CURVE('',#2599,#2600,#123,.T.);
#3280=EDGE_CURVE('',#2600,#2601,#1533,.T.);
#3281=EDGE_CURVE('',#2601,#2595,#124,.T.);
#3282=EDGE_CURVE('',#2595,#2599,#1534,.T.);
#3283=EDGE_CURVE('',#2601,#2596,#125,.T.);
#3284=EDGE_CURVE('',#2602,#2603,#126,.T.);
#3285=EDGE_CURVE('',#2603,#2604,#1535,.T.);
#3286=EDGE_CURVE('',#2604,#2599,#127,.T.);
#3287=EDGE_CURVE('',#2599,#2602,#1536,.T.);
#3288=EDGE_CURVE('',#2604,#2600,#128,.T.);
#3289=EDGE_CURVE('',#2598,#2605,#129,.T.);
#3290=EDGE_CURVE('',#2605,#2606,#1537,.T.);
#3291=EDGE_CURVE('',#2606,#2602,#130,.T.);
#3292=EDGE_CURVE('',#2602,#2598,#1538,.T.);
#3293=EDGE_CURVE('',#2606,#2603,#131,.T.);
#3294=EDGE_CURVE('',#2597,#2605,#132,.T.);
#3295=EDGE_CURVE('',#2604,#2607,#1539,.T.);
#3296=EDGE_CURVE('',#2607,#2608,#133,.T.);
#3297=EDGE_CURVE('',#2608,#2600,#1540,.T.);
#3298=EDGE_CURVE('',#2609,#2603,#1541,.T.);
#3299=EDGE_CURVE('',#2609,#2607,#1542,.T.);
#3300=EDGE_CURVE('',#2606,#2610,#1543,.T.);
#3301=EDGE_CURVE('',#2610,#2609,#134,.T.);
#3302=EDGE_CURVE('',#2611,#2605,#1544,.T.);
#3303=EDGE_CURVE('',#2611,#2610,#1545,.T.);
#3304=EDGE_CURVE('',#2612,#2611,#135,.T.);
#3305=EDGE_CURVE('',#2613,#2612,#1546,.T.);
#3306=EDGE_CURVE('',#2614,#2613,#136,.T.);
#3307=EDGE_CURVE('',#2608,#2614,#1547,.T.);
#3308=EDGE_CURVE('',#2597,#2612,#1548,.T.);
#3309=EDGE_CURVE('',#2613,#2596,#1549,.T.);
#3310=EDGE_CURVE('',#2601,#2614,#1550,.T.);
#3311=EDGE_CURVE('',#2615,#2615,#137,.T.);
#3312=EDGE_CURVE('',#2615,#2616,#1551,.T.);
#3313=EDGE_CURVE('',#2616,#2616,#138,.T.);
#3314=EDGE_CURVE('',#2617,#2617,#139,.T.);
#3315=EDGE_CURVE('',#2617,#2618,#1552,.T.);
#3316=EDGE_CURVE('',#2618,#2618,#140,.T.);
#3317=EDGE_CURVE('',#2619,#2619,#141,.T.);
#3318=EDGE_CURVE('',#2619,#2620,#1553,.T.);
#3319=EDGE_CURVE('',#2620,#2620,#142,.T.);
#3320=EDGE_CURVE('',#2621,#2621,#143,.T.);
#3321=EDGE_CURVE('',#2621,#2622,#1554,.T.);
#3322=EDGE_CURVE('',#2622,#2622,#144,.T.);
#3323=EDGE_CURVE('',#2623,#2624,#1555,.T.);
#3324=EDGE_CURVE('',#2623,#2602,#1556,.T.);
#3325=EDGE_CURVE('',#2624,#2599,#1557,.T.);
#3326=EDGE_CURVE('',#2625,#2623,#1558,.T.);
#3327=EDGE_CURVE('',#2625,#2598,#1559,.T.);
#3328=EDGE_CURVE('',#2624,#2626,#1560,.T.);
#3329=EDGE_CURVE('',#2626,#2595,#1561,.T.);
#3330=EDGE_CURVE('',#2626,#2625,#1562,.T.);
#3331=EDGE_CURVE('',#2627,#2628,#363,.T.);
#3332=EDGE_CURVE('',#2628,#2629,#1563,.T.);
#3333=EDGE_CURVE('',#2629,#2630,#364,.T.);
#3334=EDGE_CURVE('',#2630,#2627,#1564,.T.);
#3335=EDGE_CURVE('',#2631,#2629,#145,.T.);
#3336=EDGE_CURVE('',#2631,#2632,#1565,.T.);
#3337=EDGE_CURVE('',#2632,#2633,#146,.T.);
#3338=EDGE_CURVE('',#2633,#2630,#1566,.T.);
#3339=EDGE_CURVE('',#2628,#2634,#147,.T.);
#3340=EDGE_CURVE('',#2634,#2635,#1567,.T.);
#3341=EDGE_CURVE('',#2636,#2635,#1568,.T.);
#3342=EDGE_CURVE('',#2637,#2636,#1569,.T.);
#3343=EDGE_CURVE('',#2638,#2637,#1570,.T.);
#3344=EDGE_CURVE('',#2639,#2638,#1571,.T.);
#3345=EDGE_CURVE('',#2640,#2639,#1572,.T.);
#3346=EDGE_CURVE('',#2640,#2631,#1573,.T.);
#3347=EDGE_CURVE('',#2641,#2635,#148,.T.);
#3348=EDGE_CURVE('',#2636,#2641,#1574,.T.);
#3349=EDGE_CURVE('',#2640,#2642,#149,.T.);
#3350=EDGE_CURVE('',#2642,#2639,#1575,.T.);
#3351=EDGE_CURVE('',#2642,#2643,#1576,.T.);
#3352=EDGE_CURVE('',#2643,#2644,#150,.T.);
#3353=EDGE_CURVE('',#2644,#2640,#1577,.T.);
#3354=EDGE_CURVE('',#2645,#2638,#1578,.T.);
#3355=EDGE_CURVE('',#2646,#2645,#1579,.T.);
#3356=EDGE_CURVE('',#2646,#2643,#1580,.T.);
#3357=EDGE_CURVE('',#2647,#2648,#1581,.T.);
#3358=EDGE_CURVE('',#2647,#2649,#1582,.T.);
#3359=EDGE_CURVE('',#2649,#2650,#1583,.T.);
#3360=EDGE_CURVE('',#2648,#2650,#1584,.T.);
#3361=EDGE_CURVE('',#2651,#2647,#1585,.T.);
#3362=EDGE_CURVE('',#2651,#2652,#1586,.T.);
#3363=EDGE_CURVE('',#2652,#2649,#1587,.T.);
#3364=EDGE_CURVE('',#2653,#2651,#1588,.T.);
#3365=EDGE_CURVE('',#2653,#2654,#1589,.T.);
#3366=EDGE_CURVE('',#2654,#2652,#1590,.T.);
#3367=EDGE_CURVE('',#2655,#2653,#1591,.T.);
#3368=EDGE_CURVE('',#2655,#2656,#1592,.T.);
#3369=EDGE_CURVE('',#2656,#2654,#1593,.T.);
#3370=EDGE_CURVE('',#2657,#2655,#1594,.T.);
#3371=EDGE_CURVE('',#2657,#2658,#1595,.T.);
#3372=EDGE_CURVE('',#2658,#2656,#1596,.T.);
#3373=EDGE_CURVE('',#2659,#2657,#1597,.T.);
#3374=EDGE_CURVE('',#2659,#2660,#1598,.T.);
#3375=EDGE_CURVE('',#2660,#2658,#1599,.T.);
#3376=EDGE_CURVE('',#2661,#2659,#1600,.T.);
#3377=EDGE_CURVE('',#2661,#2662,#1601,.T.);
#3378=EDGE_CURVE('',#2662,#2660,#1602,.T.);
#3379=EDGE_CURVE('',#2648,#2661,#1603,.T.);
#3380=EDGE_CURVE('',#2650,#2662,#1604,.T.);
#3381=EDGE_CURVE('',#2663,#2664,#1605,.T.);
#3382=EDGE_CURVE('',#2663,#2665,#1606,.T.);
#3383=EDGE_CURVE('',#2665,#2666,#1607,.T.);
#3384=EDGE_CURVE('',#2664,#2666,#1608,.T.);
#3385=EDGE_CURVE('',#2667,#2663,#1609,.T.);
#3386=EDGE_CURVE('',#2667,#2668,#1610,.T.);
#3387=EDGE_CURVE('',#2668,#2665,#1611,.T.);
#3388=EDGE_CURVE('',#2669,#2667,#1612,.T.);
#3389=EDGE_CURVE('',#2669,#2670,#1613,.T.);
#3390=EDGE_CURVE('',#2670,#2668,#1614,.T.);
#3391=EDGE_CURVE('',#2671,#2669,#1615,.T.);
#3392=EDGE_CURVE('',#2671,#2672,#1616,.T.);
#3393=EDGE_CURVE('',#2672,#2670,#1617,.T.);
#3394=EDGE_CURVE('',#2673,#2671,#1618,.T.);
#3395=EDGE_CURVE('',#2673,#2674,#1619,.T.);
#3396=EDGE_CURVE('',#2674,#2672,#1620,.T.);
#3397=EDGE_CURVE('',#2675,#2673,#1621,.T.);
#3398=EDGE_CURVE('',#2675,#2676,#1622,.T.);
#3399=EDGE_CURVE('',#2676,#2674,#1623,.T.);
#3400=EDGE_CURVE('',#2677,#2675,#1624,.T.);
#3401=EDGE_CURVE('',#2677,#2678,#1625,.T.);
#3402=EDGE_CURVE('',#2678,#2676,#1626,.T.);
#3403=EDGE_CURVE('',#2679,#2677,#1627,.T.);
#3404=EDGE_CURVE('',#2679,#2680,#1628,.T.);
#3405=EDGE_CURVE('',#2680,#2678,#1629,.T.);
#3406=EDGE_CURVE('',#2681,#2679,#1630,.T.);
#3407=EDGE_CURVE('',#2681,#2682,#1631,.T.);
#3408=EDGE_CURVE('',#2682,#2680,#1632,.T.);
#3409=EDGE_CURVE('',#2683,#2681,#1633,.T.);
#3410=EDGE_CURVE('',#2683,#2684,#1634,.T.);
#3411=EDGE_CURVE('',#2684,#2682,#1635,.T.);
#3412=EDGE_CURVE('',#2685,#2683,#1636,.T.);
#3413=EDGE_CURVE('',#2685,#2686,#1637,.T.);
#3414=EDGE_CURVE('',#2686,#2684,#1638,.T.);
#3415=EDGE_CURVE('',#2664,#2685,#1639,.T.);
#3416=EDGE_CURVE('',#2666,#2686,#1640,.T.);
#3417=EDGE_CURVE('',#2687,#2688,#365,.T.);
#3418=EDGE_CURVE('',#2687,#2689,#1641,.T.);
#3419=EDGE_CURVE('',#2689,#2690,#366,.T.);
#3420=EDGE_CURVE('',#2688,#2690,#1642,.T.);
#3421=EDGE_CURVE('',#2691,#2687,#367,.T.);
#3422=EDGE_CURVE('',#2691,#2692,#1643,.T.);
#3423=EDGE_CURVE('',#2692,#2689,#368,.T.);
#3424=EDGE_CURVE('',#2693,#2691,#1644,.T.);
#3425=EDGE_CURVE('',#2693,#2694,#1645,.T.);
#3426=EDGE_CURVE('',#2694,#2692,#1646,.T.);
#3427=EDGE_CURVE('',#2695,#2693,#1647,.T.);
#3428=EDGE_CURVE('',#2695,#2696,#1648,.T.);
#3429=EDGE_CURVE('',#2696,#2694,#1649,.T.);
#3430=EDGE_CURVE('',#2688,#2695,#1650,.T.);
#3431=EDGE_CURVE('',#2690,#2696,#1651,.T.);
#3432=EDGE_CURVE('',#2697,#2698,#1652,.T.);
#3433=EDGE_CURVE('',#2697,#2699,#1653,.T.);
#3434=EDGE_CURVE('',#2699,#2700,#1654,.T.);
#3435=EDGE_CURVE('',#2698,#2700,#1655,.T.);
#3436=EDGE_CURVE('',#2701,#2697,#1656,.T.);
#3437=EDGE_CURVE('',#2701,#2702,#1657,.T.);
#3438=EDGE_CURVE('',#2702,#2699,#1658,.T.);
#3439=EDGE_CURVE('',#2703,#2701,#1659,.T.);
#3440=EDGE_CURVE('',#2703,#2704,#1660,.T.);
#3441=EDGE_CURVE('',#2704,#2702,#1661,.T.);
#3442=EDGE_CURVE('',#2705,#2703,#1662,.T.);
#3443=EDGE_CURVE('',#2705,#2706,#1663,.T.);
#3444=EDGE_CURVE('',#2706,#2704,#1664,.T.);
#3445=EDGE_CURVE('',#2707,#2705,#1665,.T.);
#3446=EDGE_CURVE('',#2707,#2708,#1666,.T.);
#3447=EDGE_CURVE('',#2708,#2706,#1667,.T.);
#3448=EDGE_CURVE('',#2709,#2707,#1668,.T.);
#3449=EDGE_CURVE('',#2709,#2710,#1669,.T.);
#3450=EDGE_CURVE('',#2710,#2708,#1670,.T.);
#3451=EDGE_CURVE('',#2711,#2709,#1671,.T.);
#3452=EDGE_CURVE('',#2711,#2712,#1672,.T.);
#3453=EDGE_CURVE('',#2712,#2710,#1673,.T.);
#3454=EDGE_CURVE('',#2698,#2711,#1674,.T.);
#3455=EDGE_CURVE('',#2700,#2712,#1675,.T.);
#3456=EDGE_CURVE('',#2713,#2714,#369,.T.);
#3457=EDGE_CURVE('',#2713,#2715,#1676,.T.);
#3458=EDGE_CURVE('',#2715,#2716,#370,.T.);
#3459=EDGE_CURVE('',#2714,#2716,#1677,.T.);
#3460=EDGE_CURVE('',#2717,#2713,#371,.T.);
#3461=EDGE_CURVE('',#2717,#2718,#1678,.T.);
#3462=EDGE_CURVE('',#2718,#2715,#372,.T.);
#3463=EDGE_CURVE('',#2719,#2717,#373,.T.);
#3464=EDGE_CURVE('',#2719,#2720,#1679,.T.);
#3465=EDGE_CURVE('',#2720,#2718,#374,.T.);
#3466=EDGE_CURVE('',#2721,#2719,#375,.T.);
#3467=EDGE_CURVE('',#2721,#2722,#1680,.T.);
#3468=EDGE_CURVE('',#2722,#2720,#376,.T.);
#3469=EDGE_CURVE('',#2723,#2721,#377,.T.);
#3470=EDGE_CURVE('',#2723,#2724,#1681,.T.);
#3471=EDGE_CURVE('',#2724,#2722,#378,.T.);
#3472=EDGE_CURVE('',#2725,#2723,#379,.T.);
#3473=EDGE_CURVE('',#2725,#2726,#1682,.T.);
#3474=EDGE_CURVE('',#2726,#2724,#380,.T.);
#3475=EDGE_CURVE('',#2727,#2725,#381,.T.);
#3476=EDGE_CURVE('',#2727,#2728,#1683,.T.);
#3477=EDGE_CURVE('',#2728,#2726,#382,.T.);
#3478=EDGE_CURVE('',#2729,#2727,#383,.T.);
#3479=EDGE_CURVE('',#2729,#2730,#1684,.T.);
#3480=EDGE_CURVE('',#2730,#2728,#384,.T.);
#3481=EDGE_CURVE('',#2731,#2729,#385,.T.);
#3482=EDGE_CURVE('',#2731,#2732,#1685,.T.);
#3483=EDGE_CURVE('',#2732,#2730,#386,.T.);
#3484=EDGE_CURVE('',#2733,#2731,#387,.T.);
#3485=EDGE_CURVE('',#2733,#2734,#1686,.T.);
#3486=EDGE_CURVE('',#2734,#2732,#388,.T.);
#3487=EDGE_CURVE('',#2735,#2733,#389,.T.);
#3488=EDGE_CURVE('',#2735,#2736,#1687,.T.);
#3489=EDGE_CURVE('',#2736,#2734,#390,.T.);
#3490=EDGE_CURVE('',#2737,#2735,#391,.T.);
#3491=EDGE_CURVE('',#2737,#2738,#1688,.T.);
#3492=EDGE_CURVE('',#2738,#2736,#392,.T.);
#3493=EDGE_CURVE('',#2739,#2737,#393,.T.);
#3494=EDGE_CURVE('',#2739,#2740,#1689,.T.);
#3495=EDGE_CURVE('',#2740,#2738,#394,.T.);
#3496=EDGE_CURVE('',#2741,#2739,#395,.T.);
#3497=EDGE_CURVE('',#2741,#2742,#1690,.T.);
#3498=EDGE_CURVE('',#2742,#2740,#396,.T.);
#3499=EDGE_CURVE('',#2743,#2741,#1691,.T.);
#3500=EDGE_CURVE('',#2743,#2744,#1692,.T.);
#3501=EDGE_CURVE('',#2744,#2742,#1693,.T.);
#3502=EDGE_CURVE('',#2745,#2743,#397,.T.);
#3503=EDGE_CURVE('',#2745,#2746,#1694,.T.);
#3504=EDGE_CURVE('',#2746,#2744,#398,.T.);
#3505=EDGE_CURVE('',#2747,#2745,#399,.T.);
#3506=EDGE_CURVE('',#2747,#2748,#1695,.T.);
#3507=EDGE_CURVE('',#2748,#2746,#400,.T.);
#3508=EDGE_CURVE('',#2749,#2747,#401,.T.);
#3509=EDGE_CURVE('',#2749,#2750,#1696,.T.);
#3510=EDGE_CURVE('',#2750,#2748,#402,.T.);
#3511=EDGE_CURVE('',#2751,#2749,#403,.T.);
#3512=EDGE_CURVE('',#2751,#2752,#1697,.T.);
#3513=EDGE_CURVE('',#2752,#2750,#404,.T.);
#3514=EDGE_CURVE('',#2753,#2751,#405,.T.);
#3515=EDGE_CURVE('',#2753,#2754,#1698,.T.);
#3516=EDGE_CURVE('',#2754,#2752,#406,.T.);
#3517=EDGE_CURVE('',#2755,#2753,#407,.T.);
#3518=EDGE_CURVE('',#2755,#2756,#1699,.T.);
#3519=EDGE_CURVE('',#2756,#2754,#408,.T.);
#3520=EDGE_CURVE('',#2757,#2755,#409,.T.);
#3521=EDGE_CURVE('',#2757,#2758,#1700,.T.);
#3522=EDGE_CURVE('',#2758,#2756,#410,.T.);
#3523=EDGE_CURVE('',#2759,#2757,#411,.T.);
#3524=EDGE_CURVE('',#2759,#2760,#1701,.T.);
#3525=EDGE_CURVE('',#2760,#2758,#412,.T.);
#3526=EDGE_CURVE('',#2761,#2759,#413,.T.);
#3527=EDGE_CURVE('',#2761,#2762,#1702,.T.);
#3528=EDGE_CURVE('',#2762,#2760,#414,.T.);
#3529=EDGE_CURVE('',#2763,#2761,#415,.T.);
#3530=EDGE_CURVE('',#2763,#2764,#1703,.T.);
#3531=EDGE_CURVE('',#2764,#2762,#416,.T.);
#3532=EDGE_CURVE('',#2765,#2763,#417,.T.);
#3533=EDGE_CURVE('',#2765,#2766,#1704,.T.);
#3534=EDGE_CURVE('',#2766,#2764,#418,.T.);
#3535=EDGE_CURVE('',#2767,#2765,#419,.T.);
#3536=EDGE_CURVE('',#2767,#2768,#1705,.T.);
#3537=EDGE_CURVE('',#2768,#2766,#420,.T.);
#3538=EDGE_CURVE('',#2769,#2767,#421,.T.);
#3539=EDGE_CURVE('',#2769,#2770,#1706,.T.);
#3540=EDGE_CURVE('',#2770,#2768,#422,.T.);
#3541=EDGE_CURVE('',#2771,#2769,#423,.T.);
#3542=EDGE_CURVE('',#2771,#2772,#1707,.T.);
#3543=EDGE_CURVE('',#2772,#2770,#424,.T.);
#3544=EDGE_CURVE('',#2773,#2771,#425,.T.);
#3545=EDGE_CURVE('',#2773,#2774,#1708,.T.);
#3546=EDGE_CURVE('',#2774,#2772,#426,.T.);
#3547=EDGE_CURVE('',#2775,#2773,#427,.T.);
#3548=EDGE_CURVE('',#2775,#2776,#1709,.T.);
#3549=EDGE_CURVE('',#2776,#2774,#428,.T.);
#3550=EDGE_CURVE('',#2777,#2775,#429,.T.);
#3551=EDGE_CURVE('',#2777,#2778,#1710,.T.);
#3552=EDGE_CURVE('',#2778,#2776,#430,.T.);
#3553=EDGE_CURVE('',#2779,#2777,#431,.T.);
#3554=EDGE_CURVE('',#2779,#2780,#1711,.T.);
#3555=EDGE_CURVE('',#2780,#2778,#432,.T.);
#3556=EDGE_CURVE('',#2781,#2779,#1712,.T.);
#3557=EDGE_CURVE('',#2781,#2782,#1713,.T.);
#3558=EDGE_CURVE('',#2782,#2780,#1714,.T.);
#3559=EDGE_CURVE('',#2714,#2781,#433,.T.);
#3560=EDGE_CURVE('',#2716,#2782,#434,.T.);
#3561=EDGE_CURVE('',#2783,#2784,#435,.T.);
#3562=EDGE_CURVE('',#2783,#2785,#1715,.T.);
#3563=EDGE_CURVE('',#2785,#2786,#436,.T.);
#3564=EDGE_CURVE('',#2784,#2786,#1716,.T.);
#3565=EDGE_CURVE('',#2787,#2783,#437,.T.);
#3566=EDGE_CURVE('',#2787,#2788,#1717,.T.);
#3567=EDGE_CURVE('',#2788,#2785,#438,.T.);
#3568=EDGE_CURVE('',#2789,#2787,#439,.T.);
#3569=EDGE_CURVE('',#2789,#2790,#1718,.T.);
#3570=EDGE_CURVE('',#2790,#2788,#440,.T.);
#3571=EDGE_CURVE('',#2791,#2789,#441,.T.);
#3572=EDGE_CURVE('',#2791,#2792,#1719,.T.);
#3573=EDGE_CURVE('',#2792,#2790,#442,.T.);
#3574=EDGE_CURVE('',#2793,#2791,#443,.T.);
#3575=EDGE_CURVE('',#2793,#2794,#1720,.T.);
#3576=EDGE_CURVE('',#2794,#2792,#444,.T.);
#3577=EDGE_CURVE('',#2795,#2793,#445,.T.);
#3578=EDGE_CURVE('',#2795,#2796,#1721,.T.);
#3579=EDGE_CURVE('',#2796,#2794,#446,.T.);
#3580=EDGE_CURVE('',#2797,#2795,#447,.T.);
#3581=EDGE_CURVE('',#2797,#2798,#1722,.T.);
#3582=EDGE_CURVE('',#2798,#2796,#448,.T.);
#3583=EDGE_CURVE('',#2799,#2797,#449,.T.);
#3584=EDGE_CURVE('',#2799,#2800,#1723,.T.);
#3585=EDGE_CURVE('',#2800,#2798,#450,.T.);
#3586=EDGE_CURVE('',#2801,#2799,#451,.T.);
#3587=EDGE_CURVE('',#2801,#2802,#1724,.T.);
#3588=EDGE_CURVE('',#2802,#2800,#452,.T.);
#3589=EDGE_CURVE('',#2803,#2801,#1725,.T.);
#3590=EDGE_CURVE('',#2803,#2804,#1726,.T.);
#3591=EDGE_CURVE('',#2804,#2802,#1727,.T.);
#3592=EDGE_CURVE('',#2805,#2803,#453,.T.);
#3593=EDGE_CURVE('',#2805,#2806,#1728,.T.);
#3594=EDGE_CURVE('',#2806,#2804,#454,.T.);
#3595=EDGE_CURVE('',#2807,#2805,#455,.T.);
#3596=EDGE_CURVE('',#2807,#2808,#1729,.T.);
#3597=EDGE_CURVE('',#2808,#2806,#456,.T.);
#3598=EDGE_CURVE('',#2809,#2807,#457,.T.);
#3599=EDGE_CURVE('',#2809,#2810,#1730,.T.);
#3600=EDGE_CURVE('',#2810,#2808,#458,.T.);
#3601=EDGE_CURVE('',#2811,#2809,#459,.T.);
#3602=EDGE_CURVE('',#2811,#2812,#1731,.T.);
#3603=EDGE_CURVE('',#2812,#2810,#460,.T.);
#3604=EDGE_CURVE('',#2813,#2811,#461,.T.);
#3605=EDGE_CURVE('',#2813,#2814,#1732,.T.);
#3606=EDGE_CURVE('',#2814,#2812,#462,.T.);
#3607=EDGE_CURVE('',#2815,#2813,#463,.T.);
#3608=EDGE_CURVE('',#2815,#2816,#1733,.T.);
#3609=EDGE_CURVE('',#2816,#2814,#464,.T.);
#3610=EDGE_CURVE('',#2817,#2815,#465,.T.);
#3611=EDGE_CURVE('',#2817,#2818,#1734,.T.);
#3612=EDGE_CURVE('',#2818,#2816,#466,.T.);
#3613=EDGE_CURVE('',#2819,#2817,#467,.T.);
#3614=EDGE_CURVE('',#2819,#2820,#1735,.T.);
#3615=EDGE_CURVE('',#2820,#2818,#468,.T.);
#3616=EDGE_CURVE('',#2821,#2819,#469,.T.);
#3617=EDGE_CURVE('',#2821,#2822,#1736,.T.);
#3618=EDGE_CURVE('',#2822,#2820,#470,.T.);
#3619=EDGE_CURVE('',#2823,#2821,#471,.T.);
#3620=EDGE_CURVE('',#2823,#2824,#1737,.T.);
#3621=EDGE_CURVE('',#2824,#2822,#472,.T.);
#3622=EDGE_CURVE('',#2825,#2823,#1738,.T.);
#3623=EDGE_CURVE('',#2825,#2826,#1739,.T.);
#3624=EDGE_CURVE('',#2826,#2824,#1740,.T.);
#3625=EDGE_CURVE('',#2784,#2825,#473,.T.);
#3626=EDGE_CURVE('',#2786,#2826,#474,.T.);
#3627=EDGE_CURVE('',#2827,#2828,#1741,.T.);
#3628=EDGE_CURVE('',#2827,#2829,#1742,.T.);
#3629=EDGE_CURVE('',#2829,#2830,#1743,.T.);
#3630=EDGE_CURVE('',#2828,#2830,#1744,.T.);
#3631=EDGE_CURVE('',#2831,#2827,#1745,.T.);
#3632=EDGE_CURVE('',#2831,#2832,#1746,.T.);
#3633=EDGE_CURVE('',#2832,#2829,#1747,.T.);
#3634=EDGE_CURVE('',#2833,#2831,#1748,.T.);
#3635=EDGE_CURVE('',#2833,#2834,#1749,.T.);
#3636=EDGE_CURVE('',#2834,#2832,#1750,.T.);
#3637=EDGE_CURVE('',#2828,#2833,#1751,.T.);
#3638=EDGE_CURVE('',#2830,#2834,#1752,.T.);
#3639=EDGE_CURVE('',#2835,#2836,#1753,.T.);
#3640=EDGE_CURVE('',#2835,#2837,#1754,.T.);
#3641=EDGE_CURVE('',#2837,#2838,#1755,.T.);
#3642=EDGE_CURVE('',#2836,#2838,#1756,.T.);
#3643=EDGE_CURVE('',#2839,#2835,#1757,.T.);
#3644=EDGE_CURVE('',#2839,#2840,#1758,.T.);
#3645=EDGE_CURVE('',#2840,#2837,#1759,.T.);
#3646=EDGE_CURVE('',#2841,#2839,#1760,.T.);
#3647=EDGE_CURVE('',#2841,#2842,#1761,.T.);
#3648=EDGE_CURVE('',#2842,#2840,#1762,.T.);
#3649=EDGE_CURVE('',#2836,#2841,#1763,.T.);
#3650=EDGE_CURVE('',#2838,#2842,#1764,.T.);
#3651=EDGE_CURVE('',#2843,#2844,#1765,.T.);
#3652=EDGE_CURVE('',#2845,#2843,#1766,.T.);
#3653=EDGE_CURVE('',#2846,#2845,#1767,.T.);
#3654=EDGE_CURVE('',#2844,#2846,#1768,.T.);
#3655=EDGE_CURVE('',#2847,#2847,#151,.T.);
#3656=EDGE_CURVE('',#2848,#2848,#152,.T.);
#3657=EDGE_CURVE('',#2849,#2849,#153,.T.);
#3658=EDGE_CURVE('',#2850,#2850,#154,.T.);
#3659=EDGE_CURVE('',#2851,#2851,#155,.T.);
#3660=EDGE_CURVE('',#2852,#2852,#156,.T.);
#3661=EDGE_CURVE('',#2853,#2853,#157,.T.);
#3662=EDGE_CURVE('',#2854,#2854,#158,.T.);
#3663=EDGE_CURVE('',#2855,#2843,#159,.T.);
#3664=EDGE_CURVE('',#2844,#2643,#160,.T.);
#3665=EDGE_CURVE('',#2643,#2855,#1769,.T.);
#3666=EDGE_CURVE('',#2844,#2644,#161,.T.);
#3667=EDGE_CURVE('',#2635,#2856,#1770,.T.);
#3668=EDGE_CURVE('',#2856,#2855,#162,.T.);
#3669=EDGE_CURVE('',#2855,#2641,#1771,.T.);
#3670=EDGE_CURVE('',#2856,#2843,#163,.T.);
#3671=EDGE_CURVE('',#2856,#2857,#1772,.T.);
#3672=EDGE_CURVE('',#2857,#2845,#164,.T.);
#3673=EDGE_CURVE('',#2858,#2634,#1773,.T.);
#3674=EDGE_CURVE('',#2857,#2858,#1774,.T.);
#3675=EDGE_CURVE('',#2627,#2859,#1775,.T.);
#3676=EDGE_CURVE('',#2859,#2858,#165,.T.);
#3677=EDGE_CURVE('',#2859,#2633,#1776,.T.);
#3678=EDGE_CURVE('',#2632,#2860,#1777,.T.);
#3679=EDGE_CURVE('',#2846,#2860,#166,.T.);
#3680=EDGE_CURVE('',#2860,#2644,#1778,.T.);
#3681=EDGE_CURVE('',#2854,#2861,#1779,.T.);
#3682=EDGE_CURVE('',#2861,#2861,#167,.T.);
#3683=EDGE_CURVE('',#2853,#2862,#1780,.T.);
#3684=EDGE_CURVE('',#2862,#2862,#168,.T.);
#3685=EDGE_CURVE('',#2852,#2863,#1781,.T.);
#3686=EDGE_CURVE('',#2863,#2863,#169,.T.);
#3687=EDGE_CURVE('',#2851,#2864,#1782,.T.);
#3688=EDGE_CURVE('',#2864,#2864,#170,.T.);
#3689=EDGE_CURVE('',#2850,#2865,#1783,.T.);
#3690=EDGE_CURVE('',#2865,#2865,#171,.T.);
#3691=EDGE_CURVE('',#2849,#2866,#1784,.T.);
#3692=EDGE_CURVE('',#2866,#2866,#172,.T.);
#3693=EDGE_CURVE('',#2848,#2867,#1785,.T.);
#3694=EDGE_CURVE('',#2867,#2867,#173,.T.);
#3695=EDGE_CURVE('',#2847,#2868,#1786,.T.);
#3696=EDGE_CURVE('',#2868,#2868,#174,.T.);
#3697=EDGE_CURVE('',#2869,#2855,#1787,.T.);
#3698=EDGE_CURVE('',#2870,#2869,#1788,.T.);
#3699=EDGE_CURVE('',#2870,#2637,#1789,.T.);
#3700=EDGE_CURVE('',#2645,#2870,#1790,.T.);
#3701=EDGE_CURVE('',#2869,#2646,#1791,.T.);
#3702=EDGE_CURVE('',#2871,#2872,#475,.T.);
#3703=EDGE_CURVE('',#2872,#2873,#1792,.T.);
#3704=EDGE_CURVE('',#2873,#2874,#476,.T.);
#3705=EDGE_CURVE('',#2874,#2871,#1793,.T.);
#3706=EDGE_CURVE('',#2873,#2875,#175,.T.);
#3707=EDGE_CURVE('',#2875,#2876,#1794,.T.);
#3708=EDGE_CURVE('',#2876,#2877,#176,.T.);
#3709=EDGE_CURVE('',#2877,#2874,#1795,.T.);
#3710=EDGE_CURVE('',#2878,#2872,#177,.T.);
#3711=EDGE_CURVE('',#2879,#2878,#1796,.T.);
#3712=EDGE_CURVE('',#2879,#2880,#1797,.T.);
#3713=EDGE_CURVE('',#2881,#2880,#1798,.T.);
#3714=EDGE_CURVE('',#2882,#2881,#1799,.T.);
#3715=EDGE_CURVE('',#2883,#2882,#1800,.T.);
#3716=EDGE_CURVE('',#2883,#2884,#1801,.T.);
#3717=EDGE_CURVE('',#2875,#2884,#1802,.T.);
#3718=EDGE_CURVE('',#2880,#2885,#1803,.T.);
#3719=EDGE_CURVE('',#2886,#2879,#1804,.T.);
#3720=EDGE_CURVE('',#2885,#2886,#178,.T.);
#3721=EDGE_CURVE('',#2887,#2883,#1805,.T.);
#3722=EDGE_CURVE('',#2888,#2887,#179,.T.);
#3723=EDGE_CURVE('',#2884,#2888,#1806,.T.);
#3724=EDGE_CURVE('',#2889,#2881,#1807,.T.);
#3725=EDGE_CURVE('',#2890,#2889,#1808,.T.);
#3726=EDGE_CURVE('',#2890,#2882,#1809,.T.);
#3727=EDGE_CURVE('',#2886,#2891,#1810,.T.);
#3728=EDGE_CURVE('',#2891,#2892,#180,.T.);
#3729=EDGE_CURVE('',#2892,#2885,#1811,.T.);
#3730=EDGE_CURVE('',#2893,#2878,#1812,.T.);
#3731=EDGE_CURVE('',#2893,#2894,#1813,.T.);
#3732=EDGE_CURVE('',#2891,#2894,#1814,.T.);
#3733=EDGE_CURVE('',#2871,#2895,#1815,.T.);
#3734=EDGE_CURVE('',#2895,#2893,#181,.T.);
#3735=EDGE_CURVE('',#2896,#2892,#1816,.T.);
#3736=EDGE_CURVE('',#2889,#2896,#1817,.T.);
#3737=EDGE_CURVE('',#2897,#2890,#1818,.T.);
#3738=EDGE_CURVE('',#2897,#2898,#1819,.T.);
#3739=EDGE_CURVE('',#2887,#2898,#1820,.T.);
#3740=EDGE_CURVE('',#2898,#2899,#182,.T.);
#3741=EDGE_CURVE('',#2899,#2888,#1821,.T.);
#3742=EDGE_CURVE('',#2892,#2900,#183,.T.);
#3743=EDGE_CURVE('',#2900,#2901,#1822,.T.);
#3744=EDGE_CURVE('',#2901,#2898,#184,.T.);
#3745=EDGE_CURVE('',#2898,#2892,#1823,.T.);
#3746=EDGE_CURVE('',#2901,#2899,#185,.T.);
#3747=EDGE_CURVE('',#2891,#2900,#186,.T.);
#3748=EDGE_CURVE('',#2894,#2902,#187,.T.);
#3749=EDGE_CURVE('',#2902,#2900,#1824,.T.);
#3750=EDGE_CURVE('',#2877,#2895,#1825,.T.);
#3751=EDGE_CURVE('',#2903,#2876,#1826,.T.);
#3752=EDGE_CURVE('',#2904,#2903,#188,.T.);
#3753=EDGE_CURVE('',#2902,#2904,#1827,.T.);
#3754=EDGE_CURVE('',#2903,#2899,#1828,.T.);
#3755=EDGE_CURVE('',#2901,#2904,#1829,.T.);
#3756=EDGE_CURVE('',#2905,#2905,#189,.T.);
#3757=EDGE_CURVE('',#2905,#2906,#1830,.T.);
#3758=EDGE_CURVE('',#2906,#2906,#190,.T.);
#3759=EDGE_CURVE('',#2907,#2907,#191,.T.);
#3760=EDGE_CURVE('',#2907,#2908,#1831,.T.);
#3761=EDGE_CURVE('',#2908,#2908,#192,.T.);
#3762=EDGE_CURVE('',#2909,#2909,#193,.T.);
#3763=EDGE_CURVE('',#2909,#2910,#1832,.T.);
#3764=EDGE_CURVE('',#2910,#2910,#194,.T.);
#3765=EDGE_CURVE('',#2911,#2911,#195,.T.);
#3766=EDGE_CURVE('',#2911,#2912,#1833,.T.);
#3767=EDGE_CURVE('',#2912,#2912,#196,.T.);
#3768=EDGE_CURVE('',#2896,#2897,#1834,.T.);
#3769=ORIENTED_EDGE('',*,*,#2913,.F.);
#3770=ORIENTED_EDGE('',*,*,#2914,.T.);
#3771=ORIENTED_EDGE('',*,*,#2915,.T.);
#3772=ORIENTED_EDGE('',*,*,#2916,.F.);
#3773=ORIENTED_EDGE('',*,*,#2917,.F.);
#3774=ORIENTED_EDGE('',*,*,#2918,.T.);
#3775=ORIENTED_EDGE('',*,*,#2919,.T.);
#3776=ORIENTED_EDGE('',*,*,#2914,.F.);
#3777=ORIENTED_EDGE('',*,*,#2920,.F.);
#3778=ORIENTED_EDGE('',*,*,#2921,.T.);
#3779=ORIENTED_EDGE('',*,*,#2922,.T.);
#3780=ORIENTED_EDGE('',*,*,#2918,.F.);
#3781=ORIENTED_EDGE('',*,*,#2923,.F.);
#3782=ORIENTED_EDGE('',*,*,#2924,.T.);
#3783=ORIENTED_EDGE('',*,*,#2925,.T.);
#3784=ORIENTED_EDGE('',*,*,#2921,.F.);
#3785=ORIENTED_EDGE('',*,*,#2926,.F.);
#3786=ORIENTED_EDGE('',*,*,#2927,.T.);
#3787=ORIENTED_EDGE('',*,*,#2928,.T.);
#3788=ORIENTED_EDGE('',*,*,#2924,.F.);
#3789=ORIENTED_EDGE('',*,*,#2929,.F.);
#3790=ORIENTED_EDGE('',*,*,#2930,.T.);
#3791=ORIENTED_EDGE('',*,*,#2931,.T.);
#3792=ORIENTED_EDGE('',*,*,#2927,.F.);
#3793=ORIENTED_EDGE('',*,*,#2932,.F.);
#3794=ORIENTED_EDGE('',*,*,#2933,.T.);
#3795=ORIENTED_EDGE('',*,*,#2934,.T.);
#3796=ORIENTED_EDGE('',*,*,#2930,.F.);
#3797=ORIENTED_EDGE('',*,*,#2935,.F.);
#3798=ORIENTED_EDGE('',*,*,#2916,.T.);
#3799=ORIENTED_EDGE('',*,*,#2936,.T.);
#3800=ORIENTED_EDGE('',*,*,#2933,.F.);
#3801=ORIENTED_EDGE('',*,*,#2936,.F.);
#3802=ORIENTED_EDGE('',*,*,#2915,.F.);
#3803=ORIENTED_EDGE('',*,*,#2919,.F.);
#3804=ORIENTED_EDGE('',*,*,#2922,.F.);
#3805=ORIENTED_EDGE('',*,*,#2925,.F.);
#3806=ORIENTED_EDGE('',*,*,#2928,.F.);
#3807=ORIENTED_EDGE('',*,*,#2931,.F.);
#3808=ORIENTED_EDGE('',*,*,#2934,.F.);
#3809=ORIENTED_EDGE('',*,*,#2937,.F.);
#3810=ORIENTED_EDGE('',*,*,#2938,.T.);
#3811=ORIENTED_EDGE('',*,*,#2939,.T.);
#3812=ORIENTED_EDGE('',*,*,#2940,.F.);
#3813=ORIENTED_EDGE('',*,*,#2941,.F.);
#3814=ORIENTED_EDGE('',*,*,#2942,.T.);
#3815=ORIENTED_EDGE('',*,*,#2943,.T.);
#3816=ORIENTED_EDGE('',*,*,#2938,.F.);
#3817=ORIENTED_EDGE('',*,*,#2944,.F.);
#3818=ORIENTED_EDGE('',*,*,#2945,.T.);
#3819=ORIENTED_EDGE('',*,*,#2946,.T.);
#3820=ORIENTED_EDGE('',*,*,#2942,.F.);
#3821=ORIENTED_EDGE('',*,*,#2947,.F.);
#3822=ORIENTED_EDGE('',*,*,#2948,.T.);
#3823=ORIENTED_EDGE('',*,*,#2949,.T.);
#3824=ORIENTED_EDGE('',*,*,#2945,.F.);
#3825=ORIENTED_EDGE('',*,*,#2950,.F.);
#3826=ORIENTED_EDGE('',*,*,#2951,.T.);
#3827=ORIENTED_EDGE('',*,*,#2952,.T.);
#3828=ORIENTED_EDGE('',*,*,#2948,.F.);
#3829=ORIENTED_EDGE('',*,*,#2953,.F.);
#3830=ORIENTED_EDGE('',*,*,#2954,.T.);
#3831=ORIENTED_EDGE('',*,*,#2955,.T.);
#3832=ORIENTED_EDGE('',*,*,#2951,.F.);
#3833=ORIENTED_EDGE('',*,*,#2956,.F.);
#3834=ORIENTED_EDGE('',*,*,#2957,.T.);
#3835=ORIENTED_EDGE('',*,*,#2958,.T.);
#3836=ORIENTED_EDGE('',*,*,#2954,.F.);
#3837=ORIENTED_EDGE('',*,*,#2959,.F.);
#3838=ORIENTED_EDGE('',*,*,#2960,.T.);
#3839=ORIENTED_EDGE('',*,*,#2961,.T.);
#3840=ORIENTED_EDGE('',*,*,#2957,.F.);
#3841=ORIENTED_EDGE('',*,*,#2962,.F.);
#3842=ORIENTED_EDGE('',*,*,#2963,.T.);
#3843=ORIENTED_EDGE('',*,*,#2964,.T.);
#3844=ORIENTED_EDGE('',*,*,#2960,.F.);
#3845=ORIENTED_EDGE('',*,*,#2965,.F.);
#3846=ORIENTED_EDGE('',*,*,#2966,.T.);
#3847=ORIENTED_EDGE('',*,*,#2967,.T.);
#3848=ORIENTED_EDGE('',*,*,#2963,.F.);
#3849=ORIENTED_EDGE('',*,*,#2968,.F.);
#3850=ORIENTED_EDGE('',*,*,#2969,.T.);
#3851=ORIENTED_EDGE('',*,*,#2970,.T.);
#3852=ORIENTED_EDGE('',*,*,#2966,.F.);
#3853=ORIENTED_EDGE('',*,*,#2971,.F.);
#3854=ORIENTED_EDGE('',*,*,#2940,.T.);
#3855=ORIENTED_EDGE('',*,*,#2972,.T.);
#3856=ORIENTED_EDGE('',*,*,#2969,.F.);
#3857=ORIENTED_EDGE('',*,*,#2972,.F.);
#3858=ORIENTED_EDGE('',*,*,#2939,.F.);
#3859=ORIENTED_EDGE('',*,*,#2943,.F.);
#3860=ORIENTED_EDGE('',*,*,#2946,.F.);
#3861=ORIENTED_EDGE('',*,*,#2949,.F.);
#3862=ORIENTED_EDGE('',*,*,#2952,.F.);
#3863=ORIENTED_EDGE('',*,*,#2955,.F.);
#3864=ORIENTED_EDGE('',*,*,#2958,.F.);
#3865=ORIENTED_EDGE('',*,*,#2961,.F.);
#3866=ORIENTED_EDGE('',*,*,#2964,.F.);
#3867=ORIENTED_EDGE('',*,*,#2967,.F.);
#3868=ORIENTED_EDGE('',*,*,#2970,.F.);
#3869=ORIENTED_EDGE('',*,*,#2973,.F.);
#3870=ORIENTED_EDGE('',*,*,#2974,.T.);
#3871=ORIENTED_EDGE('',*,*,#2975,.T.);
#3872=ORIENTED_EDGE('',*,*,#2976,.F.);
#3873=ORIENTED_EDGE('',*,*,#2977,.F.);
#3874=ORIENTED_EDGE('',*,*,#2978,.T.);
#3875=ORIENTED_EDGE('',*,*,#2979,.T.);
#3876=ORIENTED_EDGE('',*,*,#2974,.F.);
#3877=ORIENTED_EDGE('',*,*,#2980,.F.);
#3878=ORIENTED_EDGE('',*,*,#2981,.T.);
#3879=ORIENTED_EDGE('',*,*,#2982,.T.);
#3880=ORIENTED_EDGE('',*,*,#2978,.F.);
#3881=ORIENTED_EDGE('',*,*,#2983,.F.);
#3882=ORIENTED_EDGE('',*,*,#2984,.T.);
#3883=ORIENTED_EDGE('',*,*,#2985,.T.);
#3884=ORIENTED_EDGE('',*,*,#2981,.F.);
#3885=ORIENTED_EDGE('',*,*,#2986,.F.);
#3886=ORIENTED_EDGE('',*,*,#2976,.T.);
#3887=ORIENTED_EDGE('',*,*,#2987,.T.);
#3888=ORIENTED_EDGE('',*,*,#2984,.F.);
#3889=ORIENTED_EDGE('',*,*,#2988,.F.);
#3890=ORIENTED_EDGE('',*,*,#2989,.T.);
#3891=ORIENTED_EDGE('',*,*,#2990,.T.);
#3892=ORIENTED_EDGE('',*,*,#2991,.F.);
#3893=ORIENTED_EDGE('',*,*,#2992,.F.);
#3894=ORIENTED_EDGE('',*,*,#2993,.T.);
#3895=ORIENTED_EDGE('',*,*,#2994,.T.);
#3896=ORIENTED_EDGE('',*,*,#2989,.F.);
#3897=ORIENTED_EDGE('',*,*,#2995,.F.);
#3898=ORIENTED_EDGE('',*,*,#2996,.T.);
#3899=ORIENTED_EDGE('',*,*,#2997,.T.);
#3900=ORIENTED_EDGE('',*,*,#2993,.F.);
#3901=ORIENTED_EDGE('',*,*,#2998,.F.);
#3902=ORIENTED_EDGE('',*,*,#2999,.T.);
#3903=ORIENTED_EDGE('',*,*,#3000,.T.);
#3904=ORIENTED_EDGE('',*,*,#2996,.F.);
#3905=ORIENTED_EDGE('',*,*,#3001,.F.);
#3906=ORIENTED_EDGE('',*,*,#3002,.T.);
#3907=ORIENTED_EDGE('',*,*,#3003,.T.);
#3908=ORIENTED_EDGE('',*,*,#2999,.F.);
#3909=ORIENTED_EDGE('',*,*,#3004,.F.);
#3910=ORIENTED_EDGE('',*,*,#3005,.T.);
#3911=ORIENTED_EDGE('',*,*,#3006,.T.);
#3912=ORIENTED_EDGE('',*,*,#3002,.F.);
#3913=ORIENTED_EDGE('',*,*,#3007,.F.);
#3914=ORIENTED_EDGE('',*,*,#3008,.T.);
#3915=ORIENTED_EDGE('',*,*,#3009,.T.);
#3916=ORIENTED_EDGE('',*,*,#3005,.F.);
#3917=ORIENTED_EDGE('',*,*,#3010,.F.);
#3918=ORIENTED_EDGE('',*,*,#2991,.T.);
#3919=ORIENTED_EDGE('',*,*,#3011,.T.);
#3920=ORIENTED_EDGE('',*,*,#3008,.F.);
#3921=ORIENTED_EDGE('',*,*,#3011,.F.);
#3922=ORIENTED_EDGE('',*,*,#2990,.F.);
#3923=ORIENTED_EDGE('',*,*,#2994,.F.);
#3924=ORIENTED_EDGE('',*,*,#2997,.F.);
#3925=ORIENTED_EDGE('',*,*,#3000,.F.);
#3926=ORIENTED_EDGE('',*,*,#3003,.F.);
#3927=ORIENTED_EDGE('',*,*,#3006,.F.);
#3928=ORIENTED_EDGE('',*,*,#3009,.F.);
#3929=ORIENTED_EDGE('',*,*,#2987,.F.);
#3930=ORIENTED_EDGE('',*,*,#2975,.F.);
#3931=ORIENTED_EDGE('',*,*,#2979,.F.);
#3932=ORIENTED_EDGE('',*,*,#2982,.F.);
#3933=ORIENTED_EDGE('',*,*,#2985,.F.);
#3934=ORIENTED_EDGE('',*,*,#3012,.F.);
#3935=ORIENTED_EDGE('',*,*,#3013,.T.);
#3936=ORIENTED_EDGE('',*,*,#3014,.T.);
#3937=ORIENTED_EDGE('',*,*,#3015,.F.);
#3938=ORIENTED_EDGE('',*,*,#3016,.F.);
#3939=ORIENTED_EDGE('',*,*,#3017,.T.);
#3940=ORIENTED_EDGE('',*,*,#3018,.T.);
#3941=ORIENTED_EDGE('',*,*,#3013,.F.);
#3942=ORIENTED_EDGE('',*,*,#3019,.F.);
#3943=ORIENTED_EDGE('',*,*,#3020,.T.);
#3944=ORIENTED_EDGE('',*,*,#3021,.T.);
#3945=ORIENTED_EDGE('',*,*,#3017,.F.);
#3946=ORIENTED_EDGE('',*,*,#3022,.F.);
#3947=ORIENTED_EDGE('',*,*,#3023,.T.);
#3948=ORIENTED_EDGE('',*,*,#3024,.T.);
#3949=ORIENTED_EDGE('',*,*,#3020,.F.);
#3950=ORIENTED_EDGE('',*,*,#3025,.F.);
#3951=ORIENTED_EDGE('',*,*,#3026,.T.);
#3952=ORIENTED_EDGE('',*,*,#3027,.T.);
#3953=ORIENTED_EDGE('',*,*,#3023,.F.);
#3954=ORIENTED_EDGE('',*,*,#3028,.F.);
#3955=ORIENTED_EDGE('',*,*,#3029,.T.);
#3956=ORIENTED_EDGE('',*,*,#3030,.T.);
#3957=ORIENTED_EDGE('',*,*,#3026,.F.);
#3958=ORIENTED_EDGE('',*,*,#3031,.F.);
#3959=ORIENTED_EDGE('',*,*,#3032,.T.);
#3960=ORIENTED_EDGE('',*,*,#3033,.T.);
#3961=ORIENTED_EDGE('',*,*,#3029,.F.);
#3962=ORIENTED_EDGE('',*,*,#3034,.F.);
#3963=ORIENTED_EDGE('',*,*,#3035,.T.);
#3964=ORIENTED_EDGE('',*,*,#3036,.T.);
#3965=ORIENTED_EDGE('',*,*,#3032,.F.);
#3966=ORIENTED_EDGE('',*,*,#3037,.F.);
#3967=ORIENTED_EDGE('',*,*,#3038,.T.);
#3968=ORIENTED_EDGE('',*,*,#3039,.T.);
#3969=ORIENTED_EDGE('',*,*,#3035,.F.);
#3970=ORIENTED_EDGE('',*,*,#3040,.F.);
#3971=ORIENTED_EDGE('',*,*,#3041,.T.);
#3972=ORIENTED_EDGE('',*,*,#3042,.T.);
#3973=ORIENTED_EDGE('',*,*,#3038,.F.);
#3974=ORIENTED_EDGE('',*,*,#3043,.F.);
#3975=ORIENTED_EDGE('',*,*,#3044,.T.);
#3976=ORIENTED_EDGE('',*,*,#3045,.T.);
#3977=ORIENTED_EDGE('',*,*,#3041,.F.);
#3978=ORIENTED_EDGE('',*,*,#3046,.F.);
#3979=ORIENTED_EDGE('',*,*,#3047,.T.);
#3980=ORIENTED_EDGE('',*,*,#3048,.T.);
#3981=ORIENTED_EDGE('',*,*,#3044,.F.);
#3982=ORIENTED_EDGE('',*,*,#3049,.F.);
#3983=ORIENTED_EDGE('',*,*,#3050,.T.);
#3984=ORIENTED_EDGE('',*,*,#3051,.T.);
#3985=ORIENTED_EDGE('',*,*,#3047,.F.);
#3986=ORIENTED_EDGE('',*,*,#3052,.F.);
#3987=ORIENTED_EDGE('',*,*,#3053,.T.);
#3988=ORIENTED_EDGE('',*,*,#3054,.T.);
#3989=ORIENTED_EDGE('',*,*,#3050,.F.);
#3990=ORIENTED_EDGE('',*,*,#3055,.F.);
#3991=ORIENTED_EDGE('',*,*,#3056,.T.);
#3992=ORIENTED_EDGE('',*,*,#3057,.T.);
#3993=ORIENTED_EDGE('',*,*,#3053,.F.);
#3994=ORIENTED_EDGE('',*,*,#3058,.F.);
#3995=ORIENTED_EDGE('',*,*,#3059,.T.);
#3996=ORIENTED_EDGE('',*,*,#3060,.T.);
#3997=ORIENTED_EDGE('',*,*,#3056,.F.);
#3998=ORIENTED_EDGE('',*,*,#3061,.F.);
#3999=ORIENTED_EDGE('',*,*,#3062,.T.);
#4000=ORIENTED_EDGE('',*,*,#3063,.T.);
#4001=ORIENTED_EDGE('',*,*,#3059,.F.);
#4002=ORIENTED_EDGE('',*,*,#3064,.F.);
#4003=ORIENTED_EDGE('',*,*,#3065,.T.);
#4004=ORIENTED_EDGE('',*,*,#3066,.T.);
#4005=ORIENTED_EDGE('',*,*,#3062,.F.);
#4006=ORIENTED_EDGE('',*,*,#3067,.F.);
#4007=ORIENTED_EDGE('',*,*,#3068,.T.);
#4008=ORIENTED_EDGE('',*,*,#3069,.T.);
#4009=ORIENTED_EDGE('',*,*,#3065,.F.);
#4010=ORIENTED_EDGE('',*,*,#3070,.F.);
#4011=ORIENTED_EDGE('',*,*,#3071,.T.);
#4012=ORIENTED_EDGE('',*,*,#3072,.T.);
#4013=ORIENTED_EDGE('',*,*,#3068,.F.);
#4014=ORIENTED_EDGE('',*,*,#3073,.F.);
#4015=ORIENTED_EDGE('',*,*,#3074,.T.);
#4016=ORIENTED_EDGE('',*,*,#3075,.T.);
#4017=ORIENTED_EDGE('',*,*,#3071,.F.);
#4018=ORIENTED_EDGE('',*,*,#3076,.F.);
#4019=ORIENTED_EDGE('',*,*,#3077,.T.);
#4020=ORIENTED_EDGE('',*,*,#3078,.T.);
#4021=ORIENTED_EDGE('',*,*,#3074,.F.);
#4022=ORIENTED_EDGE('',*,*,#3079,.F.);
#4023=ORIENTED_EDGE('',*,*,#3080,.T.);
#4024=ORIENTED_EDGE('',*,*,#3081,.T.);
#4025=ORIENTED_EDGE('',*,*,#3077,.F.);
#4026=ORIENTED_EDGE('',*,*,#3082,.F.);
#4027=ORIENTED_EDGE('',*,*,#3083,.T.);
#4028=ORIENTED_EDGE('',*,*,#3084,.T.);
#4029=ORIENTED_EDGE('',*,*,#3080,.F.);
#4030=ORIENTED_EDGE('',*,*,#3085,.F.);
#4031=ORIENTED_EDGE('',*,*,#3086,.T.);
#4032=ORIENTED_EDGE('',*,*,#3087,.T.);
#4033=ORIENTED_EDGE('',*,*,#3083,.F.);
#4034=ORIENTED_EDGE('',*,*,#3088,.F.);
#4035=ORIENTED_EDGE('',*,*,#3089,.T.);
#4036=ORIENTED_EDGE('',*,*,#3090,.T.);
#4037=ORIENTED_EDGE('',*,*,#3086,.F.);
#4038=ORIENTED_EDGE('',*,*,#3091,.F.);
#4039=ORIENTED_EDGE('',*,*,#3092,.T.);
#4040=ORIENTED_EDGE('',*,*,#3093,.T.);
#4041=ORIENTED_EDGE('',*,*,#3089,.F.);
#4042=ORIENTED_EDGE('',*,*,#3094,.F.);
#4043=ORIENTED_EDGE('',*,*,#3095,.T.);
#4044=ORIENTED_EDGE('',*,*,#3096,.T.);
#4045=ORIENTED_EDGE('',*,*,#3092,.F.);
#4046=ORIENTED_EDGE('',*,*,#3097,.F.);
#4047=ORIENTED_EDGE('',*,*,#3098,.T.);
#4048=ORIENTED_EDGE('',*,*,#3099,.T.);
#4049=ORIENTED_EDGE('',*,*,#3095,.F.);
#4050=ORIENTED_EDGE('',*,*,#3100,.F.);
#4051=ORIENTED_EDGE('',*,*,#3101,.T.);
#4052=ORIENTED_EDGE('',*,*,#3102,.T.);
#4053=ORIENTED_EDGE('',*,*,#3098,.F.);
#4054=ORIENTED_EDGE('',*,*,#3103,.F.);
#4055=ORIENTED_EDGE('',*,*,#3104,.T.);
#4056=ORIENTED_EDGE('',*,*,#3105,.T.);
#4057=ORIENTED_EDGE('',*,*,#3101,.F.);
#4058=ORIENTED_EDGE('',*,*,#3106,.F.);
#4059=ORIENTED_EDGE('',*,*,#3107,.T.);
#4060=ORIENTED_EDGE('',*,*,#3108,.T.);
#4061=ORIENTED_EDGE('',*,*,#3104,.F.);
#4062=ORIENTED_EDGE('',*,*,#3109,.F.);
#4063=ORIENTED_EDGE('',*,*,#3110,.T.);
#4064=ORIENTED_EDGE('',*,*,#3111,.T.);
#4065=ORIENTED_EDGE('',*,*,#3107,.F.);
#4066=ORIENTED_EDGE('',*,*,#3112,.F.);
#4067=ORIENTED_EDGE('',*,*,#3113,.T.);
#4068=ORIENTED_EDGE('',*,*,#3114,.T.);
#4069=ORIENTED_EDGE('',*,*,#3110,.F.);
#4070=ORIENTED_EDGE('',*,*,#3115,.F.);
#4071=ORIENTED_EDGE('',*,*,#3015,.T.);
#4072=ORIENTED_EDGE('',*,*,#3116,.T.);
#4073=ORIENTED_EDGE('',*,*,#3113,.F.);
#4074=ORIENTED_EDGE('',*,*,#3116,.F.);
#4075=ORIENTED_EDGE('',*,*,#3014,.F.);
#4076=ORIENTED_EDGE('',*,*,#3018,.F.);
#4077=ORIENTED_EDGE('',*,*,#3021,.F.);
#4078=ORIENTED_EDGE('',*,*,#3024,.F.);
#4079=ORIENTED_EDGE('',*,*,#3027,.F.);
#4080=ORIENTED_EDGE('',*,*,#3030,.F.);
#4081=ORIENTED_EDGE('',*,*,#3033,.F.);
#4082=ORIENTED_EDGE('',*,*,#3036,.F.);
#4083=ORIENTED_EDGE('',*,*,#3039,.F.);
#4084=ORIENTED_EDGE('',*,*,#3042,.F.);
#4085=ORIENTED_EDGE('',*,*,#3045,.F.);
#4086=ORIENTED_EDGE('',*,*,#3048,.F.);
#4087=ORIENTED_EDGE('',*,*,#3051,.F.);
#4088=ORIENTED_EDGE('',*,*,#3054,.F.);
#4089=ORIENTED_EDGE('',*,*,#3057,.F.);
#4090=ORIENTED_EDGE('',*,*,#3060,.F.);
#4091=ORIENTED_EDGE('',*,*,#3063,.F.);
#4092=ORIENTED_EDGE('',*,*,#3066,.F.);
#4093=ORIENTED_EDGE('',*,*,#3069,.F.);
#4094=ORIENTED_EDGE('',*,*,#3072,.F.);
#4095=ORIENTED_EDGE('',*,*,#3075,.F.);
#4096=ORIENTED_EDGE('',*,*,#3078,.F.);
#4097=ORIENTED_EDGE('',*,*,#3081,.F.);
#4098=ORIENTED_EDGE('',*,*,#3084,.F.);
#4099=ORIENTED_EDGE('',*,*,#3087,.F.);
#4100=ORIENTED_EDGE('',*,*,#3090,.F.);
#4101=ORIENTED_EDGE('',*,*,#3093,.F.);
#4102=ORIENTED_EDGE('',*,*,#3096,.F.);
#4103=ORIENTED_EDGE('',*,*,#3099,.F.);
#4104=ORIENTED_EDGE('',*,*,#3102,.F.);
#4105=ORIENTED_EDGE('',*,*,#3105,.F.);
#4106=ORIENTED_EDGE('',*,*,#3108,.F.);
#4107=ORIENTED_EDGE('',*,*,#3111,.F.);
#4108=ORIENTED_EDGE('',*,*,#3114,.F.);
#4109=ORIENTED_EDGE('',*,*,#3117,.F.);
#4110=ORIENTED_EDGE('',*,*,#3118,.T.);
#4111=ORIENTED_EDGE('',*,*,#3119,.T.);
#4112=ORIENTED_EDGE('',*,*,#3120,.F.);
#4113=ORIENTED_EDGE('',*,*,#3121,.F.);
#4114=ORIENTED_EDGE('',*,*,#3122,.T.);
#4115=ORIENTED_EDGE('',*,*,#3123,.T.);
#4116=ORIENTED_EDGE('',*,*,#3118,.F.);
#4117=ORIENTED_EDGE('',*,*,#3124,.F.);
#4118=ORIENTED_EDGE('',*,*,#3125,.T.);
#4119=ORIENTED_EDGE('',*,*,#3126,.T.);
#4120=ORIENTED_EDGE('',*,*,#3122,.F.);
#4121=ORIENTED_EDGE('',*,*,#3127,.F.);
#4122=ORIENTED_EDGE('',*,*,#3128,.T.);
#4123=ORIENTED_EDGE('',*,*,#3129,.T.);
#4124=ORIENTED_EDGE('',*,*,#3125,.F.);
#4125=ORIENTED_EDGE('',*,*,#3130,.F.);
#4126=ORIENTED_EDGE('',*,*,#3131,.T.);
#4127=ORIENTED_EDGE('',*,*,#3132,.T.);
#4128=ORIENTED_EDGE('',*,*,#3128,.F.);
#4129=ORIENTED_EDGE('',*,*,#3133,.F.);
#4130=ORIENTED_EDGE('',*,*,#3134,.T.);
#4131=ORIENTED_EDGE('',*,*,#3135,.T.);
#4132=ORIENTED_EDGE('',*,*,#3131,.F.);
#4133=ORIENTED_EDGE('',*,*,#3136,.F.);
#4134=ORIENTED_EDGE('',*,*,#3137,.T.);
#4135=ORIENTED_EDGE('',*,*,#3138,.T.);
#4136=ORIENTED_EDGE('',*,*,#3134,.F.);
#4137=ORIENTED_EDGE('',*,*,#3139,.F.);
#4138=ORIENTED_EDGE('',*,*,#3140,.T.);
#4139=ORIENTED_EDGE('',*,*,#3141,.T.);
#4140=ORIENTED_EDGE('',*,*,#3137,.F.);
#4141=ORIENTED_EDGE('',*,*,#3142,.F.);
#4142=ORIENTED_EDGE('',*,*,#3143,.T.);
#4143=ORIENTED_EDGE('',*,*,#3144,.T.);
#4144=ORIENTED_EDGE('',*,*,#3140,.F.);
#4145=ORIENTED_EDGE('',*,*,#3145,.F.);
#4146=ORIENTED_EDGE('',*,*,#3146,.T.);
#4147=ORIENTED_EDGE('',*,*,#3147,.T.);
#4148=ORIENTED_EDGE('',*,*,#3143,.F.);
#4149=ORIENTED_EDGE('',*,*,#3148,.F.);
#4150=ORIENTED_EDGE('',*,*,#3149,.T.);
#4151=ORIENTED_EDGE('',*,*,#3150,.T.);
#4152=ORIENTED_EDGE('',*,*,#3146,.F.);
#4153=ORIENTED_EDGE('',*,*,#3151,.F.);
#4154=ORIENTED_EDGE('',*,*,#3152,.T.);
#4155=ORIENTED_EDGE('',*,*,#3153,.T.);
#4156=ORIENTED_EDGE('',*,*,#3149,.F.);
#4157=ORIENTED_EDGE('',*,*,#3154,.F.);
#4158=ORIENTED_EDGE('',*,*,#3155,.T.);
#4159=ORIENTED_EDGE('',*,*,#3156,.T.);
#4160=ORIENTED_EDGE('',*,*,#3152,.F.);
#4161=ORIENTED_EDGE('',*,*,#3157,.F.);
#4162=ORIENTED_EDGE('',*,*,#3158,.T.);
#4163=ORIENTED_EDGE('',*,*,#3159,.T.);
#4164=ORIENTED_EDGE('',*,*,#3155,.F.);
#4165=ORIENTED_EDGE('',*,*,#3160,.F.);
#4166=ORIENTED_EDGE('',*,*,#3161,.T.);
#4167=ORIENTED_EDGE('',*,*,#3162,.T.);
#4168=ORIENTED_EDGE('',*,*,#3158,.F.);
#4169=ORIENTED_EDGE('',*,*,#3163,.F.);
#4170=ORIENTED_EDGE('',*,*,#3164,.T.);
#4171=ORIENTED_EDGE('',*,*,#3165,.T.);
#4172=ORIENTED_EDGE('',*,*,#3161,.F.);
#4173=ORIENTED_EDGE('',*,*,#3166,.F.);
#4174=ORIENTED_EDGE('',*,*,#3167,.T.);
#4175=ORIENTED_EDGE('',*,*,#3168,.T.);
#4176=ORIENTED_EDGE('',*,*,#3164,.F.);
#4177=ORIENTED_EDGE('',*,*,#3169,.F.);
#4178=ORIENTED_EDGE('',*,*,#3170,.T.);
#4179=ORIENTED_EDGE('',*,*,#3171,.T.);
#4180=ORIENTED_EDGE('',*,*,#3167,.F.);
#4181=ORIENTED_EDGE('',*,*,#3172,.F.);
#4182=ORIENTED_EDGE('',*,*,#3173,.T.);
#4183=ORIENTED_EDGE('',*,*,#3174,.T.);
#4184=ORIENTED_EDGE('',*,*,#3170,.F.);
#4185=ORIENTED_EDGE('',*,*,#3175,.F.);
#4186=ORIENTED_EDGE('',*,*,#3176,.T.);
#4187=ORIENTED_EDGE('',*,*,#3177,.T.);
#4188=ORIENTED_EDGE('',*,*,#3173,.F.);
#4189=ORIENTED_EDGE('',*,*,#3178,.F.);
#4190=ORIENTED_EDGE('',*,*,#3179,.T.);
#4191=ORIENTED_EDGE('',*,*,#3180,.T.);
#4192=ORIENTED_EDGE('',*,*,#3176,.F.);
#4193=ORIENTED_EDGE('',*,*,#3181,.F.);
#4194=ORIENTED_EDGE('',*,*,#3120,.T.);
#4195=ORIENTED_EDGE('',*,*,#3182,.T.);
#4196=ORIENTED_EDGE('',*,*,#3179,.F.);
#4197=ORIENTED_EDGE('',*,*,#3182,.F.);
#4198=ORIENTED_EDGE('',*,*,#3119,.F.);
#4199=ORIENTED_EDGE('',*,*,#3123,.F.);
#4200=ORIENTED_EDGE('',*,*,#3126,.F.);
#4201=ORIENTED_EDGE('',*,*,#3129,.F.);
#4202=ORIENTED_EDGE('',*,*,#3132,.F.);
#4203=ORIENTED_EDGE('',*,*,#3135,.F.);
#4204=ORIENTED_EDGE('',*,*,#3138,.F.);
#4205=ORIENTED_EDGE('',*,*,#3141,.F.);
#4206=ORIENTED_EDGE('',*,*,#3144,.F.);
#4207=ORIENTED_EDGE('',*,*,#3147,.F.);
#4208=ORIENTED_EDGE('',*,*,#3150,.F.);
#4209=ORIENTED_EDGE('',*,*,#3153,.F.);
#4210=ORIENTED_EDGE('',*,*,#3156,.F.);
#4211=ORIENTED_EDGE('',*,*,#3159,.F.);
#4212=ORIENTED_EDGE('',*,*,#3162,.F.);
#4213=ORIENTED_EDGE('',*,*,#3165,.F.);
#4214=ORIENTED_EDGE('',*,*,#3168,.F.);
#4215=ORIENTED_EDGE('',*,*,#3171,.F.);
#4216=ORIENTED_EDGE('',*,*,#3174,.F.);
#4217=ORIENTED_EDGE('',*,*,#3177,.F.);
#4218=ORIENTED_EDGE('',*,*,#3180,.F.);
#4219=ORIENTED_EDGE('',*,*,#3183,.F.);
#4220=ORIENTED_EDGE('',*,*,#3184,.T.);
#4221=ORIENTED_EDGE('',*,*,#3185,.T.);
#4222=ORIENTED_EDGE('',*,*,#3186,.F.);
#4223=ORIENTED_EDGE('',*,*,#3187,.F.);
#4224=ORIENTED_EDGE('',*,*,#3188,.T.);
#4225=ORIENTED_EDGE('',*,*,#3189,.T.);
#4226=ORIENTED_EDGE('',*,*,#3184,.F.);
#4227=ORIENTED_EDGE('',*,*,#3190,.F.);
#4228=ORIENTED_EDGE('',*,*,#3191,.T.);
#4229=ORIENTED_EDGE('',*,*,#3192,.T.);
#4230=ORIENTED_EDGE('',*,*,#3188,.F.);
#4231=ORIENTED_EDGE('',*,*,#3193,.F.);
#4232=ORIENTED_EDGE('',*,*,#3186,.T.);
#4233=ORIENTED_EDGE('',*,*,#3194,.T.);
#4234=ORIENTED_EDGE('',*,*,#3191,.F.);
#4235=ORIENTED_EDGE('',*,*,#3194,.F.);
#4236=ORIENTED_EDGE('',*,*,#3185,.F.);
#4237=ORIENTED_EDGE('',*,*,#3189,.F.);
#4238=ORIENTED_EDGE('',*,*,#3192,.F.);
#4239=ORIENTED_EDGE('',*,*,#3195,.F.);
#4240=ORIENTED_EDGE('',*,*,#3196,.T.);
#4241=ORIENTED_EDGE('',*,*,#3197,.T.);
#4242=ORIENTED_EDGE('',*,*,#3198,.F.);
#4243=ORIENTED_EDGE('',*,*,#3199,.F.);
#4244=ORIENTED_EDGE('',*,*,#3200,.T.);
#4245=ORIENTED_EDGE('',*,*,#3201,.T.);
#4246=ORIENTED_EDGE('',*,*,#3196,.F.);
#4247=ORIENTED_EDGE('',*,*,#3202,.F.);
#4248=ORIENTED_EDGE('',*,*,#3203,.T.);
#4249=ORIENTED_EDGE('',*,*,#3204,.T.);
#4250=ORIENTED_EDGE('',*,*,#3200,.F.);
#4251=ORIENTED_EDGE('',*,*,#3205,.F.);
#4252=ORIENTED_EDGE('',*,*,#3198,.T.);
#4253=ORIENTED_EDGE('',*,*,#3206,.T.);
#4254=ORIENTED_EDGE('',*,*,#3203,.F.);
#4255=ORIENTED_EDGE('',*,*,#3206,.F.);
#4256=ORIENTED_EDGE('',*,*,#3197,.F.);
#4257=ORIENTED_EDGE('',*,*,#3201,.F.);
#4258=ORIENTED_EDGE('',*,*,#3204,.F.);
#4259=ORIENTED_EDGE('',*,*,#3207,.F.);
#4260=ORIENTED_EDGE('',*,*,#3208,.F.);
#4261=ORIENTED_EDGE('',*,*,#3209,.F.);
#4262=ORIENTED_EDGE('',*,*,#3210,.F.);
#4263=ORIENTED_EDGE('',*,*,#3211,.T.);
#4264=ORIENTED_EDGE('',*,*,#3212,.T.);
#4265=ORIENTED_EDGE('',*,*,#3213,.T.);
#4266=ORIENTED_EDGE('',*,*,#3214,.T.);
#4267=ORIENTED_EDGE('',*,*,#3215,.T.);
#4268=ORIENTED_EDGE('',*,*,#3216,.T.);
#4269=ORIENTED_EDGE('',*,*,#3217,.T.);
#4270=ORIENTED_EDGE('',*,*,#3218,.T.);
#4271=ORIENTED_EDGE('',*,*,#3195,.T.);
#4272=ORIENTED_EDGE('',*,*,#3205,.T.);
#4273=ORIENTED_EDGE('',*,*,#3202,.T.);
#4274=ORIENTED_EDGE('',*,*,#3199,.T.);
#4275=ORIENTED_EDGE('',*,*,#3183,.T.);
#4276=ORIENTED_EDGE('',*,*,#3193,.T.);
#4277=ORIENTED_EDGE('',*,*,#3190,.T.);
#4278=ORIENTED_EDGE('',*,*,#3187,.T.);
#4279=ORIENTED_EDGE('',*,*,#3117,.T.);
#4280=ORIENTED_EDGE('',*,*,#3181,.T.);
#4281=ORIENTED_EDGE('',*,*,#3178,.T.);
#4282=ORIENTED_EDGE('',*,*,#3175,.T.);
#4283=ORIENTED_EDGE('',*,*,#3172,.T.);
#4284=ORIENTED_EDGE('',*,*,#3169,.T.);
#4285=ORIENTED_EDGE('',*,*,#3166,.T.);
#4286=ORIENTED_EDGE('',*,*,#3163,.T.);
#4287=ORIENTED_EDGE('',*,*,#3160,.T.);
#4288=ORIENTED_EDGE('',*,*,#3157,.T.);
#4289=ORIENTED_EDGE('',*,*,#3154,.T.);
#4290=ORIENTED_EDGE('',*,*,#3151,.T.);
#4291=ORIENTED_EDGE('',*,*,#3148,.T.);
#4292=ORIENTED_EDGE('',*,*,#3145,.T.);
#4293=ORIENTED_EDGE('',*,*,#3142,.T.);
#4294=ORIENTED_EDGE('',*,*,#3139,.T.);
#4295=ORIENTED_EDGE('',*,*,#3136,.T.);
#4296=ORIENTED_EDGE('',*,*,#3133,.T.);
#4297=ORIENTED_EDGE('',*,*,#3130,.T.);
#4298=ORIENTED_EDGE('',*,*,#3127,.T.);
#4299=ORIENTED_EDGE('',*,*,#3124,.T.);
#4300=ORIENTED_EDGE('',*,*,#3121,.T.);
#4301=ORIENTED_EDGE('',*,*,#3012,.T.);
#4302=ORIENTED_EDGE('',*,*,#3115,.T.);
#4303=ORIENTED_EDGE('',*,*,#3112,.T.);
#4304=ORIENTED_EDGE('',*,*,#3109,.T.);
#4305=ORIENTED_EDGE('',*,*,#3106,.T.);
#4306=ORIENTED_EDGE('',*,*,#3103,.T.);
#4307=ORIENTED_EDGE('',*,*,#3100,.T.);
#4308=ORIENTED_EDGE('',*,*,#3097,.T.);
#4309=ORIENTED_EDGE('',*,*,#3094,.T.);
#4310=ORIENTED_EDGE('',*,*,#3091,.T.);
#4311=ORIENTED_EDGE('',*,*,#3088,.T.);
#4312=ORIENTED_EDGE('',*,*,#3085,.T.);
#4313=ORIENTED_EDGE('',*,*,#3082,.T.);
#4314=ORIENTED_EDGE('',*,*,#3079,.T.);
#4315=ORIENTED_EDGE('',*,*,#3076,.T.);
#4316=ORIENTED_EDGE('',*,*,#3073,.T.);
#4317=ORIENTED_EDGE('',*,*,#3070,.T.);
#4318=ORIENTED_EDGE('',*,*,#3067,.T.);
#4319=ORIENTED_EDGE('',*,*,#3064,.T.);
#4320=ORIENTED_EDGE('',*,*,#3061,.T.);
#4321=ORIENTED_EDGE('',*,*,#3058,.T.);
#4322=ORIENTED_EDGE('',*,*,#3055,.T.);
#4323=ORIENTED_EDGE('',*,*,#3052,.T.);
#4324=ORIENTED_EDGE('',*,*,#3049,.T.);
#4325=ORIENTED_EDGE('',*,*,#3046,.T.);
#4326=ORIENTED_EDGE('',*,*,#3043,.T.);
#4327=ORIENTED_EDGE('',*,*,#3040,.T.);
#4328=ORIENTED_EDGE('',*,*,#3037,.T.);
#4329=ORIENTED_EDGE('',*,*,#3034,.T.);
#4330=ORIENTED_EDGE('',*,*,#3031,.T.);
#4331=ORIENTED_EDGE('',*,*,#3028,.T.);
#4332=ORIENTED_EDGE('',*,*,#3025,.T.);
#4333=ORIENTED_EDGE('',*,*,#3022,.T.);
#4334=ORIENTED_EDGE('',*,*,#3019,.T.);
#4335=ORIENTED_EDGE('',*,*,#3016,.T.);
#4336=ORIENTED_EDGE('',*,*,#2988,.T.);
#4337=ORIENTED_EDGE('',*,*,#3010,.T.);
#4338=ORIENTED_EDGE('',*,*,#3007,.T.);
#4339=ORIENTED_EDGE('',*,*,#3004,.T.);
#4340=ORIENTED_EDGE('',*,*,#3001,.T.);
#4341=ORIENTED_EDGE('',*,*,#2998,.T.);
#4342=ORIENTED_EDGE('',*,*,#2995,.T.);
#4343=ORIENTED_EDGE('',*,*,#2992,.T.);
#4344=ORIENTED_EDGE('',*,*,#2937,.T.);
#4345=ORIENTED_EDGE('',*,*,#2971,.T.);
#4346=ORIENTED_EDGE('',*,*,#2968,.T.);
#4347=ORIENTED_EDGE('',*,*,#2965,.T.);
#4348=ORIENTED_EDGE('',*,*,#2962,.T.);
#4349=ORIENTED_EDGE('',*,*,#2959,.T.);
#4350=ORIENTED_EDGE('',*,*,#2956,.T.);
#4351=ORIENTED_EDGE('',*,*,#2953,.T.);
#4352=ORIENTED_EDGE('',*,*,#2950,.T.);
#4353=ORIENTED_EDGE('',*,*,#2947,.T.);
#4354=ORIENTED_EDGE('',*,*,#2944,.T.);
#4355=ORIENTED_EDGE('',*,*,#2941,.T.);
#4356=ORIENTED_EDGE('',*,*,#2913,.T.);
#4357=ORIENTED_EDGE('',*,*,#2935,.T.);
#4358=ORIENTED_EDGE('',*,*,#2932,.T.);
#4359=ORIENTED_EDGE('',*,*,#2929,.T.);
#4360=ORIENTED_EDGE('',*,*,#2926,.T.);
#4361=ORIENTED_EDGE('',*,*,#2923,.T.);
#4362=ORIENTED_EDGE('',*,*,#2920,.T.);
#4363=ORIENTED_EDGE('',*,*,#2917,.T.);
#4364=ORIENTED_EDGE('',*,*,#3219,.T.);
#4365=ORIENTED_EDGE('',*,*,#3220,.T.);
#4366=ORIENTED_EDGE('',*,*,#3221,.T.);
#4367=ORIENTED_EDGE('',*,*,#3222,.T.);
#4368=ORIENTED_EDGE('',*,*,#3223,.T.);
#4369=ORIENTED_EDGE('',*,*,#3207,.T.);
#4370=ORIENTED_EDGE('',*,*,#3224,.T.);
#4371=ORIENTED_EDGE('',*,*,#3225,.T.);
#4372=ORIENTED_EDGE('',*,*,#3224,.F.);
#4373=ORIENTED_EDGE('',*,*,#3226,.T.);
#4374=ORIENTED_EDGE('',*,*,#3219,.F.);
#4375=ORIENTED_EDGE('',*,*,#3227,.T.);
#4376=ORIENTED_EDGE('',*,*,#3228,.T.);
#4377=ORIENTED_EDGE('',*,*,#3229,.T.);
#4378=ORIENTED_EDGE('',*,*,#3230,.T.);
#4379=ORIENTED_EDGE('',*,*,#3229,.F.);
#4380=ORIENTED_EDGE('',*,*,#3231,.T.);
#4381=ORIENTED_EDGE('',*,*,#3223,.F.);
#4382=ORIENTED_EDGE('',*,*,#3232,.T.);
#4383=ORIENTED_EDGE('',*,*,#3233,.T.);
#4384=ORIENTED_EDGE('',*,*,#3234,.T.);
#4385=ORIENTED_EDGE('',*,*,#3235,.T.);
#4386=ORIENTED_EDGE('',*,*,#3234,.F.);
#4387=ORIENTED_EDGE('',*,*,#3236,.T.);
#4388=ORIENTED_EDGE('',*,*,#3227,.F.);
#4389=ORIENTED_EDGE('',*,*,#3221,.F.);
#4390=ORIENTED_EDGE('',*,*,#3237,.T.);
#4391=ORIENTED_EDGE('',*,*,#3232,.F.);
#4392=ORIENTED_EDGE('',*,*,#3231,.F.);
#4393=ORIENTED_EDGE('',*,*,#3238,.T.);
#4394=ORIENTED_EDGE('',*,*,#3239,.T.);
#4395=ORIENTED_EDGE('',*,*,#3208,.T.);
#4396=ORIENTED_EDGE('',*,*,#3228,.F.);
#4397=ORIENTED_EDGE('',*,*,#3240,.F.);
#4398=ORIENTED_EDGE('',*,*,#3241,.F.);
#4399=ORIENTED_EDGE('',*,*,#3238,.F.);
#4400=ORIENTED_EDGE('',*,*,#3236,.F.);
#4401=ORIENTED_EDGE('',*,*,#3242,.T.);
#4402=ORIENTED_EDGE('',*,*,#3243,.T.);
#4403=ORIENTED_EDGE('',*,*,#3240,.T.);
#4404=ORIENTED_EDGE('',*,*,#3233,.F.);
#4405=ORIENTED_EDGE('',*,*,#3244,.F.);
#4406=ORIENTED_EDGE('',*,*,#3245,.F.);
#4407=ORIENTED_EDGE('',*,*,#3242,.F.);
#4408=ORIENTED_EDGE('',*,*,#3243,.F.);
#4409=ORIENTED_EDGE('',*,*,#3245,.T.);
#4410=ORIENTED_EDGE('',*,*,#3246,.F.);
#4411=ORIENTED_EDGE('',*,*,#3247,.T.);
#4412=ORIENTED_EDGE('',*,*,#3248,.F.);
#4413=ORIENTED_EDGE('',*,*,#3209,.T.);
#4414=ORIENTED_EDGE('',*,*,#3239,.F.);
#4415=ORIENTED_EDGE('',*,*,#3241,.T.);
#4416=ORIENTED_EDGE('',*,*,#3237,.F.);
#4417=ORIENTED_EDGE('',*,*,#3249,.T.);
#4418=ORIENTED_EDGE('',*,*,#3246,.T.);
#4419=ORIENTED_EDGE('',*,*,#3244,.T.);
#4420=ORIENTED_EDGE('',*,*,#2973,.T.);
#4421=ORIENTED_EDGE('',*,*,#2986,.T.);
#4422=ORIENTED_EDGE('',*,*,#2983,.T.);
#4423=ORIENTED_EDGE('',*,*,#2980,.T.);
#4424=ORIENTED_EDGE('',*,*,#2977,.T.);
#4425=ORIENTED_EDGE('',*,*,#3226,.F.);
#4426=ORIENTED_EDGE('',*,*,#3210,.T.);
#4427=ORIENTED_EDGE('',*,*,#3248,.T.);
#4428=ORIENTED_EDGE('',*,*,#3250,.T.);
#4429=ORIENTED_EDGE('',*,*,#3218,.F.);
#4430=ORIENTED_EDGE('',*,*,#3251,.T.);
#4431=ORIENTED_EDGE('',*,*,#3252,.F.);
#4432=ORIENTED_EDGE('',*,*,#3251,.F.);
#4433=ORIENTED_EDGE('',*,*,#3217,.F.);
#4434=ORIENTED_EDGE('',*,*,#3253,.T.);
#4435=ORIENTED_EDGE('',*,*,#3254,.F.);
#4436=ORIENTED_EDGE('',*,*,#3253,.F.);
#4437=ORIENTED_EDGE('',*,*,#3216,.F.);
#4438=ORIENTED_EDGE('',*,*,#3255,.T.);
#4439=ORIENTED_EDGE('',*,*,#3256,.F.);
#4440=ORIENTED_EDGE('',*,*,#3255,.F.);
#4441=ORIENTED_EDGE('',*,*,#3215,.F.);
#4442=ORIENTED_EDGE('',*,*,#3257,.T.);
#4443=ORIENTED_EDGE('',*,*,#3258,.F.);
#4444=ORIENTED_EDGE('',*,*,#3257,.F.);
#4445=ORIENTED_EDGE('',*,*,#3214,.F.);
#4446=ORIENTED_EDGE('',*,*,#3259,.T.);
#4447=ORIENTED_EDGE('',*,*,#3260,.F.);
#4448=ORIENTED_EDGE('',*,*,#3259,.F.);
#4449=ORIENTED_EDGE('',*,*,#3213,.F.);
#4450=ORIENTED_EDGE('',*,*,#3261,.T.);
#4451=ORIENTED_EDGE('',*,*,#3262,.F.);
#4452=ORIENTED_EDGE('',*,*,#3261,.F.);
#4453=ORIENTED_EDGE('',*,*,#3212,.F.);
#4454=ORIENTED_EDGE('',*,*,#3263,.T.);
#4455=ORIENTED_EDGE('',*,*,#3264,.F.);
#4456=ORIENTED_EDGE('',*,*,#3263,.F.);
#4457=ORIENTED_EDGE('',*,*,#3211,.F.);
#4458=ORIENTED_EDGE('',*,*,#3265,.T.);
#4459=ORIENTED_EDGE('',*,*,#3266,.F.);
#4460=ORIENTED_EDGE('',*,*,#3265,.F.);
#4461=ORIENTED_EDGE('',*,*,#3267,.F.);
#4462=ORIENTED_EDGE('',*,*,#3268,.T.);
#4463=ORIENTED_EDGE('',*,*,#3230,.F.);
#4464=ORIENTED_EDGE('',*,*,#3269,.F.);
#4465=ORIENTED_EDGE('',*,*,#3270,.F.);
#4466=ORIENTED_EDGE('',*,*,#3271,.T.);
#4467=ORIENTED_EDGE('',*,*,#3235,.F.);
#4468=ORIENTED_EDGE('',*,*,#3268,.F.);
#4469=ORIENTED_EDGE('',*,*,#3272,.F.);
#4470=ORIENTED_EDGE('',*,*,#3269,.T.);
#4471=ORIENTED_EDGE('',*,*,#3225,.F.);
#4472=ORIENTED_EDGE('',*,*,#3273,.F.);
#4473=ORIENTED_EDGE('',*,*,#3252,.T.);
#4474=ORIENTED_EDGE('',*,*,#3254,.T.);
#4475=ORIENTED_EDGE('',*,*,#3256,.T.);
#4476=ORIENTED_EDGE('',*,*,#3258,.T.);
#4477=ORIENTED_EDGE('',*,*,#3260,.T.);
#4478=ORIENTED_EDGE('',*,*,#3262,.T.);
#4479=ORIENTED_EDGE('',*,*,#3264,.T.);
#4480=ORIENTED_EDGE('',*,*,#3266,.T.);
#4481=ORIENTED_EDGE('',*,*,#3274,.F.);
#4482=ORIENTED_EDGE('',*,*,#3273,.T.);
#4483=ORIENTED_EDGE('',*,*,#3222,.F.);
#4484=ORIENTED_EDGE('',*,*,#3271,.F.);
#4485=ORIENTED_EDGE('',*,*,#3220,.F.);
#4486=ORIENTED_EDGE('',*,*,#3250,.F.);
#4487=ORIENTED_EDGE('',*,*,#3247,.F.);
#4488=ORIENTED_EDGE('',*,*,#3249,.F.);
#4489=ORIENTED_EDGE('',*,*,#3270,.T.);
#4490=ORIENTED_EDGE('',*,*,#3267,.T.);
#4491=ORIENTED_EDGE('',*,*,#3272,.T.);
#4492=ORIENTED_EDGE('',*,*,#3274,.T.);
#4493=ORIENTED_EDGE('',*,*,#3275,.T.);
#4494=ORIENTED_EDGE('',*,*,#3276,.T.);
#4495=ORIENTED_EDGE('',*,*,#3277,.T.);
#4496=ORIENTED_EDGE('',*,*,#3278,.T.);
#4497=ORIENTED_EDGE('',*,*,#3279,.T.);
#4498=ORIENTED_EDGE('',*,*,#3280,.T.);
#4499=ORIENTED_EDGE('',*,*,#3281,.T.);
#4500=ORIENTED_EDGE('',*,*,#3282,.T.);
#4501=ORIENTED_EDGE('',*,*,#3281,.F.);
#4502=ORIENTED_EDGE('',*,*,#3283,.T.);
#4503=ORIENTED_EDGE('',*,*,#3275,.F.);
#4504=ORIENTED_EDGE('',*,*,#3284,.T.);
#4505=ORIENTED_EDGE('',*,*,#3285,.T.);
#4506=ORIENTED_EDGE('',*,*,#3286,.T.);
#4507=ORIENTED_EDGE('',*,*,#3287,.T.);
#4508=ORIENTED_EDGE('',*,*,#3286,.F.);
#4509=ORIENTED_EDGE('',*,*,#3288,.T.);
#4510=ORIENTED_EDGE('',*,*,#3279,.F.);
#4511=ORIENTED_EDGE('',*,*,#3289,.T.);
#4512=ORIENTED_EDGE('',*,*,#3290,.T.);
#4513=ORIENTED_EDGE('',*,*,#3291,.T.);
#4514=ORIENTED_EDGE('',*,*,#3292,.T.);
#4515=ORIENTED_EDGE('',*,*,#3291,.F.);
#4516=ORIENTED_EDGE('',*,*,#3293,.T.);
#4517=ORIENTED_EDGE('',*,*,#3284,.F.);
#4518=ORIENTED_EDGE('',*,*,#3277,.F.);
#4519=ORIENTED_EDGE('',*,*,#3294,.T.);
#4520=ORIENTED_EDGE('',*,*,#3289,.F.);
#4521=ORIENTED_EDGE('',*,*,#3288,.F.);
#4522=ORIENTED_EDGE('',*,*,#3295,.T.);
#4523=ORIENTED_EDGE('',*,*,#3296,.T.);
#4524=ORIENTED_EDGE('',*,*,#3297,.T.);
#4525=ORIENTED_EDGE('',*,*,#3285,.F.);
#4526=ORIENTED_EDGE('',*,*,#3298,.F.);
#4527=ORIENTED_EDGE('',*,*,#3299,.T.);
#4528=ORIENTED_EDGE('',*,*,#3295,.F.);
#4529=ORIENTED_EDGE('',*,*,#3293,.F.);
#4530=ORIENTED_EDGE('',*,*,#3300,.T.);
#4531=ORIENTED_EDGE('',*,*,#3301,.T.);
#4532=ORIENTED_EDGE('',*,*,#3298,.T.);
#4533=ORIENTED_EDGE('',*,*,#3290,.F.);
#4534=ORIENTED_EDGE('',*,*,#3302,.F.);
#4535=ORIENTED_EDGE('',*,*,#3303,.T.);
#4536=ORIENTED_EDGE('',*,*,#3300,.F.);
#4537=ORIENTED_EDGE('',*,*,#3301,.F.);
#4538=ORIENTED_EDGE('',*,*,#3303,.F.);
#4539=ORIENTED_EDGE('',*,*,#3304,.F.);
#4540=ORIENTED_EDGE('',*,*,#3305,.F.);
#4541=ORIENTED_EDGE('',*,*,#3306,.F.);
#4542=ORIENTED_EDGE('',*,*,#3307,.F.);
#4543=ORIENTED_EDGE('',*,*,#3296,.F.);
#4544=ORIENTED_EDGE('',*,*,#3299,.F.);
#4545=ORIENTED_EDGE('',*,*,#3294,.F.);
#4546=ORIENTED_EDGE('',*,*,#3308,.T.);
#4547=ORIENTED_EDGE('',*,*,#3304,.T.);
#4548=ORIENTED_EDGE('',*,*,#3302,.T.);
#4549=ORIENTED_EDGE('',*,*,#3276,.F.);
#4550=ORIENTED_EDGE('',*,*,#3309,.F.);
#4551=ORIENTED_EDGE('',*,*,#3305,.T.);
#4552=ORIENTED_EDGE('',*,*,#3308,.F.);
#4553=ORIENTED_EDGE('',*,*,#3283,.F.);
#4554=ORIENTED_EDGE('',*,*,#3310,.T.);
#4555=ORIENTED_EDGE('',*,*,#3306,.T.);
#4556=ORIENTED_EDGE('',*,*,#3309,.T.);
#4557=ORIENTED_EDGE('',*,*,#3311,.F.);
#4558=ORIENTED_EDGE('',*,*,#3312,.T.);
#4559=ORIENTED_EDGE('',*,*,#3313,.T.);
#4560=ORIENTED_EDGE('',*,*,#3312,.F.);
#4561=ORIENTED_EDGE('',*,*,#3313,.F.);
#4562=ORIENTED_EDGE('',*,*,#3314,.F.);
#4563=ORIENTED_EDGE('',*,*,#3315,.T.);
#4564=ORIENTED_EDGE('',*,*,#3316,.T.);
#4565=ORIENTED_EDGE('',*,*,#3315,.F.);
#4566=ORIENTED_EDGE('',*,*,#3316,.F.);
#4567=ORIENTED_EDGE('',*,*,#3317,.F.);
#4568=ORIENTED_EDGE('',*,*,#3318,.T.);
#4569=ORIENTED_EDGE('',*,*,#3319,.T.);
#4570=ORIENTED_EDGE('',*,*,#3318,.F.);
#4571=ORIENTED_EDGE('',*,*,#3319,.F.);
#4572=ORIENTED_EDGE('',*,*,#3320,.F.);
#4573=ORIENTED_EDGE('',*,*,#3321,.T.);
#4574=ORIENTED_EDGE('',*,*,#3322,.T.);
#4575=ORIENTED_EDGE('',*,*,#3321,.F.);
#4576=ORIENTED_EDGE('',*,*,#3322,.F.);
#4577=ORIENTED_EDGE('',*,*,#3323,.F.);
#4578=ORIENTED_EDGE('',*,*,#3324,.T.);
#4579=ORIENTED_EDGE('',*,*,#3287,.F.);
#4580=ORIENTED_EDGE('',*,*,#3325,.F.);
#4581=ORIENTED_EDGE('',*,*,#3326,.F.);
#4582=ORIENTED_EDGE('',*,*,#3327,.T.);
#4583=ORIENTED_EDGE('',*,*,#3292,.F.);
#4584=ORIENTED_EDGE('',*,*,#3324,.F.);
#4585=ORIENTED_EDGE('',*,*,#3328,.F.);
#4586=ORIENTED_EDGE('',*,*,#3325,.T.);
#4587=ORIENTED_EDGE('',*,*,#3282,.F.);
#4588=ORIENTED_EDGE('',*,*,#3329,.F.);
#4589=ORIENTED_EDGE('',*,*,#3330,.F.);
#4590=ORIENTED_EDGE('',*,*,#3329,.T.);
#4591=ORIENTED_EDGE('',*,*,#3278,.F.);
#4592=ORIENTED_EDGE('',*,*,#3327,.F.);
#4593=ORIENTED_EDGE('',*,*,#3280,.F.);
#4594=ORIENTED_EDGE('',*,*,#3297,.F.);
#4595=ORIENTED_EDGE('',*,*,#3307,.T.);
#4596=ORIENTED_EDGE('',*,*,#3310,.F.);
#4597=ORIENTED_EDGE('',*,*,#3311,.T.);
#4598=ORIENTED_EDGE('',*,*,#3314,.T.);
#4599=ORIENTED_EDGE('',*,*,#3317,.T.);
#4600=ORIENTED_EDGE('',*,*,#3320,.T.);
#4601=ORIENTED_EDGE('',*,*,#3326,.T.);
#4602=ORIENTED_EDGE('',*,*,#3323,.T.);
#4603=ORIENTED_EDGE('',*,*,#3328,.T.);
#4604=ORIENTED_EDGE('',*,*,#3330,.T.);
#4605=ORIENTED_EDGE('',*,*,#3331,.T.);
#4606=ORIENTED_EDGE('',*,*,#3332,.T.);
#4607=ORIENTED_EDGE('',*,*,#3333,.T.);
#4608=ORIENTED_EDGE('',*,*,#3334,.T.);
#4609=ORIENTED_EDGE('',*,*,#3333,.F.);
#4610=ORIENTED_EDGE('',*,*,#3335,.F.);
#4611=ORIENTED_EDGE('',*,*,#3336,.T.);
#4612=ORIENTED_EDGE('',*,*,#3337,.T.);
#4613=ORIENTED_EDGE('',*,*,#3338,.T.);
#4614=ORIENTED_EDGE('',*,*,#3332,.F.);
#4615=ORIENTED_EDGE('',*,*,#3339,.T.);
#4616=ORIENTED_EDGE('',*,*,#3340,.T.);
#4617=ORIENTED_EDGE('',*,*,#3341,.F.);
#4618=ORIENTED_EDGE('',*,*,#3342,.F.);
#4619=ORIENTED_EDGE('',*,*,#3343,.F.);
#4620=ORIENTED_EDGE('',*,*,#3344,.F.);
#4621=ORIENTED_EDGE('',*,*,#3345,.F.);
#4622=ORIENTED_EDGE('',*,*,#3346,.T.);
#4623=ORIENTED_EDGE('',*,*,#3335,.T.);
#4624=ORIENTED_EDGE('',*,*,#3347,.F.);
#4625=ORIENTED_EDGE('',*,*,#3348,.F.);
#4626=ORIENTED_EDGE('',*,*,#3341,.T.);
#4627=ORIENTED_EDGE('',*,*,#3349,.F.);
#4628=ORIENTED_EDGE('',*,*,#3345,.T.);
#4629=ORIENTED_EDGE('',*,*,#3350,.F.);
#4630=ORIENTED_EDGE('',*,*,#3349,.T.);
#4631=ORIENTED_EDGE('',*,*,#3351,.T.);
#4632=ORIENTED_EDGE('',*,*,#3352,.T.);
#4633=ORIENTED_EDGE('',*,*,#3353,.T.);
#4634=ORIENTED_EDGE('',*,*,#3350,.T.);
#4635=ORIENTED_EDGE('',*,*,#3344,.T.);
#4636=ORIENTED_EDGE('',*,*,#3354,.F.);
#4637=ORIENTED_EDGE('',*,*,#3355,.F.);
#4638=ORIENTED_EDGE('',*,*,#3356,.T.);
#4639=ORIENTED_EDGE('',*,*,#3351,.F.);
#4640=ORIENTED_EDGE('',*,*,#3357,.F.);
#4641=ORIENTED_EDGE('',*,*,#3358,.T.);
#4642=ORIENTED_EDGE('',*,*,#3359,.T.);
#4643=ORIENTED_EDGE('',*,*,#3360,.F.);
#4644=ORIENTED_EDGE('',*,*,#3361,.F.);
#4645=ORIENTED_EDGE('',*,*,#3362,.T.);
#4646=ORIENTED_EDGE('',*,*,#3363,.T.);
#4647=ORIENTED_EDGE('',*,*,#3358,.F.);
#4648=ORIENTED_EDGE('',*,*,#3364,.F.);
#4649=ORIENTED_EDGE('',*,*,#3365,.T.);
#4650=ORIENTED_EDGE('',*,*,#3366,.T.);
#4651=ORIENTED_EDGE('',*,*,#3362,.F.);
#4652=ORIENTED_EDGE('',*,*,#3367,.F.);
#4653=ORIENTED_EDGE('',*,*,#3368,.T.);
#4654=ORIENTED_EDGE('',*,*,#3369,.T.);
#4655=ORIENTED_EDGE('',*,*,#3365,.F.);
#4656=ORIENTED_EDGE('',*,*,#3370,.F.);
#4657=ORIENTED_EDGE('',*,*,#3371,.T.);
#4658=ORIENTED_EDGE('',*,*,#3372,.T.);
#4659=ORIENTED_EDGE('',*,*,#3368,.F.);
#4660=ORIENTED_EDGE('',*,*,#3373,.F.);
#4661=ORIENTED_EDGE('',*,*,#3374,.T.);
#4662=ORIENTED_EDGE('',*,*,#3375,.T.);
#4663=ORIENTED_EDGE('',*,*,#3371,.F.);
#4664=ORIENTED_EDGE('',*,*,#3376,.F.);
#4665=ORIENTED_EDGE('',*,*,#3377,.T.);
#4666=ORIENTED_EDGE('',*,*,#3378,.T.);
#4667=ORIENTED_EDGE('',*,*,#3374,.F.);
#4668=ORIENTED_EDGE('',*,*,#3379,.F.);
#4669=ORIENTED_EDGE('',*,*,#3360,.T.);
#4670=ORIENTED_EDGE('',*,*,#3380,.T.);
#4671=ORIENTED_EDGE('',*,*,#3377,.F.);
#4672=ORIENTED_EDGE('',*,*,#3380,.F.);
#4673=ORIENTED_EDGE('',*,*,#3359,.F.);
#4674=ORIENTED_EDGE('',*,*,#3363,.F.);
#4675=ORIENTED_EDGE('',*,*,#3366,.F.);
#4676=ORIENTED_EDGE('',*,*,#3369,.F.);
#4677=ORIENTED_EDGE('',*,*,#3372,.F.);
#4678=ORIENTED_EDGE('',*,*,#3375,.F.);
#4679=ORIENTED_EDGE('',*,*,#3378,.F.);
#4680=ORIENTED_EDGE('',*,*,#3381,.F.);
#4681=ORIENTED_EDGE('',*,*,#3382,.T.);
#4682=ORIENTED_EDGE('',*,*,#3383,.T.);
#4683=ORIENTED_EDGE('',*,*,#3384,.F.);
#4684=ORIENTED_EDGE('',*,*,#3385,.F.);
#4685=ORIENTED_EDGE('',*,*,#3386,.T.);
#4686=ORIENTED_EDGE('',*,*,#3387,.T.);
#4687=ORIENTED_EDGE('',*,*,#3382,.F.);
#4688=ORIENTED_EDGE('',*,*,#3388,.F.);
#4689=ORIENTED_EDGE('',*,*,#3389,.T.);
#4690=ORIENTED_EDGE('',*,*,#3390,.T.);
#4691=ORIENTED_EDGE('',*,*,#3386,.F.);
#4692=ORIENTED_EDGE('',*,*,#3391,.F.);
#4693=ORIENTED_EDGE('',*,*,#3392,.T.);
#4694=ORIENTED_EDGE('',*,*,#3393,.T.);
#4695=ORIENTED_EDGE('',*,*,#3389,.F.);
#4696=ORIENTED_EDGE('',*,*,#3394,.F.);
#4697=ORIENTED_EDGE('',*,*,#3395,.T.);
#4698=ORIENTED_EDGE('',*,*,#3396,.T.);
#4699=ORIENTED_EDGE('',*,*,#3392,.F.);
#4700=ORIENTED_EDGE('',*,*,#3397,.F.);
#4701=ORIENTED_EDGE('',*,*,#3398,.T.);
#4702=ORIENTED_EDGE('',*,*,#3399,.T.);
#4703=ORIENTED_EDGE('',*,*,#3395,.F.);
#4704=ORIENTED_EDGE('',*,*,#3400,.F.);
#4705=ORIENTED_EDGE('',*,*,#3401,.T.);
#4706=ORIENTED_EDGE('',*,*,#3402,.T.);
#4707=ORIENTED_EDGE('',*,*,#3398,.F.);
#4708=ORIENTED_EDGE('',*,*,#3403,.F.);
#4709=ORIENTED_EDGE('',*,*,#3404,.T.);
#4710=ORIENTED_EDGE('',*,*,#3405,.T.);
#4711=ORIENTED_EDGE('',*,*,#3401,.F.);
#4712=ORIENTED_EDGE('',*,*,#3406,.F.);
#4713=ORIENTED_EDGE('',*,*,#3407,.T.);
#4714=ORIENTED_EDGE('',*,*,#3408,.T.);
#4715=ORIENTED_EDGE('',*,*,#3404,.F.);
#4716=ORIENTED_EDGE('',*,*,#3409,.F.);
#4717=ORIENTED_EDGE('',*,*,#3410,.T.);
#4718=ORIENTED_EDGE('',*,*,#3411,.T.);
#4719=ORIENTED_EDGE('',*,*,#3407,.F.);
#4720=ORIENTED_EDGE('',*,*,#3412,.F.);
#4721=ORIENTED_EDGE('',*,*,#3413,.T.);
#4722=ORIENTED_EDGE('',*,*,#3414,.T.);
#4723=ORIENTED_EDGE('',*,*,#3410,.F.);
#4724=ORIENTED_EDGE('',*,*,#3415,.F.);
#4725=ORIENTED_EDGE('',*,*,#3384,.T.);
#4726=ORIENTED_EDGE('',*,*,#3416,.T.);
#4727=ORIENTED_EDGE('',*,*,#3413,.F.);
#4728=ORIENTED_EDGE('',*,*,#3416,.F.);
#4729=ORIENTED_EDGE('',*,*,#3383,.F.);
#4730=ORIENTED_EDGE('',*,*,#3387,.F.);
#4731=ORIENTED_EDGE('',*,*,#3390,.F.);
#4732=ORIENTED_EDGE('',*,*,#3393,.F.);
#4733=ORIENTED_EDGE('',*,*,#3396,.F.);
#4734=ORIENTED_EDGE('',*,*,#3399,.F.);
#4735=ORIENTED_EDGE('',*,*,#3402,.F.);
#4736=ORIENTED_EDGE('',*,*,#3405,.F.);
#4737=ORIENTED_EDGE('',*,*,#3408,.F.);
#4738=ORIENTED_EDGE('',*,*,#3411,.F.);
#4739=ORIENTED_EDGE('',*,*,#3414,.F.);
#4740=ORIENTED_EDGE('',*,*,#3417,.F.);
#4741=ORIENTED_EDGE('',*,*,#3418,.T.);
#4742=ORIENTED_EDGE('',*,*,#3419,.T.);
#4743=ORIENTED_EDGE('',*,*,#3420,.F.);
#4744=ORIENTED_EDGE('',*,*,#3421,.F.);
#4745=ORIENTED_EDGE('',*,*,#3422,.T.);
#4746=ORIENTED_EDGE('',*,*,#3423,.T.);
#4747=ORIENTED_EDGE('',*,*,#3418,.F.);
#4748=ORIENTED_EDGE('',*,*,#3424,.F.);
#4749=ORIENTED_EDGE('',*,*,#3425,.T.);
#4750=ORIENTED_EDGE('',*,*,#3426,.T.);
#4751=ORIENTED_EDGE('',*,*,#3422,.F.);
#4752=ORIENTED_EDGE('',*,*,#3427,.F.);
#4753=ORIENTED_EDGE('',*,*,#3428,.T.);
#4754=ORIENTED_EDGE('',*,*,#3429,.T.);
#4755=ORIENTED_EDGE('',*,*,#3425,.F.);
#4756=ORIENTED_EDGE('',*,*,#3430,.F.);
#4757=ORIENTED_EDGE('',*,*,#3420,.T.);
#4758=ORIENTED_EDGE('',*,*,#3431,.T.);
#4759=ORIENTED_EDGE('',*,*,#3428,.F.);
#4760=ORIENTED_EDGE('',*,*,#3432,.F.);
#4761=ORIENTED_EDGE('',*,*,#3433,.T.);
#4762=ORIENTED_EDGE('',*,*,#3434,.T.);
#4763=ORIENTED_EDGE('',*,*,#3435,.F.);
#4764=ORIENTED_EDGE('',*,*,#3436,.F.);
#4765=ORIENTED_EDGE('',*,*,#3437,.T.);
#4766=ORIENTED_EDGE('',*,*,#3438,.T.);
#4767=ORIENTED_EDGE('',*,*,#3433,.F.);
#4768=ORIENTED_EDGE('',*,*,#3439,.F.);
#4769=ORIENTED_EDGE('',*,*,#3440,.T.);
#4770=ORIENTED_EDGE('',*,*,#3441,.T.);
#4771=ORIENTED_EDGE('',*,*,#3437,.F.);
#4772=ORIENTED_EDGE('',*,*,#3442,.F.);
#4773=ORIENTED_EDGE('',*,*,#3443,.T.);
#4774=ORIENTED_EDGE('',*,*,#3444,.T.);
#4775=ORIENTED_EDGE('',*,*,#3440,.F.);
#4776=ORIENTED_EDGE('',*,*,#3445,.F.);
#4777=ORIENTED_EDGE('',*,*,#3446,.T.);
#4778=ORIENTED_EDGE('',*,*,#3447,.T.);
#4779=ORIENTED_EDGE('',*,*,#3443,.F.);
#4780=ORIENTED_EDGE('',*,*,#3448,.F.);
#4781=ORIENTED_EDGE('',*,*,#3449,.T.);
#4782=ORIENTED_EDGE('',*,*,#3450,.T.);
#4783=ORIENTED_EDGE('',*,*,#3446,.F.);
#4784=ORIENTED_EDGE('',*,*,#3451,.F.);
#4785=ORIENTED_EDGE('',*,*,#3452,.T.);
#4786=ORIENTED_EDGE('',*,*,#3453,.T.);
#4787=ORIENTED_EDGE('',*,*,#3449,.F.);
#4788=ORIENTED_EDGE('',*,*,#3454,.F.);
#4789=ORIENTED_EDGE('',*,*,#3435,.T.);
#4790=ORIENTED_EDGE('',*,*,#3455,.T.);
#4791=ORIENTED_EDGE('',*,*,#3452,.F.);
#4792=ORIENTED_EDGE('',*,*,#3455,.F.);
#4793=ORIENTED_EDGE('',*,*,#3434,.F.);
#4794=ORIENTED_EDGE('',*,*,#3438,.F.);
#4795=ORIENTED_EDGE('',*,*,#3441,.F.);
#4796=ORIENTED_EDGE('',*,*,#3444,.F.);
#4797=ORIENTED_EDGE('',*,*,#3447,.F.);
#4798=ORIENTED_EDGE('',*,*,#3450,.F.);
#4799=ORIENTED_EDGE('',*,*,#3453,.F.);
#4800=ORIENTED_EDGE('',*,*,#3431,.F.);
#4801=ORIENTED_EDGE('',*,*,#3419,.F.);
#4802=ORIENTED_EDGE('',*,*,#3423,.F.);
#4803=ORIENTED_EDGE('',*,*,#3426,.F.);
#4804=ORIENTED_EDGE('',*,*,#3429,.F.);
#4805=ORIENTED_EDGE('',*,*,#3456,.F.);
#4806=ORIENTED_EDGE('',*,*,#3457,.T.);
#4807=ORIENTED_EDGE('',*,*,#3458,.T.);
#4808=ORIENTED_EDGE('',*,*,#3459,.F.);
#4809=ORIENTED_EDGE('',*,*,#3460,.F.);
#4810=ORIENTED_EDGE('',*,*,#3461,.T.);
#4811=ORIENTED_EDGE('',*,*,#3462,.T.);
#4812=ORIENTED_EDGE('',*,*,#3457,.F.);
#4813=ORIENTED_EDGE('',*,*,#3463,.F.);
#4814=ORIENTED_EDGE('',*,*,#3464,.T.);
#4815=ORIENTED_EDGE('',*,*,#3465,.T.);
#4816=ORIENTED_EDGE('',*,*,#3461,.F.);
#4817=ORIENTED_EDGE('',*,*,#3466,.F.);
#4818=ORIENTED_EDGE('',*,*,#3467,.T.);
#4819=ORIENTED_EDGE('',*,*,#3468,.T.);
#4820=ORIENTED_EDGE('',*,*,#3464,.F.);
#4821=ORIENTED_EDGE('',*,*,#3469,.F.);
#4822=ORIENTED_EDGE('',*,*,#3470,.T.);
#4823=ORIENTED_EDGE('',*,*,#3471,.T.);
#4824=ORIENTED_EDGE('',*,*,#3467,.F.);
#4825=ORIENTED_EDGE('',*,*,#3472,.F.);
#4826=ORIENTED_EDGE('',*,*,#3473,.T.);
#4827=ORIENTED_EDGE('',*,*,#3474,.T.);
#4828=ORIENTED_EDGE('',*,*,#3470,.F.);
#4829=ORIENTED_EDGE('',*,*,#3475,.F.);
#4830=ORIENTED_EDGE('',*,*,#3476,.T.);
#4831=ORIENTED_EDGE('',*,*,#3477,.T.);
#4832=ORIENTED_EDGE('',*,*,#3473,.F.);
#4833=ORIENTED_EDGE('',*,*,#3478,.F.);
#4834=ORIENTED_EDGE('',*,*,#3479,.T.);
#4835=ORIENTED_EDGE('',*,*,#3480,.T.);
#4836=ORIENTED_EDGE('',*,*,#3476,.F.);
#4837=ORIENTED_EDGE('',*,*,#3481,.F.);
#4838=ORIENTED_EDGE('',*,*,#3482,.T.);
#4839=ORIENTED_EDGE('',*,*,#3483,.T.);
#4840=ORIENTED_EDGE('',*,*,#3479,.F.);
#4841=ORIENTED_EDGE('',*,*,#3484,.F.);
#4842=ORIENTED_EDGE('',*,*,#3485,.T.);
#4843=ORIENTED_EDGE('',*,*,#3486,.T.);
#4844=ORIENTED_EDGE('',*,*,#3482,.F.);
#4845=ORIENTED_EDGE('',*,*,#3487,.F.);
#4846=ORIENTED_EDGE('',*,*,#3488,.T.);
#4847=ORIENTED_EDGE('',*,*,#3489,.T.);
#4848=ORIENTED_EDGE('',*,*,#3485,.F.);
#4849=ORIENTED_EDGE('',*,*,#3490,.F.);
#4850=ORIENTED_EDGE('',*,*,#3491,.T.);
#4851=ORIENTED_EDGE('',*,*,#3492,.T.);
#4852=ORIENTED_EDGE('',*,*,#3488,.F.);
#4853=ORIENTED_EDGE('',*,*,#3493,.F.);
#4854=ORIENTED_EDGE('',*,*,#3494,.T.);
#4855=ORIENTED_EDGE('',*,*,#3495,.T.);
#4856=ORIENTED_EDGE('',*,*,#3491,.F.);
#4857=ORIENTED_EDGE('',*,*,#3496,.F.);
#4858=ORIENTED_EDGE('',*,*,#3497,.T.);
#4859=ORIENTED_EDGE('',*,*,#3498,.T.);
#4860=ORIENTED_EDGE('',*,*,#3494,.F.);
#4861=ORIENTED_EDGE('',*,*,#3499,.F.);
#4862=ORIENTED_EDGE('',*,*,#3500,.T.);
#4863=ORIENTED_EDGE('',*,*,#3501,.T.);
#4864=ORIENTED_EDGE('',*,*,#3497,.F.);
#4865=ORIENTED_EDGE('',*,*,#3502,.F.);
#4866=ORIENTED_EDGE('',*,*,#3503,.T.);
#4867=ORIENTED_EDGE('',*,*,#3504,.T.);
#4868=ORIENTED_EDGE('',*,*,#3500,.F.);
#4869=ORIENTED_EDGE('',*,*,#3505,.F.);
#4870=ORIENTED_EDGE('',*,*,#3506,.T.);
#4871=ORIENTED_EDGE('',*,*,#3507,.T.);
#4872=ORIENTED_EDGE('',*,*,#3503,.F.);
#4873=ORIENTED_EDGE('',*,*,#3508,.F.);
#4874=ORIENTED_EDGE('',*,*,#3509,.T.);
#4875=ORIENTED_EDGE('',*,*,#3510,.T.);
#4876=ORIENTED_EDGE('',*,*,#3506,.F.);
#4877=ORIENTED_EDGE('',*,*,#3511,.F.);
#4878=ORIENTED_EDGE('',*,*,#3512,.T.);
#4879=ORIENTED_EDGE('',*,*,#3513,.T.);
#4880=ORIENTED_EDGE('',*,*,#3509,.F.);
#4881=ORIENTED_EDGE('',*,*,#3514,.F.);
#4882=ORIENTED_EDGE('',*,*,#3515,.T.);
#4883=ORIENTED_EDGE('',*,*,#3516,.T.);
#4884=ORIENTED_EDGE('',*,*,#3512,.F.);
#4885=ORIENTED_EDGE('',*,*,#3517,.F.);
#4886=ORIENTED_EDGE('',*,*,#3518,.T.);
#4887=ORIENTED_EDGE('',*,*,#3519,.T.);
#4888=ORIENTED_EDGE('',*,*,#3515,.F.);
#4889=ORIENTED_EDGE('',*,*,#3520,.F.);
#4890=ORIENTED_EDGE('',*,*,#3521,.T.);
#4891=ORIENTED_EDGE('',*,*,#3522,.T.);
#4892=ORIENTED_EDGE('',*,*,#3518,.F.);
#4893=ORIENTED_EDGE('',*,*,#3523,.F.);
#4894=ORIENTED_EDGE('',*,*,#3524,.T.);
#4895=ORIENTED_EDGE('',*,*,#3525,.T.);
#4896=ORIENTED_EDGE('',*,*,#3521,.F.);
#4897=ORIENTED_EDGE('',*,*,#3526,.F.);
#4898=ORIENTED_EDGE('',*,*,#3527,.T.);
#4899=ORIENTED_EDGE('',*,*,#3528,.T.);
#4900=ORIENTED_EDGE('',*,*,#3524,.F.);
#4901=ORIENTED_EDGE('',*,*,#3529,.F.);
#4902=ORIENTED_EDGE('',*,*,#3530,.T.);
#4903=ORIENTED_EDGE('',*,*,#3531,.T.);
#4904=ORIENTED_EDGE('',*,*,#3527,.F.);
#4905=ORIENTED_EDGE('',*,*,#3532,.F.);
#4906=ORIENTED_EDGE('',*,*,#3533,.T.);
#4907=ORIENTED_EDGE('',*,*,#3534,.T.);
#4908=ORIENTED_EDGE('',*,*,#3530,.F.);
#4909=ORIENTED_EDGE('',*,*,#3535,.F.);
#4910=ORIENTED_EDGE('',*,*,#3536,.T.);
#4911=ORIENTED_EDGE('',*,*,#3537,.T.);
#4912=ORIENTED_EDGE('',*,*,#3533,.F.);
#4913=ORIENTED_EDGE('',*,*,#3538,.F.);
#4914=ORIENTED_EDGE('',*,*,#3539,.T.);
#4915=ORIENTED_EDGE('',*,*,#3540,.T.);
#4916=ORIENTED_EDGE('',*,*,#3536,.F.);
#4917=ORIENTED_EDGE('',*,*,#3541,.F.);
#4918=ORIENTED_EDGE('',*,*,#3542,.T.);
#4919=ORIENTED_EDGE('',*,*,#3543,.T.);
#4920=ORIENTED_EDGE('',*,*,#3539,.F.);
#4921=ORIENTED_EDGE('',*,*,#3544,.F.);
#4922=ORIENTED_EDGE('',*,*,#3545,.T.);
#4923=ORIENTED_EDGE('',*,*,#3546,.T.);
#4924=ORIENTED_EDGE('',*,*,#3542,.F.);
#4925=ORIENTED_EDGE('',*,*,#3547,.F.);
#4926=ORIENTED_EDGE('',*,*,#3548,.T.);
#4927=ORIENTED_EDGE('',*,*,#3549,.T.);
#4928=ORIENTED_EDGE('',*,*,#3545,.F.);
#4929=ORIENTED_EDGE('',*,*,#3550,.F.);
#4930=ORIENTED_EDGE('',*,*,#3551,.T.);
#4931=ORIENTED_EDGE('',*,*,#3552,.T.);
#4932=ORIENTED_EDGE('',*,*,#3548,.F.);
#4933=ORIENTED_EDGE('',*,*,#3553,.F.);
#4934=ORIENTED_EDGE('',*,*,#3554,.T.);
#4935=ORIENTED_EDGE('',*,*,#3555,.T.);
#4936=ORIENTED_EDGE('',*,*,#3551,.F.);
#4937=ORIENTED_EDGE('',*,*,#3556,.F.);
#4938=ORIENTED_EDGE('',*,*,#3557,.T.);
#4939=ORIENTED_EDGE('',*,*,#3558,.T.);
#4940=ORIENTED_EDGE('',*,*,#3554,.F.);
#4941=ORIENTED_EDGE('',*,*,#3559,.F.);
#4942=ORIENTED_EDGE('',*,*,#3459,.T.);
#4943=ORIENTED_EDGE('',*,*,#3560,.T.);
#4944=ORIENTED_EDGE('',*,*,#3557,.F.);
#4945=ORIENTED_EDGE('',*,*,#3560,.F.);
#4946=ORIENTED_EDGE('',*,*,#3458,.F.);
#4947=ORIENTED_EDGE('',*,*,#3462,.F.);
#4948=ORIENTED_EDGE('',*,*,#3465,.F.);
#4949=ORIENTED_EDGE('',*,*,#3468,.F.);
#4950=ORIENTED_EDGE('',*,*,#3471,.F.);
#4951=ORIENTED_EDGE('',*,*,#3474,.F.);
#4952=ORIENTED_EDGE('',*,*,#3477,.F.);
#4953=ORIENTED_EDGE('',*,*,#3480,.F.);
#4954=ORIENTED_EDGE('',*,*,#3483,.F.);
#4955=ORIENTED_EDGE('',*,*,#3486,.F.);
#4956=ORIENTED_EDGE('',*,*,#3489,.F.);
#4957=ORIENTED_EDGE('',*,*,#3492,.F.);
#4958=ORIENTED_EDGE('',*,*,#3495,.F.);
#4959=ORIENTED_EDGE('',*,*,#3498,.F.);
#4960=ORIENTED_EDGE('',*,*,#3501,.F.);
#4961=ORIENTED_EDGE('',*,*,#3504,.F.);
#4962=ORIENTED_EDGE('',*,*,#3507,.F.);
#4963=ORIENTED_EDGE('',*,*,#3510,.F.);
#4964=ORIENTED_EDGE('',*,*,#3513,.F.);
#4965=ORIENTED_EDGE('',*,*,#3516,.F.);
#4966=ORIENTED_EDGE('',*,*,#3519,.F.);
#4967=ORIENTED_EDGE('',*,*,#3522,.F.);
#4968=ORIENTED_EDGE('',*,*,#3525,.F.);
#4969=ORIENTED_EDGE('',*,*,#3528,.F.);
#4970=ORIENTED_EDGE('',*,*,#3531,.F.);
#4971=ORIENTED_EDGE('',*,*,#3534,.F.);
#4972=ORIENTED_EDGE('',*,*,#3537,.F.);
#4973=ORIENTED_EDGE('',*,*,#3540,.F.);
#4974=ORIENTED_EDGE('',*,*,#3543,.F.);
#4975=ORIENTED_EDGE('',*,*,#3546,.F.);
#4976=ORIENTED_EDGE('',*,*,#3549,.F.);
#4977=ORIENTED_EDGE('',*,*,#3552,.F.);
#4978=ORIENTED_EDGE('',*,*,#3555,.F.);
#4979=ORIENTED_EDGE('',*,*,#3558,.F.);
#4980=ORIENTED_EDGE('',*,*,#3561,.F.);
#4981=ORIENTED_EDGE('',*,*,#3562,.T.);
#4982=ORIENTED_EDGE('',*,*,#3563,.T.);
#4983=ORIENTED_EDGE('',*,*,#3564,.F.);
#4984=ORIENTED_EDGE('',*,*,#3565,.F.);
#4985=ORIENTED_EDGE('',*,*,#3566,.T.);
#4986=ORIENTED_EDGE('',*,*,#3567,.T.);
#4987=ORIENTED_EDGE('',*,*,#3562,.F.);
#4988=ORIENTED_EDGE('',*,*,#3568,.F.);
#4989=ORIENTED_EDGE('',*,*,#3569,.T.);
#4990=ORIENTED_EDGE('',*,*,#3570,.T.);
#4991=ORIENTED_EDGE('',*,*,#3566,.F.);
#4992=ORIENTED_EDGE('',*,*,#3571,.F.);
#4993=ORIENTED_EDGE('',*,*,#3572,.T.);
#4994=ORIENTED_EDGE('',*,*,#3573,.T.);
#4995=ORIENTED_EDGE('',*,*,#3569,.F.);
#4996=ORIENTED_EDGE('',*,*,#3574,.F.);
#4997=ORIENTED_EDGE('',*,*,#3575,.T.);
#4998=ORIENTED_EDGE('',*,*,#3576,.T.);
#4999=ORIENTED_EDGE('',*,*,#3572,.F.);
#5000=ORIENTED_EDGE('',*,*,#3577,.F.);
#5001=ORIENTED_EDGE('',*,*,#3578,.T.);
#5002=ORIENTED_EDGE('',*,*,#3579,.T.);
#5003=ORIENTED_EDGE('',*,*,#3575,.F.);
#5004=ORIENTED_EDGE('',*,*,#3580,.F.);
#5005=ORIENTED_EDGE('',*,*,#3581,.T.);
#5006=ORIENTED_EDGE('',*,*,#3582,.T.);
#5007=ORIENTED_EDGE('',*,*,#3578,.F.);
#5008=ORIENTED_EDGE('',*,*,#3583,.F.);
#5009=ORIENTED_EDGE('',*,*,#3584,.T.);
#5010=ORIENTED_EDGE('',*,*,#3585,.T.);
#5011=ORIENTED_EDGE('',*,*,#3581,.F.);
#5012=ORIENTED_EDGE('',*,*,#3586,.F.);
#5013=ORIENTED_EDGE('',*,*,#3587,.T.);
#5014=ORIENTED_EDGE('',*,*,#3588,.T.);
#5015=ORIENTED_EDGE('',*,*,#3584,.F.);
#5016=ORIENTED_EDGE('',*,*,#3589,.F.);
#5017=ORIENTED_EDGE('',*,*,#3590,.T.);
#5018=ORIENTED_EDGE('',*,*,#3591,.T.);
#5019=ORIENTED_EDGE('',*,*,#3587,.F.);
#5020=ORIENTED_EDGE('',*,*,#3592,.F.);
#5021=ORIENTED_EDGE('',*,*,#3593,.T.);
#5022=ORIENTED_EDGE('',*,*,#3594,.T.);
#5023=ORIENTED_EDGE('',*,*,#3590,.F.);
#5024=ORIENTED_EDGE('',*,*,#3595,.F.);
#5025=ORIENTED_EDGE('',*,*,#3596,.T.);
#5026=ORIENTED_EDGE('',*,*,#3597,.T.);
#5027=ORIENTED_EDGE('',*,*,#3593,.F.);
#5028=ORIENTED_EDGE('',*,*,#3598,.F.);
#5029=ORIENTED_EDGE('',*,*,#3599,.T.);
#5030=ORIENTED_EDGE('',*,*,#3600,.T.);
#5031=ORIENTED_EDGE('',*,*,#3596,.F.);
#5032=ORIENTED_EDGE('',*,*,#3601,.F.);
#5033=ORIENTED_EDGE('',*,*,#3602,.T.);
#5034=ORIENTED_EDGE('',*,*,#3603,.T.);
#5035=ORIENTED_EDGE('',*,*,#3599,.F.);
#5036=ORIENTED_EDGE('',*,*,#3604,.F.);
#5037=ORIENTED_EDGE('',*,*,#3605,.T.);
#5038=ORIENTED_EDGE('',*,*,#3606,.T.);
#5039=ORIENTED_EDGE('',*,*,#3602,.F.);
#5040=ORIENTED_EDGE('',*,*,#3607,.F.);
#5041=ORIENTED_EDGE('',*,*,#3608,.T.);
#5042=ORIENTED_EDGE('',*,*,#3609,.T.);
#5043=ORIENTED_EDGE('',*,*,#3605,.F.);
#5044=ORIENTED_EDGE('',*,*,#3610,.F.);
#5045=ORIENTED_EDGE('',*,*,#3611,.T.);
#5046=ORIENTED_EDGE('',*,*,#3612,.T.);
#5047=ORIENTED_EDGE('',*,*,#3608,.F.);
#5048=ORIENTED_EDGE('',*,*,#3613,.F.);
#5049=ORIENTED_EDGE('',*,*,#3614,.T.);
#5050=ORIENTED_EDGE('',*,*,#3615,.T.);
#5051=ORIENTED_EDGE('',*,*,#3611,.F.);
#5052=ORIENTED_EDGE('',*,*,#3616,.F.);
#5053=ORIENTED_EDGE('',*,*,#3617,.T.);
#5054=ORIENTED_EDGE('',*,*,#3618,.T.);
#5055=ORIENTED_EDGE('',*,*,#3614,.F.);
#5056=ORIENTED_EDGE('',*,*,#3619,.F.);
#5057=ORIENTED_EDGE('',*,*,#3620,.T.);
#5058=ORIENTED_EDGE('',*,*,#3621,.T.);
#5059=ORIENTED_EDGE('',*,*,#3617,.F.);
#5060=ORIENTED_EDGE('',*,*,#3622,.F.);
#5061=ORIENTED_EDGE('',*,*,#3623,.T.);
#5062=ORIENTED_EDGE('',*,*,#3624,.T.);
#5063=ORIENTED_EDGE('',*,*,#3620,.F.);
#5064=ORIENTED_EDGE('',*,*,#3625,.F.);
#5065=ORIENTED_EDGE('',*,*,#3564,.T.);
#5066=ORIENTED_EDGE('',*,*,#3626,.T.);
#5067=ORIENTED_EDGE('',*,*,#3623,.F.);
#5068=ORIENTED_EDGE('',*,*,#3626,.F.);
#5069=ORIENTED_EDGE('',*,*,#3563,.F.);
#5070=ORIENTED_EDGE('',*,*,#3567,.F.);
#5071=ORIENTED_EDGE('',*,*,#3570,.F.);
#5072=ORIENTED_EDGE('',*,*,#3573,.F.);
#5073=ORIENTED_EDGE('',*,*,#3576,.F.);
#5074=ORIENTED_EDGE('',*,*,#3579,.F.);
#5075=ORIENTED_EDGE('',*,*,#3582,.F.);
#5076=ORIENTED_EDGE('',*,*,#3585,.F.);
#5077=ORIENTED_EDGE('',*,*,#3588,.F.);
#5078=ORIENTED_EDGE('',*,*,#3591,.F.);
#5079=ORIENTED_EDGE('',*,*,#3594,.F.);
#5080=ORIENTED_EDGE('',*,*,#3597,.F.);
#5081=ORIENTED_EDGE('',*,*,#3600,.F.);
#5082=ORIENTED_EDGE('',*,*,#3603,.F.);
#5083=ORIENTED_EDGE('',*,*,#3606,.F.);
#5084=ORIENTED_EDGE('',*,*,#3609,.F.);
#5085=ORIENTED_EDGE('',*,*,#3612,.F.);
#5086=ORIENTED_EDGE('',*,*,#3615,.F.);
#5087=ORIENTED_EDGE('',*,*,#3618,.F.);
#5088=ORIENTED_EDGE('',*,*,#3621,.F.);
#5089=ORIENTED_EDGE('',*,*,#3624,.F.);
#5090=ORIENTED_EDGE('',*,*,#3627,.F.);
#5091=ORIENTED_EDGE('',*,*,#3628,.T.);
#5092=ORIENTED_EDGE('',*,*,#3629,.T.);
#5093=ORIENTED_EDGE('',*,*,#3630,.F.);
#5094=ORIENTED_EDGE('',*,*,#3631,.F.);
#5095=ORIENTED_EDGE('',*,*,#3632,.T.);
#5096=ORIENTED_EDGE('',*,*,#3633,.T.);
#5097=ORIENTED_EDGE('',*,*,#3628,.F.);
#5098=ORIENTED_EDGE('',*,*,#3634,.F.);
#5099=ORIENTED_EDGE('',*,*,#3635,.T.);
#5100=ORIENTED_EDGE('',*,*,#3636,.T.);
#5101=ORIENTED_EDGE('',*,*,#3632,.F.);
#5102=ORIENTED_EDGE('',*,*,#3637,.F.);
#5103=ORIENTED_EDGE('',*,*,#3630,.T.);
#5104=ORIENTED_EDGE('',*,*,#3638,.T.);
#5105=ORIENTED_EDGE('',*,*,#3635,.F.);
#5106=ORIENTED_EDGE('',*,*,#3638,.F.);
#5107=ORIENTED_EDGE('',*,*,#3629,.F.);
#5108=ORIENTED_EDGE('',*,*,#3633,.F.);
#5109=ORIENTED_EDGE('',*,*,#3636,.F.);
#5110=ORIENTED_EDGE('',*,*,#3639,.F.);
#5111=ORIENTED_EDGE('',*,*,#3640,.T.);
#5112=ORIENTED_EDGE('',*,*,#3641,.T.);
#5113=ORIENTED_EDGE('',*,*,#3642,.F.);
#5114=ORIENTED_EDGE('',*,*,#3643,.F.);
#5115=ORIENTED_EDGE('',*,*,#3644,.T.);
#5116=ORIENTED_EDGE('',*,*,#3645,.T.);
#5117=ORIENTED_EDGE('',*,*,#3640,.F.);
#5118=ORIENTED_EDGE('',*,*,#3646,.F.);
#5119=ORIENTED_EDGE('',*,*,#3647,.T.);
#5120=ORIENTED_EDGE('',*,*,#3648,.T.);
#5121=ORIENTED_EDGE('',*,*,#3644,.F.);
#5122=ORIENTED_EDGE('',*,*,#3649,.F.);
#5123=ORIENTED_EDGE('',*,*,#3642,.T.);
#5124=ORIENTED_EDGE('',*,*,#3650,.T.);
#5125=ORIENTED_EDGE('',*,*,#3647,.F.);
#5126=ORIENTED_EDGE('',*,*,#3650,.F.);
#5127=ORIENTED_EDGE('',*,*,#3641,.F.);
#5128=ORIENTED_EDGE('',*,*,#3645,.F.);
#5129=ORIENTED_EDGE('',*,*,#3648,.F.);
#5130=ORIENTED_EDGE('',*,*,#3651,.F.);
#5131=ORIENTED_EDGE('',*,*,#3652,.F.);
#5132=ORIENTED_EDGE('',*,*,#3653,.F.);
#5133=ORIENTED_EDGE('',*,*,#3654,.F.);
#5134=ORIENTED_EDGE('',*,*,#3655,.T.);
#5135=ORIENTED_EDGE('',*,*,#3656,.T.);
#5136=ORIENTED_EDGE('',*,*,#3657,.T.);
#5137=ORIENTED_EDGE('',*,*,#3658,.T.);
#5138=ORIENTED_EDGE('',*,*,#3659,.T.);
#5139=ORIENTED_EDGE('',*,*,#3660,.T.);
#5140=ORIENTED_EDGE('',*,*,#3661,.T.);
#5141=ORIENTED_EDGE('',*,*,#3662,.T.);
#5142=ORIENTED_EDGE('',*,*,#3639,.T.);
#5143=ORIENTED_EDGE('',*,*,#3649,.T.);
#5144=ORIENTED_EDGE('',*,*,#3646,.T.);
#5145=ORIENTED_EDGE('',*,*,#3643,.T.);
#5146=ORIENTED_EDGE('',*,*,#3627,.T.);
#5147=ORIENTED_EDGE('',*,*,#3637,.T.);
#5148=ORIENTED_EDGE('',*,*,#3634,.T.);
#5149=ORIENTED_EDGE('',*,*,#3631,.T.);
#5150=ORIENTED_EDGE('',*,*,#3561,.T.);
#5151=ORIENTED_EDGE('',*,*,#3625,.T.);
#5152=ORIENTED_EDGE('',*,*,#3622,.T.);
#5153=ORIENTED_EDGE('',*,*,#3619,.T.);
#5154=ORIENTED_EDGE('',*,*,#3616,.T.);
#5155=ORIENTED_EDGE('',*,*,#3613,.T.);
#5156=ORIENTED_EDGE('',*,*,#3610,.T.);
#5157=ORIENTED_EDGE('',*,*,#3607,.T.);
#5158=ORIENTED_EDGE('',*,*,#3604,.T.);
#5159=ORIENTED_EDGE('',*,*,#3601,.T.);
#5160=ORIENTED_EDGE('',*,*,#3598,.T.);
#5161=ORIENTED_EDGE('',*,*,#3595,.T.);
#5162=ORIENTED_EDGE('',*,*,#3592,.T.);
#5163=ORIENTED_EDGE('',*,*,#3589,.T.);
#5164=ORIENTED_EDGE('',*,*,#3586,.T.);
#5165=ORIENTED_EDGE('',*,*,#3583,.T.);
#5166=ORIENTED_EDGE('',*,*,#3580,.T.);
#5167=ORIENTED_EDGE('',*,*,#3577,.T.);
#5168=ORIENTED_EDGE('',*,*,#3574,.T.);
#5169=ORIENTED_EDGE('',*,*,#3571,.T.);
#5170=ORIENTED_EDGE('',*,*,#3568,.T.);
#5171=ORIENTED_EDGE('',*,*,#3565,.T.);
#5172=ORIENTED_EDGE('',*,*,#3456,.T.);
#5173=ORIENTED_EDGE('',*,*,#3559,.T.);
#5174=ORIENTED_EDGE('',*,*,#3556,.T.);
#5175=ORIENTED_EDGE('',*,*,#3553,.T.);
#5176=ORIENTED_EDGE('',*,*,#3550,.T.);
#5177=ORIENTED_EDGE('',*,*,#3547,.T.);
#5178=ORIENTED_EDGE('',*,*,#3544,.T.);
#5179=ORIENTED_EDGE('',*,*,#3541,.T.);
#5180=ORIENTED_EDGE('',*,*,#3538,.T.);
#5181=ORIENTED_EDGE('',*,*,#3535,.T.);
#5182=ORIENTED_EDGE('',*,*,#3532,.T.);
#5183=ORIENTED_EDGE('',*,*,#3529,.T.);
#5184=ORIENTED_EDGE('',*,*,#3526,.T.);
#5185=ORIENTED_EDGE('',*,*,#3523,.T.);
#5186=ORIENTED_EDGE('',*,*,#3520,.T.);
#5187=ORIENTED_EDGE('',*,*,#3517,.T.);
#5188=ORIENTED_EDGE('',*,*,#3514,.T.);
#5189=ORIENTED_EDGE('',*,*,#3511,.T.);
#5190=ORIENTED_EDGE('',*,*,#3508,.T.);
#5191=ORIENTED_EDGE('',*,*,#3505,.T.);
#5192=ORIENTED_EDGE('',*,*,#3502,.T.);
#5193=ORIENTED_EDGE('',*,*,#3499,.T.);
#5194=ORIENTED_EDGE('',*,*,#3496,.T.);
#5195=ORIENTED_EDGE('',*,*,#3493,.T.);
#5196=ORIENTED_EDGE('',*,*,#3490,.T.);
#5197=ORIENTED_EDGE('',*,*,#3487,.T.);
#5198=ORIENTED_EDGE('',*,*,#3484,.T.);
#5199=ORIENTED_EDGE('',*,*,#3481,.T.);
#5200=ORIENTED_EDGE('',*,*,#3478,.T.);
#5201=ORIENTED_EDGE('',*,*,#3475,.T.);
#5202=ORIENTED_EDGE('',*,*,#3472,.T.);
#5203=ORIENTED_EDGE('',*,*,#3469,.T.);
#5204=ORIENTED_EDGE('',*,*,#3466,.T.);
#5205=ORIENTED_EDGE('',*,*,#3463,.T.);
#5206=ORIENTED_EDGE('',*,*,#3460,.T.);
#5207=ORIENTED_EDGE('',*,*,#3432,.T.);
#5208=ORIENTED_EDGE('',*,*,#3454,.T.);
#5209=ORIENTED_EDGE('',*,*,#3451,.T.);
#5210=ORIENTED_EDGE('',*,*,#3448,.T.);
#5211=ORIENTED_EDGE('',*,*,#3445,.T.);
#5212=ORIENTED_EDGE('',*,*,#3442,.T.);
#5213=ORIENTED_EDGE('',*,*,#3439,.T.);
#5214=ORIENTED_EDGE('',*,*,#3436,.T.);
#5215=ORIENTED_EDGE('',*,*,#3381,.T.);
#5216=ORIENTED_EDGE('',*,*,#3415,.T.);
#5217=ORIENTED_EDGE('',*,*,#3412,.T.);
#5218=ORIENTED_EDGE('',*,*,#3409,.T.);
#5219=ORIENTED_EDGE('',*,*,#3406,.T.);
#5220=ORIENTED_EDGE('',*,*,#3403,.T.);
#5221=ORIENTED_EDGE('',*,*,#3400,.T.);
#5222=ORIENTED_EDGE('',*,*,#3397,.T.);
#5223=ORIENTED_EDGE('',*,*,#3394,.T.);
#5224=ORIENTED_EDGE('',*,*,#3391,.T.);
#5225=ORIENTED_EDGE('',*,*,#3388,.T.);
#5226=ORIENTED_EDGE('',*,*,#3385,.T.);
#5227=ORIENTED_EDGE('',*,*,#3357,.T.);
#5228=ORIENTED_EDGE('',*,*,#3379,.T.);
#5229=ORIENTED_EDGE('',*,*,#3376,.T.);
#5230=ORIENTED_EDGE('',*,*,#3373,.T.);
#5231=ORIENTED_EDGE('',*,*,#3370,.T.);
#5232=ORIENTED_EDGE('',*,*,#3367,.T.);
#5233=ORIENTED_EDGE('',*,*,#3364,.T.);
#5234=ORIENTED_EDGE('',*,*,#3361,.T.);
#5235=ORIENTED_EDGE('',*,*,#3663,.T.);
#5236=ORIENTED_EDGE('',*,*,#3651,.T.);
#5237=ORIENTED_EDGE('',*,*,#3664,.T.);
#5238=ORIENTED_EDGE('',*,*,#3665,.T.);
#5239=ORIENTED_EDGE('',*,*,#3664,.F.);
#5240=ORIENTED_EDGE('',*,*,#3666,.T.);
#5241=ORIENTED_EDGE('',*,*,#3352,.F.);
#5242=ORIENTED_EDGE('',*,*,#3347,.T.);
#5243=ORIENTED_EDGE('',*,*,#3667,.T.);
#5244=ORIENTED_EDGE('',*,*,#3668,.T.);
#5245=ORIENTED_EDGE('',*,*,#3669,.T.);
#5246=ORIENTED_EDGE('',*,*,#3668,.F.);
#5247=ORIENTED_EDGE('',*,*,#3670,.T.);
#5248=ORIENTED_EDGE('',*,*,#3663,.F.);
#5249=ORIENTED_EDGE('',*,*,#3670,.F.);
#5250=ORIENTED_EDGE('',*,*,#3671,.T.);
#5251=ORIENTED_EDGE('',*,*,#3672,.T.);
#5252=ORIENTED_EDGE('',*,*,#3652,.T.);
#5253=ORIENTED_EDGE('',*,*,#3340,.F.);
#5254=ORIENTED_EDGE('',*,*,#3673,.F.);
#5255=ORIENTED_EDGE('',*,*,#3674,.F.);
#5256=ORIENTED_EDGE('',*,*,#3671,.F.);
#5257=ORIENTED_EDGE('',*,*,#3667,.F.);
#5258=ORIENTED_EDGE('',*,*,#3331,.F.);
#5259=ORIENTED_EDGE('',*,*,#3675,.T.);
#5260=ORIENTED_EDGE('',*,*,#3676,.T.);
#5261=ORIENTED_EDGE('',*,*,#3673,.T.);
#5262=ORIENTED_EDGE('',*,*,#3339,.F.);
#5263=ORIENTED_EDGE('',*,*,#3334,.F.);
#5264=ORIENTED_EDGE('',*,*,#3338,.F.);
#5265=ORIENTED_EDGE('',*,*,#3677,.F.);
#5266=ORIENTED_EDGE('',*,*,#3675,.F.);
#5267=ORIENTED_EDGE('',*,*,#3676,.F.);
#5268=ORIENTED_EDGE('',*,*,#3677,.T.);
#5269=ORIENTED_EDGE('',*,*,#3337,.F.);
#5270=ORIENTED_EDGE('',*,*,#3678,.T.);
#5271=ORIENTED_EDGE('',*,*,#3679,.F.);
#5272=ORIENTED_EDGE('',*,*,#3653,.T.);
#5273=ORIENTED_EDGE('',*,*,#3672,.F.);
#5274=ORIENTED_EDGE('',*,*,#3674,.T.);
#5275=ORIENTED_EDGE('',*,*,#3417,.T.);
#5276=ORIENTED_EDGE('',*,*,#3430,.T.);
#5277=ORIENTED_EDGE('',*,*,#3427,.T.);
#5278=ORIENTED_EDGE('',*,*,#3424,.T.);
#5279=ORIENTED_EDGE('',*,*,#3421,.T.);
#5280=ORIENTED_EDGE('',*,*,#3666,.F.);
#5281=ORIENTED_EDGE('',*,*,#3654,.T.);
#5282=ORIENTED_EDGE('',*,*,#3679,.T.);
#5283=ORIENTED_EDGE('',*,*,#3680,.T.);
#5284=ORIENTED_EDGE('',*,*,#3662,.F.);
#5285=ORIENTED_EDGE('',*,*,#3681,.T.);
#5286=ORIENTED_EDGE('',*,*,#3682,.F.);
#5287=ORIENTED_EDGE('',*,*,#3681,.F.);
#5288=ORIENTED_EDGE('',*,*,#3661,.F.);
#5289=ORIENTED_EDGE('',*,*,#3683,.T.);
#5290=ORIENTED_EDGE('',*,*,#3684,.F.);
#5291=ORIENTED_EDGE('',*,*,#3683,.F.);
#5292=ORIENTED_EDGE('',*,*,#3660,.F.);
#5293=ORIENTED_EDGE('',*,*,#3685,.T.);
#5294=ORIENTED_EDGE('',*,*,#3686,.F.);
#5295=ORIENTED_EDGE('',*,*,#3685,.F.);
#5296=ORIENTED_EDGE('',*,*,#3659,.F.);
#5297=ORIENTED_EDGE('',*,*,#3687,.T.);
#5298=ORIENTED_EDGE('',*,*,#3688,.F.);
#5299=ORIENTED_EDGE('',*,*,#3687,.F.);
#5300=ORIENTED_EDGE('',*,*,#3658,.F.);
#5301=ORIENTED_EDGE('',*,*,#3689,.T.);
#5302=ORIENTED_EDGE('',*,*,#3690,.F.);
#5303=ORIENTED_EDGE('',*,*,#3689,.F.);
#5304=ORIENTED_EDGE('',*,*,#3657,.F.);
#5305=ORIENTED_EDGE('',*,*,#3691,.T.);
#5306=ORIENTED_EDGE('',*,*,#3692,.F.);
#5307=ORIENTED_EDGE('',*,*,#3691,.F.);
#5308=ORIENTED_EDGE('',*,*,#3656,.F.);
#5309=ORIENTED_EDGE('',*,*,#3693,.T.);
#5310=ORIENTED_EDGE('',*,*,#3694,.F.);
#5311=ORIENTED_EDGE('',*,*,#3693,.F.);
#5312=ORIENTED_EDGE('',*,*,#3655,.F.);
#5313=ORIENTED_EDGE('',*,*,#3695,.T.);
#5314=ORIENTED_EDGE('',*,*,#3696,.F.);
#5315=ORIENTED_EDGE('',*,*,#3695,.F.);
#5316=ORIENTED_EDGE('',*,*,#3348,.T.);
#5317=ORIENTED_EDGE('',*,*,#3669,.F.);
#5318=ORIENTED_EDGE('',*,*,#3697,.F.);
#5319=ORIENTED_EDGE('',*,*,#3698,.F.);
#5320=ORIENTED_EDGE('',*,*,#3699,.T.);
#5321=ORIENTED_EDGE('',*,*,#3342,.T.);
#5322=ORIENTED_EDGE('',*,*,#3343,.T.);
#5323=ORIENTED_EDGE('',*,*,#3699,.F.);
#5324=ORIENTED_EDGE('',*,*,#3700,.F.);
#5325=ORIENTED_EDGE('',*,*,#3354,.T.);
#5326=ORIENTED_EDGE('',*,*,#3701,.F.);
#5327=ORIENTED_EDGE('',*,*,#3697,.T.);
#5328=ORIENTED_EDGE('',*,*,#3665,.F.);
#5329=ORIENTED_EDGE('',*,*,#3356,.F.);
#5330=ORIENTED_EDGE('',*,*,#3682,.T.);
#5331=ORIENTED_EDGE('',*,*,#3684,.T.);
#5332=ORIENTED_EDGE('',*,*,#3686,.T.);
#5333=ORIENTED_EDGE('',*,*,#3688,.T.);
#5334=ORIENTED_EDGE('',*,*,#3690,.T.);
#5335=ORIENTED_EDGE('',*,*,#3692,.T.);
#5336=ORIENTED_EDGE('',*,*,#3694,.T.);
#5337=ORIENTED_EDGE('',*,*,#3696,.T.);
#5338=ORIENTED_EDGE('',*,*,#3353,.F.);
#5339=ORIENTED_EDGE('',*,*,#3680,.F.);
#5340=ORIENTED_EDGE('',*,*,#3678,.F.);
#5341=ORIENTED_EDGE('',*,*,#3336,.F.);
#5342=ORIENTED_EDGE('',*,*,#3346,.F.);
#5343=ORIENTED_EDGE('',*,*,#3700,.T.);
#5344=ORIENTED_EDGE('',*,*,#3698,.T.);
#5345=ORIENTED_EDGE('',*,*,#3701,.T.);
#5346=ORIENTED_EDGE('',*,*,#3355,.T.);
#5347=ORIENTED_EDGE('',*,*,#3702,.T.);
#5348=ORIENTED_EDGE('',*,*,#3703,.T.);
#5349=ORIENTED_EDGE('',*,*,#3704,.T.);
#5350=ORIENTED_EDGE('',*,*,#3705,.T.);
#5351=ORIENTED_EDGE('',*,*,#3704,.F.);
#5352=ORIENTED_EDGE('',*,*,#3706,.T.);
#5353=ORIENTED_EDGE('',*,*,#3707,.T.);
#5354=ORIENTED_EDGE('',*,*,#3708,.T.);
#5355=ORIENTED_EDGE('',*,*,#3709,.T.);
#5356=ORIENTED_EDGE('',*,*,#3703,.F.);
#5357=ORIENTED_EDGE('',*,*,#3710,.F.);
#5358=ORIENTED_EDGE('',*,*,#3711,.F.);
#5359=ORIENTED_EDGE('',*,*,#3712,.T.);
#5360=ORIENTED_EDGE('',*,*,#3713,.F.);
#5361=ORIENTED_EDGE('',*,*,#3714,.F.);
#5362=ORIENTED_EDGE('',*,*,#3715,.F.);
#5363=ORIENTED_EDGE('',*,*,#3716,.T.);
#5364=ORIENTED_EDGE('',*,*,#3717,.F.);
#5365=ORIENTED_EDGE('',*,*,#3706,.F.);
#5366=ORIENTED_EDGE('',*,*,#3718,.F.);
#5367=ORIENTED_EDGE('',*,*,#3712,.F.);
#5368=ORIENTED_EDGE('',*,*,#3719,.F.);
#5369=ORIENTED_EDGE('',*,*,#3720,.F.);
#5370=ORIENTED_EDGE('',*,*,#3721,.F.);
#5371=ORIENTED_EDGE('',*,*,#3722,.F.);
#5372=ORIENTED_EDGE('',*,*,#3723,.F.);
#5373=ORIENTED_EDGE('',*,*,#3716,.F.);
#5374=ORIENTED_EDGE('',*,*,#3714,.T.);
#5375=ORIENTED_EDGE('',*,*,#3724,.F.);
#5376=ORIENTED_EDGE('',*,*,#3725,.F.);
#5377=ORIENTED_EDGE('',*,*,#3726,.T.);
#5378=ORIENTED_EDGE('',*,*,#3720,.T.);
#5379=ORIENTED_EDGE('',*,*,#3727,.T.);
#5380=ORIENTED_EDGE('',*,*,#3728,.T.);
#5381=ORIENTED_EDGE('',*,*,#3729,.T.);
#5382=ORIENTED_EDGE('',*,*,#3719,.T.);
#5383=ORIENTED_EDGE('',*,*,#3711,.T.);
#5384=ORIENTED_EDGE('',*,*,#3730,.F.);
#5385=ORIENTED_EDGE('',*,*,#3731,.T.);
#5386=ORIENTED_EDGE('',*,*,#3732,.F.);
#5387=ORIENTED_EDGE('',*,*,#3727,.F.);
#5388=ORIENTED_EDGE('',*,*,#3702,.F.);
#5389=ORIENTED_EDGE('',*,*,#3733,.T.);
#5390=ORIENTED_EDGE('',*,*,#3734,.T.);
#5391=ORIENTED_EDGE('',*,*,#3730,.T.);
#5392=ORIENTED_EDGE('',*,*,#3710,.T.);
#5393=ORIENTED_EDGE('',*,*,#3713,.T.);
#5394=ORIENTED_EDGE('',*,*,#3718,.T.);
#5395=ORIENTED_EDGE('',*,*,#3729,.F.);
#5396=ORIENTED_EDGE('',*,*,#3735,.F.);
#5397=ORIENTED_EDGE('',*,*,#3736,.F.);
#5398=ORIENTED_EDGE('',*,*,#3724,.T.);
#5399=ORIENTED_EDGE('',*,*,#3715,.T.);
#5400=ORIENTED_EDGE('',*,*,#3726,.F.);
#5401=ORIENTED_EDGE('',*,*,#3737,.F.);
#5402=ORIENTED_EDGE('',*,*,#3738,.T.);
#5403=ORIENTED_EDGE('',*,*,#3739,.F.);
#5404=ORIENTED_EDGE('',*,*,#3721,.T.);
#5405=ORIENTED_EDGE('',*,*,#3722,.T.);
#5406=ORIENTED_EDGE('',*,*,#3739,.T.);
#5407=ORIENTED_EDGE('',*,*,#3740,.T.);
#5408=ORIENTED_EDGE('',*,*,#3741,.T.);
#5409=ORIENTED_EDGE('',*,*,#3742,.T.);
#5410=ORIENTED_EDGE('',*,*,#3743,.T.);
#5411=ORIENTED_EDGE('',*,*,#3744,.T.);
#5412=ORIENTED_EDGE('',*,*,#3745,.T.);
#5413=ORIENTED_EDGE('',*,*,#3744,.F.);
#5414=ORIENTED_EDGE('',*,*,#3746,.T.);
#5415=ORIENTED_EDGE('',*,*,#3740,.F.);
#5416=ORIENTED_EDGE('',*,*,#3728,.F.);
#5417=ORIENTED_EDGE('',*,*,#3747,.T.);
#5418=ORIENTED_EDGE('',*,*,#3742,.F.);
#5419=ORIENTED_EDGE('',*,*,#3747,.F.);
#5420=ORIENTED_EDGE('',*,*,#3732,.T.);
#5421=ORIENTED_EDGE('',*,*,#3748,.T.);
#5422=ORIENTED_EDGE('',*,*,#3749,.T.);
#5423=ORIENTED_EDGE('',*,*,#3705,.F.);
#5424=ORIENTED_EDGE('',*,*,#3709,.F.);
#5425=ORIENTED_EDGE('',*,*,#3750,.T.);
#5426=ORIENTED_EDGE('',*,*,#3733,.F.);
#5427=ORIENTED_EDGE('',*,*,#3734,.F.);
#5428=ORIENTED_EDGE('',*,*,#3750,.F.);
#5429=ORIENTED_EDGE('',*,*,#3708,.F.);
#5430=ORIENTED_EDGE('',*,*,#3751,.F.);
#5431=ORIENTED_EDGE('',*,*,#3752,.F.);
#5432=ORIENTED_EDGE('',*,*,#3753,.F.);
#5433=ORIENTED_EDGE('',*,*,#3748,.F.);
#5434=ORIENTED_EDGE('',*,*,#3731,.F.);
#5435=ORIENTED_EDGE('',*,*,#3723,.T.);
#5436=ORIENTED_EDGE('',*,*,#3741,.F.);
#5437=ORIENTED_EDGE('',*,*,#3754,.F.);
#5438=ORIENTED_EDGE('',*,*,#3751,.T.);
#5439=ORIENTED_EDGE('',*,*,#3707,.F.);
#5440=ORIENTED_EDGE('',*,*,#3717,.T.);
#5441=ORIENTED_EDGE('',*,*,#3746,.F.);
#5442=ORIENTED_EDGE('',*,*,#3755,.T.);
#5443=ORIENTED_EDGE('',*,*,#3752,.T.);
#5444=ORIENTED_EDGE('',*,*,#3754,.T.);
#5445=ORIENTED_EDGE('',*,*,#3756,.F.);
#5446=ORIENTED_EDGE('',*,*,#3757,.T.);
#5447=ORIENTED_EDGE('',*,*,#3758,.T.);
#5448=ORIENTED_EDGE('',*,*,#3757,.F.);
#5449=ORIENTED_EDGE('',*,*,#3758,.F.);
#5450=ORIENTED_EDGE('',*,*,#3759,.F.);
#5451=ORIENTED_EDGE('',*,*,#3760,.T.);
#5452=ORIENTED_EDGE('',*,*,#3761,.T.);
#5453=ORIENTED_EDGE('',*,*,#3760,.F.);
#5454=ORIENTED_EDGE('',*,*,#3761,.F.);
#5455=ORIENTED_EDGE('',*,*,#3762,.F.);
#5456=ORIENTED_EDGE('',*,*,#3763,.T.);
#5457=ORIENTED_EDGE('',*,*,#3764,.T.);
#5458=ORIENTED_EDGE('',*,*,#3763,.F.);
#5459=ORIENTED_EDGE('',*,*,#3764,.F.);
#5460=ORIENTED_EDGE('',*,*,#3765,.F.);
#5461=ORIENTED_EDGE('',*,*,#3766,.T.);
#5462=ORIENTED_EDGE('',*,*,#3767,.T.);
#5463=ORIENTED_EDGE('',*,*,#3766,.F.);
#5464=ORIENTED_EDGE('',*,*,#3767,.F.);
#5465=ORIENTED_EDGE('',*,*,#3768,.F.);
#5466=ORIENTED_EDGE('',*,*,#3735,.T.);
#5467=ORIENTED_EDGE('',*,*,#3745,.F.);
#5468=ORIENTED_EDGE('',*,*,#3738,.F.);
#5469=ORIENTED_EDGE('',*,*,#3743,.F.);
#5470=ORIENTED_EDGE('',*,*,#3749,.F.);
#5471=ORIENTED_EDGE('',*,*,#3753,.T.);
#5472=ORIENTED_EDGE('',*,*,#3755,.F.);
#5473=ORIENTED_EDGE('',*,*,#3756,.T.);
#5474=ORIENTED_EDGE('',*,*,#3759,.T.);
#5475=ORIENTED_EDGE('',*,*,#3762,.T.);
#5476=ORIENTED_EDGE('',*,*,#3765,.T.);
#5477=ORIENTED_EDGE('',*,*,#3725,.T.);
#5478=ORIENTED_EDGE('',*,*,#3736,.T.);
#5479=ORIENTED_EDGE('',*,*,#3768,.T.);
#5480=ORIENTED_EDGE('',*,*,#3737,.T.);
#5481=PLANE('',#5988);
#5482=PLANE('',#5989);
#5483=PLANE('',#5990);
#5484=PLANE('',#5991);
#5485=PLANE('',#5992);
#5486=PLANE('',#5993);
#5487=PLANE('',#5994);
#5488=PLANE('',#5995);
#5489=PLANE('',#5996);
#5490=PLANE('',#5997);
#5491=PLANE('',#5998);
#5492=PLANE('',#5999);
#5493=PLANE('',#6000);
#5494=PLANE('',#6001);
#5495=PLANE('',#6002);
#5496=PLANE('',#6003);
#5497=PLANE('',#6004);
#5498=PLANE('',#6005);
#5499=PLANE('',#6006);
#5500=PLANE('',#6007);
#5501=PLANE('',#6008);
#5502=PLANE('',#6009);
#5503=PLANE('',#6010);
#5504=PLANE('',#6011);
#5505=PLANE('',#6012);
#5506=PLANE('',#6013);
#5507=PLANE('',#6014);
#5508=PLANE('',#6015);
#5509=PLANE('',#6016);
#5510=PLANE('',#6017);
#5511=PLANE('',#6018);
#5512=PLANE('',#6019);
#5513=PLANE('',#6020);
#5514=PLANE('',#6021);
#5515=PLANE('',#6022);
#5516=PLANE('',#6023);
#5517=PLANE('',#6024);
#5518=PLANE('',#6025);
#5519=PLANE('',#6026);
#5520=PLANE('',#6027);
#5521=PLANE('',#6028);
#5522=PLANE('',#6029);
#5523=PLANE('',#6030);
#5524=PLANE('',#6031);
#5525=PLANE('',#6032);
#5526=PLANE('',#6033);
#5527=PLANE('',#6034);
#5528=PLANE('',#6035);
#5529=PLANE('',#6036);
#5530=PLANE('',#6037);
#5531=PLANE('',#6038);
#5532=PLANE('',#6069);
#5533=PLANE('',#6072);
#5534=PLANE('',#6073);
#5535=PLANE('',#6077);
#5536=PLANE('',#6095);
#5537=PLANE('',#6096);
#5538=PLANE('',#6097);
#5539=PLANE('',#6098);
#5540=PLANE('',#6099);
#5541=PLANE('',#6100);
#5542=PLANE('',#6123);
#5543=PLANE('',#6126);
#5544=PLANE('',#6127);
#5545=PLANE('',#6131);
#5546=PLANE('',#6136);
#5547=PLANE('',#6140);
#5548=PLANE('',#6144);
#5549=PLANE('',#6148);
#5550=PLANE('',#6149);
#5551=PLANE('',#6150);
#5552=PLANE('',#6151);
#5553=PLANE('',#6152);
#5554=PLANE('',#6153);
#5555=PLANE('',#6154);
#5556=PLANE('',#6159);
#5557=PLANE('',#6161);
#5558=PLANE('',#6163);
#5559=PLANE('',#6167);
#5560=PLANE('',#6168);
#5561=PLANE('',#6169);
#5562=PLANE('',#6170);
#5563=PLANE('',#6171);
#5564=PLANE('',#6172);
#5565=PLANE('',#6173);
#5566=PLANE('',#6174);
#5567=PLANE('',#6175);
#5568=PLANE('',#6176);
#5569=PLANE('',#6177);
#5570=PLANE('',#6178);
#5571=PLANE('',#6179);
#5572=PLANE('',#6180);
#5573=PLANE('',#6181);
#5574=PLANE('',#6182);
#5575=PLANE('',#6183);
#5576=PLANE('',#6184);
#5577=PLANE('',#6185);
#5578=PLANE('',#6186);
#5579=PLANE('',#6187);
#5580=PLANE('',#6188);
#5581=PLANE('',#6189);
#5582=PLANE('',#6190);
#5583=PLANE('',#6191);
#5584=PLANE('',#6192);
#5585=PLANE('',#6193);
#5586=PLANE('',#6194);
#5587=PLANE('',#6195);
#5588=PLANE('',#6196);
#5589=PLANE('',#6197);
#5590=PLANE('',#6198);
#5591=PLANE('',#6199);
#5592=PLANE('',#6200);
#5593=PLANE('',#6201);
#5594=PLANE('',#6202);
#5595=PLANE('',#6203);
#5596=PLANE('',#6204);
#5597=PLANE('',#6205);
#5598=PLANE('',#6206);
#5599=PLANE('',#6207);
#5600=PLANE('',#6208);
#5601=PLANE('',#6209);
#5602=PLANE('',#6210);
#5603=PLANE('',#6211);
#5604=PLANE('',#6212);
#5605=PLANE('',#6213);
#5606=PLANE('',#6214);
#5607=PLANE('',#6215);
#5608=PLANE('',#6216);
#5609=PLANE('',#6217);
#5610=PLANE('',#6218);
#5611=PLANE('',#6238);
#5612=PLANE('',#6241);
#5613=PLANE('',#6242);
#5614=PLANE('',#6244);
#5615=PLANE('',#6262);
#5616=PLANE('',#6263);
#5617=PLANE('',#6264);
#5618=PLANE('',#6265);
#5619=PLANE('',#6266);
#5620=PLANE('',#6271);
#5621=PLANE('',#6273);
#5622=PLANE('',#6275);
#5623=PLANE('',#6277);
#5624=PLANE('',#6280);
#5625=PLANE('',#6283);
#5626=PLANE('',#6284);
#5627=PLANE('',#6296);
#5628=PLANE('',#6297);
#5629=PLANE('',#6299);
#5630=PLANE('',#6304);
#5631=PLANE('',#6308);
#5632=PLANE('',#6312);
#5633=PLANE('',#6316);
#5634=PLANE('',#6317);
#5635=PLANE('',#6318);
#5636=PLANE('',#6319);
#5637=ADVANCED_FACE('',(#587),#5481,.F.);
#5638=ADVANCED_FACE('',(#588),#5482,.F.);
#5639=ADVANCED_FACE('',(#589),#5483,.F.);
#5640=ADVANCED_FACE('',(#590),#5484,.F.);
#5641=ADVANCED_FACE('',(#591),#5485,.F.);
#5642=ADVANCED_FACE('',(#592),#5486,.F.);
#5643=ADVANCED_FACE('',(#593),#5487,.F.);
#5644=ADVANCED_FACE('',(#594),#5488,.F.);
#5645=ADVANCED_FACE('',(#595),#5489,.F.);
#5646=ADVANCED_FACE('',(#596),#5490,.F.);
#5647=ADVANCED_FACE('',(#597),#5491,.F.);
#5648=ADVANCED_FACE('',(#598),#5492,.F.);
#5649=ADVANCED_FACE('',(#599),#5493,.F.);
#5650=ADVANCED_FACE('',(#600),#5494,.F.);
#5651=ADVANCED_FACE('',(#601),#5495,.F.);
#5652=ADVANCED_FACE('',(#602),#5496,.F.);
#5653=ADVANCED_FACE('',(#603),#5497,.F.);
#5654=ADVANCED_FACE('',(#604),#5498,.F.);
#5655=ADVANCED_FACE('',(#605),#5499,.F.);
#5656=ADVANCED_FACE('',(#606),#5500,.F.);
#5657=ADVANCED_FACE('',(#607),#5501,.F.);
#5658=ADVANCED_FACE('',(#608),#5502,.F.);
#5659=ADVANCED_FACE('',(#609),#477,.F.);
#5660=ADVANCED_FACE('',(#610),#478,.F.);
#5661=ADVANCED_FACE('',(#611),#5503,.F.);
#5662=ADVANCED_FACE('',(#612),#5504,.F.);
#5663=ADVANCED_FACE('',(#613),#5505,.F.);
#5664=ADVANCED_FACE('',(#614),#5506,.F.);
#5665=ADVANCED_FACE('',(#615),#5507,.F.);
#5666=ADVANCED_FACE('',(#616),#5508,.F.);
#5667=ADVANCED_FACE('',(#617),#5509,.F.);
#5668=ADVANCED_FACE('',(#618),#5510,.F.);
#5669=ADVANCED_FACE('',(#619),#5511,.F.);
#5670=ADVANCED_FACE('',(#620),#5512,.F.);
#5671=ADVANCED_FACE('',(#621),#5513,.F.);
#5672=ADVANCED_FACE('',(#622,#197),#5514,.T.);
#5673=ADVANCED_FACE('',(#623),#479,.F.);
#5674=ADVANCED_FACE('',(#624),#480,.F.);
#5675=ADVANCED_FACE('',(#625),#481,.F.);
#5676=ADVANCED_FACE('',(#626),#482,.F.);
#5677=ADVANCED_FACE('',(#627),#483,.F.);
#5678=ADVANCED_FACE('',(#628),#484,.F.);
#5679=ADVANCED_FACE('',(#629),#485,.F.);
#5680=ADVANCED_FACE('',(#630),#486,.F.);
#5681=ADVANCED_FACE('',(#631),#487,.F.);
#5682=ADVANCED_FACE('',(#632),#488,.F.);
#5683=ADVANCED_FACE('',(#633),#489,.F.);
#5684=ADVANCED_FACE('',(#634),#490,.F.);
#5685=ADVANCED_FACE('',(#635),#491,.F.);
#5686=ADVANCED_FACE('',(#636),#492,.F.);
#5687=ADVANCED_FACE('',(#637),#5515,.F.);
#5688=ADVANCED_FACE('',(#638),#493,.F.);
#5689=ADVANCED_FACE('',(#639),#494,.F.);
#5690=ADVANCED_FACE('',(#640),#495,.F.);
#5691=ADVANCED_FACE('',(#641),#496,.F.);
#5692=ADVANCED_FACE('',(#642),#497,.F.);
#5693=ADVANCED_FACE('',(#643),#498,.F.);
#5694=ADVANCED_FACE('',(#644),#499,.F.);
#5695=ADVANCED_FACE('',(#645),#500,.F.);
#5696=ADVANCED_FACE('',(#646),#501,.F.);
#5697=ADVANCED_FACE('',(#647),#502,.F.);
#5698=ADVANCED_FACE('',(#648),#503,.F.);
#5699=ADVANCED_FACE('',(#649),#504,.F.);
#5700=ADVANCED_FACE('',(#650),#505,.F.);
#5701=ADVANCED_FACE('',(#651),#506,.F.);
#5702=ADVANCED_FACE('',(#652),#507,.F.);
#5703=ADVANCED_FACE('',(#653),#508,.F.);
#5704=ADVANCED_FACE('',(#654),#509,.F.);
#5705=ADVANCED_FACE('',(#655),#510,.F.);
#5706=ADVANCED_FACE('',(#656),#5516,.F.);
#5707=ADVANCED_FACE('',(#657),#511,.F.);
#5708=ADVANCED_FACE('',(#658),#5517,.T.);
#5709=ADVANCED_FACE('',(#659),#512,.F.);
#5710=ADVANCED_FACE('',(#660),#513,.F.);
#5711=ADVANCED_FACE('',(#661),#514,.F.);
#5712=ADVANCED_FACE('',(#662),#515,.F.);
#5713=ADVANCED_FACE('',(#663),#516,.F.);
#5714=ADVANCED_FACE('',(#664),#517,.F.);
#5715=ADVANCED_FACE('',(#665),#518,.F.);
#5716=ADVANCED_FACE('',(#666),#519,.F.);
#5717=ADVANCED_FACE('',(#667),#520,.F.);
#5718=ADVANCED_FACE('',(#668),#5518,.F.);
#5719=ADVANCED_FACE('',(#669),#521,.F.);
#5720=ADVANCED_FACE('',(#670),#522,.F.);
#5721=ADVANCED_FACE('',(#671),#523,.F.);
#5722=ADVANCED_FACE('',(#672),#524,.F.);
#5723=ADVANCED_FACE('',(#673),#525,.F.);
#5724=ADVANCED_FACE('',(#674),#526,.F.);
#5725=ADVANCED_FACE('',(#675),#527,.F.);
#5726=ADVANCED_FACE('',(#676),#528,.F.);
#5727=ADVANCED_FACE('',(#677),#529,.F.);
#5728=ADVANCED_FACE('',(#678),#530,.F.);
#5729=ADVANCED_FACE('',(#679),#5519,.F.);
#5730=ADVANCED_FACE('',(#680),#531,.F.);
#5731=ADVANCED_FACE('',(#681),#5520,.T.);
#5732=ADVANCED_FACE('',(#682),#5521,.F.);
#5733=ADVANCED_FACE('',(#683),#5522,.F.);
#5734=ADVANCED_FACE('',(#684),#5523,.F.);
#5735=ADVANCED_FACE('',(#685),#5524,.F.);
#5736=ADVANCED_FACE('',(#686),#5525,.F.);
#5737=ADVANCED_FACE('',(#687),#5526,.F.);
#5738=ADVANCED_FACE('',(#688),#5527,.F.);
#5739=ADVANCED_FACE('',(#689),#5528,.F.);
#5740=ADVANCED_FACE('',(#690),#5529,.F.);
#5741=ADVANCED_FACE('',(#691),#5530,.F.);
#5742=ADVANCED_FACE('',(#692,#198,#199,#200,#201,#202,#203,#204,#205,#206,
#207,#208,#209,#210,#211,#212),#5531,.T.);
#5743=ADVANCED_FACE('',(#693),#33,.T.);
#5744=ADVANCED_FACE('',(#694),#34,.T.);
#5745=ADVANCED_FACE('',(#695),#21,.T.);
#5746=ADVANCED_FACE('',(#696),#35,.T.);
#5747=ADVANCED_FACE('',(#697),#22,.T.);
#5748=ADVANCED_FACE('',(#698),#36,.T.);
#5749=ADVANCED_FACE('',(#699),#23,.T.);
#5750=ADVANCED_FACE('',(#700),#24,.T.);
#5751=ADVANCED_FACE('',(#701),#37,.T.);
#5752=ADVANCED_FACE('',(#702),#5532,.T.);
#5753=ADVANCED_FACE('',(#703),#38,.T.);
#5754=ADVANCED_FACE('',(#704),#5533,.T.);
#5755=ADVANCED_FACE('',(#705),#5534,.F.);
#5756=ADVANCED_FACE('',(#706),#39,.T.);
#5757=ADVANCED_FACE('',(#707),#5535,.T.);
#5758=ADVANCED_FACE('',(#708),#40,.T.);
#5759=ADVANCED_FACE('',(#709),#41,.F.);
#5760=ADVANCED_FACE('',(#710),#42,.F.);
#5761=ADVANCED_FACE('',(#711),#43,.F.);
#5762=ADVANCED_FACE('',(#712),#44,.F.);
#5763=ADVANCED_FACE('',(#713),#45,.F.);
#5764=ADVANCED_FACE('',(#714),#46,.F.);
#5765=ADVANCED_FACE('',(#715),#47,.F.);
#5766=ADVANCED_FACE('',(#716),#48,.F.);
#5767=ADVANCED_FACE('',(#717),#5536,.T.);
#5768=ADVANCED_FACE('',(#718),#5537,.T.);
#5769=ADVANCED_FACE('',(#719,#213,#214,#215,#216,#217,#218,#219,#220),#5538,
 .T.);
#5770=ADVANCED_FACE('',(#720),#5539,.T.);
#5771=ADVANCED_FACE('',(#721),#5540,.T.);
#5772=ADVANCED_FACE('',(#722),#5541,.T.);
#5773=ADVANCED_FACE('',(#723),#49,.T.);
#5774=ADVANCED_FACE('',(#724),#50,.T.);
#5775=ADVANCED_FACE('',(#725),#25,.T.);
#5776=ADVANCED_FACE('',(#726),#51,.T.);
#5777=ADVANCED_FACE('',(#727),#26,.T.);
#5778=ADVANCED_FACE('',(#728),#52,.T.);
#5779=ADVANCED_FACE('',(#729),#27,.T.);
#5780=ADVANCED_FACE('',(#730),#28,.T.);
#5781=ADVANCED_FACE('',(#731),#53,.T.);
#5782=ADVANCED_FACE('',(#732),#5542,.T.);
#5783=ADVANCED_FACE('',(#733),#54,.T.);
#5784=ADVANCED_FACE('',(#734),#5543,.T.);
#5785=ADVANCED_FACE('',(#735),#5544,.F.);
#5786=ADVANCED_FACE('',(#736),#55,.T.);
#5787=ADVANCED_FACE('',(#737),#5545,.T.);
#5788=ADVANCED_FACE('',(#738),#56,.T.);
#5789=ADVANCED_FACE('',(#739),#57,.F.);
#5790=ADVANCED_FACE('',(#740),#5546,.T.);
#5791=ADVANCED_FACE('',(#741),#58,.F.);
#5792=ADVANCED_FACE('',(#742),#5547,.T.);
#5793=ADVANCED_FACE('',(#743),#59,.F.);
#5794=ADVANCED_FACE('',(#744),#5548,.T.);
#5795=ADVANCED_FACE('',(#745),#60,.F.);
#5796=ADVANCED_FACE('',(#746),#5549,.T.);
#5797=ADVANCED_FACE('',(#747),#5550,.T.);
#5798=ADVANCED_FACE('',(#748),#5551,.T.);
#5799=ADVANCED_FACE('',(#749),#5552,.T.);
#5800=ADVANCED_FACE('',(#750),#5553,.T.);
#5801=ADVANCED_FACE('',(#751,#221,#222,#223,#224),#5554,.T.);
#5802=ADVANCED_FACE('',(#752),#5555,.T.);
#5803=ADVANCED_FACE('',(#753),#61,.T.);
#5804=ADVANCED_FACE('',(#754),#62,.T.);
#5805=ADVANCED_FACE('',(#755),#5556,.F.);
#5806=ADVANCED_FACE('',(#756),#5557,.F.);
#5807=ADVANCED_FACE('',(#757),#5558,.F.);
#5808=ADVANCED_FACE('',(#758),#63,.T.);
#5809=ADVANCED_FACE('',(#759),#5559,.T.);
#5810=ADVANCED_FACE('',(#760),#5560,.F.);
#5811=ADVANCED_FACE('',(#761),#5561,.F.);
#5812=ADVANCED_FACE('',(#762),#5562,.F.);
#5813=ADVANCED_FACE('',(#763),#5563,.F.);
#5814=ADVANCED_FACE('',(#764),#5564,.F.);
#5815=ADVANCED_FACE('',(#765),#5565,.F.);
#5816=ADVANCED_FACE('',(#766),#5566,.F.);
#5817=ADVANCED_FACE('',(#767),#5567,.F.);
#5818=ADVANCED_FACE('',(#768),#5568,.F.);
#5819=ADVANCED_FACE('',(#769),#5569,.F.);
#5820=ADVANCED_FACE('',(#770),#5570,.F.);
#5821=ADVANCED_FACE('',(#771),#5571,.F.);
#5822=ADVANCED_FACE('',(#772),#5572,.F.);
#5823=ADVANCED_FACE('',(#773),#5573,.F.);
#5824=ADVANCED_FACE('',(#774),#5574,.F.);
#5825=ADVANCED_FACE('',(#775),#5575,.F.);
#5826=ADVANCED_FACE('',(#776),#5576,.F.);
#5827=ADVANCED_FACE('',(#777),#5577,.F.);
#5828=ADVANCED_FACE('',(#778),#5578,.F.);
#5829=ADVANCED_FACE('',(#779),#5579,.F.);
#5830=ADVANCED_FACE('',(#780),#5580,.F.);
#5831=ADVANCED_FACE('',(#781),#5581,.F.);
#5832=ADVANCED_FACE('',(#782),#532,.F.);
#5833=ADVANCED_FACE('',(#783),#533,.F.);
#5834=ADVANCED_FACE('',(#784),#5582,.F.);
#5835=ADVANCED_FACE('',(#785),#5583,.F.);
#5836=ADVANCED_FACE('',(#786),#5584,.F.);
#5837=ADVANCED_FACE('',(#787),#5585,.F.);
#5838=ADVANCED_FACE('',(#788),#5586,.F.);
#5839=ADVANCED_FACE('',(#789),#5587,.F.);
#5840=ADVANCED_FACE('',(#790),#5588,.F.);
#5841=ADVANCED_FACE('',(#791),#5589,.F.);
#5842=ADVANCED_FACE('',(#792),#5590,.F.);
#5843=ADVANCED_FACE('',(#793),#5591,.F.);
#5844=ADVANCED_FACE('',(#794),#5592,.F.);
#5845=ADVANCED_FACE('',(#795,#225),#5593,.T.);
#5846=ADVANCED_FACE('',(#796),#534,.F.);
#5847=ADVANCED_FACE('',(#797),#535,.F.);
#5848=ADVANCED_FACE('',(#798),#536,.F.);
#5849=ADVANCED_FACE('',(#799),#537,.F.);
#5850=ADVANCED_FACE('',(#800),#538,.F.);
#5851=ADVANCED_FACE('',(#801),#539,.F.);
#5852=ADVANCED_FACE('',(#802),#540,.F.);
#5853=ADVANCED_FACE('',(#803),#541,.F.);
#5854=ADVANCED_FACE('',(#804),#542,.F.);
#5855=ADVANCED_FACE('',(#805),#543,.F.);
#5856=ADVANCED_FACE('',(#806),#544,.F.);
#5857=ADVANCED_FACE('',(#807),#545,.F.);
#5858=ADVANCED_FACE('',(#808),#546,.F.);
#5859=ADVANCED_FACE('',(#809),#547,.F.);
#5860=ADVANCED_FACE('',(#810),#5594,.F.);
#5861=ADVANCED_FACE('',(#811),#548,.F.);
#5862=ADVANCED_FACE('',(#812),#549,.F.);
#5863=ADVANCED_FACE('',(#813),#550,.F.);
#5864=ADVANCED_FACE('',(#814),#551,.F.);
#5865=ADVANCED_FACE('',(#815),#552,.F.);
#5866=ADVANCED_FACE('',(#816),#553,.F.);
#5867=ADVANCED_FACE('',(#817),#554,.F.);
#5868=ADVANCED_FACE('',(#818),#555,.F.);
#5869=ADVANCED_FACE('',(#819),#556,.F.);
#5870=ADVANCED_FACE('',(#820),#557,.F.);
#5871=ADVANCED_FACE('',(#821),#558,.F.);
#5872=ADVANCED_FACE('',(#822),#559,.F.);
#5873=ADVANCED_FACE('',(#823),#560,.F.);
#5874=ADVANCED_FACE('',(#824),#561,.F.);
#5875=ADVANCED_FACE('',(#825),#562,.F.);
#5876=ADVANCED_FACE('',(#826),#563,.F.);
#5877=ADVANCED_FACE('',(#827),#564,.F.);
#5878=ADVANCED_FACE('',(#828),#565,.F.);
#5879=ADVANCED_FACE('',(#829),#5595,.F.);
#5880=ADVANCED_FACE('',(#830),#566,.F.);
#5881=ADVANCED_FACE('',(#831),#5596,.T.);
#5882=ADVANCED_FACE('',(#832),#567,.F.);
#5883=ADVANCED_FACE('',(#833),#568,.F.);
#5884=ADVANCED_FACE('',(#834),#569,.F.);
#5885=ADVANCED_FACE('',(#835),#570,.F.);
#5886=ADVANCED_FACE('',(#836),#571,.F.);
#5887=ADVANCED_FACE('',(#837),#572,.F.);
#5888=ADVANCED_FACE('',(#838),#573,.F.);
#5889=ADVANCED_FACE('',(#839),#574,.F.);
#5890=ADVANCED_FACE('',(#840),#575,.F.);
#5891=ADVANCED_FACE('',(#841),#5597,.F.);
#5892=ADVANCED_FACE('',(#842),#576,.F.);
#5893=ADVANCED_FACE('',(#843),#577,.F.);
#5894=ADVANCED_FACE('',(#844),#578,.F.);
#5895=ADVANCED_FACE('',(#845),#579,.F.);
#5896=ADVANCED_FACE('',(#846),#580,.F.);
#5897=ADVANCED_FACE('',(#847),#581,.F.);
#5898=ADVANCED_FACE('',(#848),#582,.F.);
#5899=ADVANCED_FACE('',(#849),#583,.F.);
#5900=ADVANCED_FACE('',(#850),#584,.F.);
#5901=ADVANCED_FACE('',(#851),#585,.F.);
#5902=ADVANCED_FACE('',(#852),#5598,.F.);
#5903=ADVANCED_FACE('',(#853),#586,.F.);
#5904=ADVANCED_FACE('',(#854),#5599,.T.);
#5905=ADVANCED_FACE('',(#855),#5600,.F.);
#5906=ADVANCED_FACE('',(#856),#5601,.F.);
#5907=ADVANCED_FACE('',(#857),#5602,.F.);
#5908=ADVANCED_FACE('',(#858),#5603,.F.);
#5909=ADVANCED_FACE('',(#859),#5604,.F.);
#5910=ADVANCED_FACE('',(#860),#5605,.F.);
#5911=ADVANCED_FACE('',(#861),#5606,.F.);
#5912=ADVANCED_FACE('',(#862),#5607,.F.);
#5913=ADVANCED_FACE('',(#863),#5608,.F.);
#5914=ADVANCED_FACE('',(#864),#5609,.F.);
#5915=ADVANCED_FACE('',(#865,#226,#227,#228,#229,#230,#231,#232,#233,#234,
#235,#236,#237,#238,#239,#240),#5610,.T.);
#5916=ADVANCED_FACE('',(#866),#64,.T.);
#5917=ADVANCED_FACE('',(#867),#29,.T.);
#5918=ADVANCED_FACE('',(#868),#65,.T.);
#5919=ADVANCED_FACE('',(#869),#30,.T.);
#5920=ADVANCED_FACE('',(#870),#66,.T.);
#5921=ADVANCED_FACE('',(#871),#5611,.T.);
#5922=ADVANCED_FACE('',(#872),#67,.T.);
#5923=ADVANCED_FACE('',(#873),#5612,.T.);
#5924=ADVANCED_FACE('',(#874),#5613,.F.);
#5925=ADVANCED_FACE('',(#875),#5614,.T.);
#5926=ADVANCED_FACE('',(#876),#68,.T.);
#5927=ADVANCED_FACE('',(#877),#69,.F.);
#5928=ADVANCED_FACE('',(#878),#70,.F.);
#5929=ADVANCED_FACE('',(#879),#71,.F.);
#5930=ADVANCED_FACE('',(#880),#72,.F.);
#5931=ADVANCED_FACE('',(#881),#73,.F.);
#5932=ADVANCED_FACE('',(#882),#74,.F.);
#5933=ADVANCED_FACE('',(#883),#75,.F.);
#5934=ADVANCED_FACE('',(#884),#76,.F.);
#5935=ADVANCED_FACE('',(#885),#5615,.T.);
#5936=ADVANCED_FACE('',(#886),#5616,.T.);
#5937=ADVANCED_FACE('',(#887,#241,#242,#243,#244,#245,#246,#247,#248),#5617,
 .T.);
#5938=ADVANCED_FACE('',(#888),#5618,.T.);
#5939=ADVANCED_FACE('',(#889),#5619,.T.);
#5940=ADVANCED_FACE('',(#890),#77,.T.);
#5941=ADVANCED_FACE('',(#891),#78,.T.);
#5942=ADVANCED_FACE('',(#892),#5620,.F.);
#5943=ADVANCED_FACE('',(#893),#5621,.F.);
#5944=ADVANCED_FACE('',(#894),#5622,.F.);
#5945=ADVANCED_FACE('',(#895),#5623,.T.);
#5946=ADVANCED_FACE('',(#896),#79,.T.);
#5947=ADVANCED_FACE('',(#897),#5624,.T.);
#5948=ADVANCED_FACE('',(#898),#80,.T.);
#5949=ADVANCED_FACE('',(#899),#5625,.T.);
#5950=ADVANCED_FACE('',(#900),#5626,.T.);
#5951=ADVANCED_FACE('',(#901),#81,.T.);
#5952=ADVANCED_FACE('',(#902),#82,.T.);
#5953=ADVANCED_FACE('',(#903),#31,.T.);
#5954=ADVANCED_FACE('',(#904),#32,.T.);
#5955=ADVANCED_FACE('',(#905),#83,.T.);
#5956=ADVANCED_FACE('',(#906),#5627,.T.);
#5957=ADVANCED_FACE('',(#907),#5628,.F.);
#5958=ADVANCED_FACE('',(#908),#5629,.T.);
#5959=ADVANCED_FACE('',(#909),#84,.T.);
#5960=ADVANCED_FACE('',(#910),#85,.F.);
#5961=ADVANCED_FACE('',(#911),#5630,.T.);
#5962=ADVANCED_FACE('',(#912),#86,.F.);
#5963=ADVANCED_FACE('',(#913),#5631,.T.);
#5964=ADVANCED_FACE('',(#914),#87,.F.);
#5965=ADVANCED_FACE('',(#915),#5632,.T.);
#5966=ADVANCED_FACE('',(#916),#88,.F.);
#5967=ADVANCED_FACE('',(#917),#5633,.T.);
#5968=ADVANCED_FACE('',(#918),#5634,.T.);
#5969=ADVANCED_FACE('',(#919,#249,#250,#251,#252),#5635,.T.);
#5970=ADVANCED_FACE('',(#920),#5636,.T.);
#5971=CLOSED_SHELL('',(#5637,#5638,#5639,#5640,#5641,#5642,#5643,#5644,
#5645,#5646,#5647,#5648,#5649,#5650,#5651,#5652,#5653,#5654,#5655,#5656,
#5657,#5658,#5659,#5660,#5661,#5662,#5663,#5664,#5665,#5666,#5667,#5668,
#5669,#5670,#5671,#5672,#5673,#5674,#5675,#5676,#5677,#5678,#5679,#5680,
#5681,#5682,#5683,#5684,#5685,#5686,#5687,#5688,#5689,#5690,#5691,#5692,
#5693,#5694,#5695,#5696,#5697,#5698,#5699,#5700,#5701,#5702,#5703,#5704,
#5705,#5706,#5707,#5708,#5709,#5710,#5711,#5712,#5713,#5714,#5715,#5716,
#5717,#5718,#5719,#5720,#5721,#5722,#5723,#5724,#5725,#5726,#5727,#5728,
#5729,#5730,#5731,#5732,#5733,#5734,#5735,#5736,#5737,#5738,#5739,#5740,
#5741,#5742,#5743,#5744,#5745,#5746,#5747,#5748,#5749,#5750,#5751,#5752,
#5753,#5754,#5755,#5756,#5757,#5758,#5759,#5760,#5761,#5762,#5763,#5764,
#5765,#5766,#5767,#5768,#5769,#5770,#5771,#5772));
#5972=CLOSED_SHELL('',(#5773,#5774,#5775,#5776,#5777,#5778,#5779,#5780,
#5781,#5782,#5783,#5784,#5785,#5786,#5787,#5788,#5789,#5790,#5791,#5792,
#5793,#5794,#5795,#5796,#5797,#5798,#5799,#5800,#5801,#5802));
#5973=CLOSED_SHELL('',(#5803,#5804,#5805,#5806,#5807,#5808,#5809,#5810,
#5811,#5812,#5813,#5814,#5815,#5816,#5817,#5818,#5819,#5820,#5821,#5822,
#5823,#5824,#5825,#5826,#5827,#5828,#5829,#5830,#5831,#5832,#5833,#5834,
#5835,#5836,#5837,#5838,#5839,#5840,#5841,#5842,#5843,#5844,#5845,#5846,
#5847,#5848,#5849,#5850,#5851,#5852,#5853,#5854,#5855,#5856,#5857,#5858,
#5859,#5860,#5861,#5862,#5863,#5864,#5865,#5866,#5867,#5868,#5869,#5870,
#5871,#5872,#5873,#5874,#5875,#5876,#5877,#5878,#5879,#5880,#5881,#5882,
#5883,#5884,#5885,#5886,#5887,#5888,#5889,#5890,#5891,#5892,#5893,#5894,
#5895,#5896,#5897,#5898,#5899,#5900,#5901,#5902,#5903,#5904,#5905,#5906,
#5907,#5908,#5909,#5910,#5911,#5912,#5913,#5914,#5915,#5916,#5917,#5918,
#5919,#5920,#5921,#5922,#5923,#5924,#5925,#5926,#5927,#5928,#5929,#5930,
#5931,#5932,#5933,#5934,#5935,#5936,#5937,#5938,#5939));
#5974=CLOSED_SHELL('',(#5940,#5941,#5942,#5943,#5944,#5945,#5946,#5947,
#5948,#5949,#5950,#5951,#5952,#5953,#5954,#5955,#5956,#5957,#5958,#5959,
#5960,#5961,#5962,#5963,#5964,#5965,#5966,#5967,#5968,#5969,#5970));
#5975=DERIVED_UNIT_ELEMENT(#5977,1.);
#5976=DERIVED_UNIT_ELEMENT(#11166,-3.);
#5977=(
MASS_UNIT()
NAMED_UNIT(*)
SI_UNIT(.KILO.,.GRAM.)
);
#5978=DERIVED_UNIT((#5975,#5976));
#5979=MEASURE_REPRESENTATION_ITEM('density measure',
POSITIVE_RATIO_MEASURE(7850.),#5978);
#5980=PROPERTY_DEFINITION_REPRESENTATION(#5985,#5982);
#5981=PROPERTY_DEFINITION_REPRESENTATION(#5986,#5983);
#5982=REPRESENTATION('material name',(#5984),#11163);
#5983=REPRESENTATION('density',(#5979),#11163);
#5984=DESCRIPTIVE_REPRESENTATION_ITEM('Acciaio','Acciaio');
#5985=PROPERTY_DEFINITION('material property','material name',#11173);
#5986=PROPERTY_DEFINITION('material property','density of part',#11173);
#5987=AXIS2_PLACEMENT_3D('',#7510,#6320,#6321);
#5988=AXIS2_PLACEMENT_3D('',#7511,#6322,#6323);
#5989=AXIS2_PLACEMENT_3D('',#7520,#6328,#6329);
#5990=AXIS2_PLACEMENT_3D('',#7526,#6333,#6334);
#5991=AXIS2_PLACEMENT_3D('',#7532,#6338,#6339);
#5992=AXIS2_PLACEMENT_3D('',#7538,#6343,#6344);
#5993=AXIS2_PLACEMENT_3D('',#7544,#6348,#6349);
#5994=AXIS2_PLACEMENT_3D('',#7550,#6353,#6354);
#5995=AXIS2_PLACEMENT_3D('',#7556,#6358,#6359);
#5996=AXIS2_PLACEMENT_3D('',#7559,#6362,#6363);
#5997=AXIS2_PLACEMENT_3D('',#7560,#6364,#6365);
#5998=AXIS2_PLACEMENT_3D('',#7569,#6370,#6371);
#5999=AXIS2_PLACEMENT_3D('',#7575,#6375,#6376);
#6000=AXIS2_PLACEMENT_3D('',#7581,#6380,#6381);
#6001=AXIS2_PLACEMENT_3D('',#7587,#6385,#6386);
#6002=AXIS2_PLACEMENT_3D('',#7593,#6390,#6391);
#6003=AXIS2_PLACEMENT_3D('',#7599,#6395,#6396);
#6004=AXIS2_PLACEMENT_3D('',#7605,#6400,#6401);
#6005=AXIS2_PLACEMENT_3D('',#7611,#6405,#6406);
#6006=AXIS2_PLACEMENT_3D('',#7617,#6410,#6411);
#6007=AXIS2_PLACEMENT_3D('',#7623,#6415,#6416);
#6008=AXIS2_PLACEMENT_3D('',#7629,#6420,#6421);
#6009=AXIS2_PLACEMENT_3D('',#7632,#6424,#6425);
#6010=AXIS2_PLACEMENT_3D('',#7682,#6429,#6430);
#6011=AXIS2_PLACEMENT_3D('',#7688,#6434,#6435);
#6012=AXIS2_PLACEMENT_3D('',#7694,#6439,#6440);
#6013=AXIS2_PLACEMENT_3D('',#7697,#6443,#6444);
#6014=AXIS2_PLACEMENT_3D('',#7706,#6449,#6450);
#6015=AXIS2_PLACEMENT_3D('',#7712,#6454,#6455);
#6016=AXIS2_PLACEMENT_3D('',#7718,#6459,#6460);
#6017=AXIS2_PLACEMENT_3D('',#7724,#6464,#6465);
#6018=AXIS2_PLACEMENT_3D('',#7730,#6469,#6470);
#6019=AXIS2_PLACEMENT_3D('',#7736,#6474,#6475);
#6020=AXIS2_PLACEMENT_3D('',#7742,#6479,#6480);
#6021=AXIS2_PLACEMENT_3D('',#7745,#6483,#6484);
#6022=AXIS2_PLACEMENT_3D('',#8071,#6500,#6501);
#6023=AXIS2_PLACEMENT_3D('',#8491,#6523,#6524);
#6024=AXIS2_PLACEMENT_3D('',#8517,#6528,#6529);
#6025=AXIS2_PLACEMENT_3D('',#8728,#6540,#6541);
#6026=AXIS2_PLACEMENT_3D('',#8964,#6555,#6556);
#6027=AXIS2_PLACEMENT_3D('',#8990,#6560,#6561);
#6028=AXIS2_PLACEMENT_3D('',#8991,#6562,#6563);
#6029=AXIS2_PLACEMENT_3D('',#9000,#6568,#6569);
#6030=AXIS2_PLACEMENT_3D('',#9006,#6573,#6574);
#6031=AXIS2_PLACEMENT_3D('',#9012,#6578,#6579);
#6032=AXIS2_PLACEMENT_3D('',#9015,#6582,#6583);
#6033=AXIS2_PLACEMENT_3D('',#9016,#6584,#6585);
#6034=AXIS2_PLACEMENT_3D('',#9025,#6590,#6591);
#6035=AXIS2_PLACEMENT_3D('',#9031,#6595,#6596);
#6036=AXIS2_PLACEMENT_3D('',#9037,#6600,#6601);
#6037=AXIS2_PLACEMENT_3D('',#9040,#6604,#6605);
#6038=AXIS2_PLACEMENT_3D('',#9041,#6606,#6607);
#6039=AXIS2_PLACEMENT_3D('',#9051,#6612,#6613);
#6040=AXIS2_PLACEMENT_3D('',#9053,#6614,#6615);
#6041=AXIS2_PLACEMENT_3D('',#9055,#6616,#6617);
#6042=AXIS2_PLACEMENT_3D('',#9057,#6618,#6619);
#6043=AXIS2_PLACEMENT_3D('',#9059,#6620,#6621);
#6044=AXIS2_PLACEMENT_3D('',#9061,#6622,#6623);
#6045=AXIS2_PLACEMENT_3D('',#9063,#6624,#6625);
#6046=AXIS2_PLACEMENT_3D('',#9065,#6626,#6627);
#6047=AXIS2_PLACEMENT_3D('',#9066,#6628,#6629);
#6048=AXIS2_PLACEMENT_3D('',#9069,#6630,#6631);
#6049=AXIS2_PLACEMENT_3D('',#9073,#6633,#6634);
#6050=AXIS2_PLACEMENT_3D('',#9075,#6636,#6637);
#6051=AXIS2_PLACEMENT_3D('',#9077,#6638,#6639);
#6052=AXIS2_PLACEMENT_3D('',#9078,#6640,#6641);
#6053=AXIS2_PLACEMENT_3D('',#9080,#6643,#6644);
#6054=AXIS2_PLACEMENT_3D('',#9081,#6645,#6646);
#6055=AXIS2_PLACEMENT_3D('',#9082,#6647,#6648);
#6056=AXIS2_PLACEMENT_3D('',#9085,#6649,#6650);
#6057=AXIS2_PLACEMENT_3D('',#9088,#6652,#6653);
#6058=AXIS2_PLACEMENT_3D('',#9090,#6655,#6656);
#6059=AXIS2_PLACEMENT_3D('',#9091,#6657,#6658);
#6060=AXIS2_PLACEMENT_3D('',#9092,#6659,#6660);
#6061=AXIS2_PLACEMENT_3D('',#9094,#6661,#6662);
#6062=AXIS2_PLACEMENT_3D('',#9097,#6664,#6665);
#6063=AXIS2_PLACEMENT_3D('',#9099,#6667,#6668);
#6064=AXIS2_PLACEMENT_3D('',#9100,#6669,#6670);
#6065=AXIS2_PLACEMENT_3D('',#9101,#6671,#6672);
#6066=AXIS2_PLACEMENT_3D('',#9102,#6673,#6674);
#6067=AXIS2_PLACEMENT_3D('',#9103,#6675,#6676);
#6068=AXIS2_PLACEMENT_3D('',#9106,#6678,#6679);
#6069=AXIS2_PLACEMENT_3D('',#9107,#6680,#6681);
#6070=AXIS2_PLACEMENT_3D('',#9111,#6684,#6685);
#6071=AXIS2_PLACEMENT_3D('',#9114,#6687,#6688);
#6072=AXIS2_PLACEMENT_3D('',#9115,#6689,#6690);
#6073=AXIS2_PLACEMENT_3D('',#9119,#6693,#6694);
#6074=AXIS2_PLACEMENT_3D('',#9121,#6695,#6696);
#6075=AXIS2_PLACEMENT_3D('',#9124,#6698,#6699);
#6076=AXIS2_PLACEMENT_3D('',#9125,#6700,#6701);
#6077=AXIS2_PLACEMENT_3D('',#9127,#6703,#6704);
#6078=AXIS2_PLACEMENT_3D('',#9128,#6705,#6706);
#6079=AXIS2_PLACEMENT_3D('',#9130,#6708,#6709);
#6080=AXIS2_PLACEMENT_3D('',#9133,#6711,#6712);
#6081=AXIS2_PLACEMENT_3D('',#9134,#6713,#6714);
#6082=AXIS2_PLACEMENT_3D('',#9137,#6716,#6717);
#6083=AXIS2_PLACEMENT_3D('',#9138,#6718,#6719);
#6084=AXIS2_PLACEMENT_3D('',#9141,#6721,#6722);
#6085=AXIS2_PLACEMENT_3D('',#9142,#6723,#6724);
#6086=AXIS2_PLACEMENT_3D('',#9145,#6726,#6727);
#6087=AXIS2_PLACEMENT_3D('',#9146,#6728,#6729);
#6088=AXIS2_PLACEMENT_3D('',#9149,#6731,#6732);
#6089=AXIS2_PLACEMENT_3D('',#9150,#6733,#6734);
#6090=AXIS2_PLACEMENT_3D('',#9153,#6736,#6737);
#6091=AXIS2_PLACEMENT_3D('',#9154,#6738,#6739);
#6092=AXIS2_PLACEMENT_3D('',#9157,#6741,#6742);
#6093=AXIS2_PLACEMENT_3D('',#9158,#6743,#6744);
#6094=AXIS2_PLACEMENT_3D('',#9161,#6746,#6747);
#6095=AXIS2_PLACEMENT_3D('',#9162,#6748,#6749);
#6096=AXIS2_PLACEMENT_3D('',#9168,#6753,#6754);
#6097=AXIS2_PLACEMENT_3D('',#9172,#6757,#6758);
#6098=AXIS2_PLACEMENT_3D('',#9176,#6761,#6762);
#6099=AXIS2_PLACEMENT_3D('',#9178,#6764,#6765);
#6100=AXIS2_PLACEMENT_3D('',#9179,#6766,#6767);
#6101=AXIS2_PLACEMENT_3D('',#9180,#6768,#6769);
#6102=AXIS2_PLACEMENT_3D('',#9183,#6770,#6771);
#6103=AXIS2_PLACEMENT_3D('',#9187,#6773,#6774);
#6104=AXIS2_PLACEMENT_3D('',#9189,#6776,#6777);
#6105=AXIS2_PLACEMENT_3D('',#9192,#6778,#6779);
#6106=AXIS2_PLACEMENT_3D('',#9195,#6781,#6782);
#6107=AXIS2_PLACEMENT_3D('',#9197,#6784,#6785);
#6108=AXIS2_PLACEMENT_3D('',#9198,#6786,#6787);
#6109=AXIS2_PLACEMENT_3D('',#9199,#6788,#6789);
#6110=AXIS2_PLACEMENT_3D('',#9202,#6790,#6791);
#6111=AXIS2_PLACEMENT_3D('',#9205,#6793,#6794);
#6112=AXIS2_PLACEMENT_3D('',#9207,#6796,#6797);
#6113=AXIS2_PLACEMENT_3D('',#9208,#6798,#6799);
#6114=AXIS2_PLACEMENT_3D('',#9209,#6800,#6801);
#6115=AXIS2_PLACEMENT_3D('',#9211,#6802,#6803);
#6116=AXIS2_PLACEMENT_3D('',#9214,#6805,#6806);
#6117=AXIS2_PLACEMENT_3D('',#9216,#6808,#6809);
#6118=AXIS2_PLACEMENT_3D('',#9217,#6810,#6811);
#6119=AXIS2_PLACEMENT_3D('',#9218,#6812,#6813);
#6120=AXIS2_PLACEMENT_3D('',#9219,#6814,#6815);
#6121=AXIS2_PLACEMENT_3D('',#9220,#6816,#6817);
#6122=AXIS2_PLACEMENT_3D('',#9224,#6819,#6820);
#6123=AXIS2_PLACEMENT_3D('',#9226,#6822,#6823);
#6124=AXIS2_PLACEMENT_3D('',#9230,#6826,#6827);
#6125=AXIS2_PLACEMENT_3D('',#9233,#6829,#6830);
#6126=AXIS2_PLACEMENT_3D('',#9234,#6831,#6832);
#6127=AXIS2_PLACEMENT_3D('',#9238,#6835,#6836);
#6128=AXIS2_PLACEMENT_3D('',#9240,#6837,#6838);
#6129=AXIS2_PLACEMENT_3D('',#9244,#6840,#6841);
#6130=AXIS2_PLACEMENT_3D('',#9246,#6843,#6844);
#6131=AXIS2_PLACEMENT_3D('',#9248,#6846,#6847);
#6132=AXIS2_PLACEMENT_3D('',#9250,#6849,#6850);
#6133=AXIS2_PLACEMENT_3D('',#9252,#6852,#6853);
#6134=AXIS2_PLACEMENT_3D('',#9254,#6854,#6855);
#6135=AXIS2_PLACEMENT_3D('',#9257,#6857,#6858);
#6136=AXIS2_PLACEMENT_3D('',#9258,#6859,#6860);
#6137=AXIS2_PLACEMENT_3D('',#9259,#6861,#6862);
#6138=AXIS2_PLACEMENT_3D('',#9261,#6863,#6864);
#6139=AXIS2_PLACEMENT_3D('',#9264,#6866,#6867);
#6140=AXIS2_PLACEMENT_3D('',#9265,#6868,#6869);
#6141=AXIS2_PLACEMENT_3D('',#9266,#6870,#6871);
#6142=AXIS2_PLACEMENT_3D('',#9268,#6872,#6873);
#6143=AXIS2_PLACEMENT_3D('',#9271,#6875,#6876);
#6144=AXIS2_PLACEMENT_3D('',#9272,#6877,#6878);
#6145=AXIS2_PLACEMENT_3D('',#9273,#6879,#6880);
#6146=AXIS2_PLACEMENT_3D('',#9275,#6881,#6882);
#6147=AXIS2_PLACEMENT_3D('',#9278,#6884,#6885);
#6148=AXIS2_PLACEMENT_3D('',#9279,#6886,#6887);
#6149=AXIS2_PLACEMENT_3D('',#9280,#6888,#6889);
#6150=AXIS2_PLACEMENT_3D('',#9286,#6893,#6894);
#6151=AXIS2_PLACEMENT_3D('',#9290,#6897,#6898);
#6152=AXIS2_PLACEMENT_3D('',#9294,#6901,#6902);
#6153=AXIS2_PLACEMENT_3D('',#9296,#6904,#6905);
#6154=AXIS2_PLACEMENT_3D('',#9297,#6906,#6907);
#6155=AXIS2_PLACEMENT_3D('',#9298,#6908,#6909);
#6156=AXIS2_PLACEMENT_3D('',#9325,#6912,#6913);
#6157=AXIS2_PLACEMENT_3D('',#9327,#6914,#6915);
#6158=AXIS2_PLACEMENT_3D('',#9331,#6917,#6918);
#6159=AXIS2_PLACEMENT_3D('',#9333,#6920,#6921);
#6160=AXIS2_PLACEMENT_3D('',#9335,#6922,#6923);
#6161=AXIS2_PLACEMENT_3D('',#9349,#6931,#6932);
#6162=AXIS2_PLACEMENT_3D('',#9351,#6933,#6934);
#6163=AXIS2_PLACEMENT_3D('',#9353,#6936,#6937);
#6164=AXIS2_PLACEMENT_3D('',#9355,#6938,#6939);
#6165=AXIS2_PLACEMENT_3D('',#9357,#6941,#6942);
#6166=AXIS2_PLACEMENT_3D('',#9361,#6944,#6945);
#6167=AXIS2_PLACEMENT_3D('',#9363,#6947,#6948);
#6168=AXIS2_PLACEMENT_3D('',#9369,#6952,#6953);
#6169=AXIS2_PLACEMENT_3D('',#9378,#6958,#6959);
#6170=AXIS2_PLACEMENT_3D('',#9384,#6963,#6964);
#6171=AXIS2_PLACEMENT_3D('',#9390,#6968,#6969);
#6172=AXIS2_PLACEMENT_3D('',#9396,#6973,#6974);
#6173=AXIS2_PLACEMENT_3D('',#9402,#6978,#6979);
#6174=AXIS2_PLACEMENT_3D('',#9408,#6983,#6984);
#6175=AXIS2_PLACEMENT_3D('',#9414,#6988,#6989);
#6176=AXIS2_PLACEMENT_3D('',#9417,#6992,#6993);
#6177=AXIS2_PLACEMENT_3D('',#9418,#6994,#6995);
#6178=AXIS2_PLACEMENT_3D('',#9427,#7000,#7001);
#6179=AXIS2_PLACEMENT_3D('',#9433,#7005,#7006);
#6180=AXIS2_PLACEMENT_3D('',#9439,#7010,#7011);
#6181=AXIS2_PLACEMENT_3D('',#9445,#7015,#7016);
#6182=AXIS2_PLACEMENT_3D('',#9451,#7020,#7021);
#6183=AXIS2_PLACEMENT_3D('',#9457,#7025,#7026);
#6184=AXIS2_PLACEMENT_3D('',#9463,#7030,#7031);
#6185=AXIS2_PLACEMENT_3D('',#9469,#7035,#7036);
#6186=AXIS2_PLACEMENT_3D('',#9475,#7040,#7041);
#6187=AXIS2_PLACEMENT_3D('',#9481,#7045,#7046);
#6188=AXIS2_PLACEMENT_3D('',#9487,#7050,#7051);
#6189=AXIS2_PLACEMENT_3D('',#9490,#7054,#7055);
#6190=AXIS2_PLACEMENT_3D('',#9540,#7059,#7060);
#6191=AXIS2_PLACEMENT_3D('',#9546,#7064,#7065);
#6192=AXIS2_PLACEMENT_3D('',#9552,#7069,#7070);
#6193=AXIS2_PLACEMENT_3D('',#9555,#7073,#7074);
#6194=AXIS2_PLACEMENT_3D('',#9564,#7079,#7080);
#6195=AXIS2_PLACEMENT_3D('',#9570,#7084,#7085);
#6196=AXIS2_PLACEMENT_3D('',#9576,#7089,#7090);
#6197=AXIS2_PLACEMENT_3D('',#9582,#7094,#7095);
#6198=AXIS2_PLACEMENT_3D('',#9588,#7099,#7100);
#6199=AXIS2_PLACEMENT_3D('',#9594,#7104,#7105);
#6200=AXIS2_PLACEMENT_3D('',#9600,#7109,#7110);
#6201=AXIS2_PLACEMENT_3D('',#9603,#7113,#7114);
#6202=AXIS2_PLACEMENT_3D('',#9929,#7130,#7131);
#6203=AXIS2_PLACEMENT_3D('',#10349,#7153,#7154);
#6204=AXIS2_PLACEMENT_3D('',#10375,#7158,#7159);
#6205=AXIS2_PLACEMENT_3D('',#10586,#7170,#7171);
#6206=AXIS2_PLACEMENT_3D('',#10822,#7185,#7186);
#6207=AXIS2_PLACEMENT_3D('',#10848,#7190,#7191);
#6208=AXIS2_PLACEMENT_3D('',#10849,#7192,#7193);
#6209=AXIS2_PLACEMENT_3D('',#10858,#7198,#7199);
#6210=AXIS2_PLACEMENT_3D('',#10864,#7203,#7204);
#6211=AXIS2_PLACEMENT_3D('',#10870,#7208,#7209);
#6212=AXIS2_PLACEMENT_3D('',#10873,#7212,#7213);
#6213=AXIS2_PLACEMENT_3D('',#10874,#7214,#7215);
#6214=AXIS2_PLACEMENT_3D('',#10883,#7220,#7221);
#6215=AXIS2_PLACEMENT_3D('',#10889,#7225,#7226);
#6216=AXIS2_PLACEMENT_3D('',#10895,#7230,#7231);
#6217=AXIS2_PLACEMENT_3D('',#10898,#7234,#7235);
#6218=AXIS2_PLACEMENT_3D('',#10899,#7236,#7237);
#6219=AXIS2_PLACEMENT_3D('',#10909,#7242,#7243);
#6220=AXIS2_PLACEMENT_3D('',#10911,#7244,#7245);
#6221=AXIS2_PLACEMENT_3D('',#10913,#7246,#7247);
#6222=AXIS2_PLACEMENT_3D('',#10915,#7248,#7249);
#6223=AXIS2_PLACEMENT_3D('',#10917,#7250,#7251);
#6224=AXIS2_PLACEMENT_3D('',#10919,#7252,#7253);
#6225=AXIS2_PLACEMENT_3D('',#10921,#7254,#7255);
#6226=AXIS2_PLACEMENT_3D('',#10923,#7256,#7257);
#6227=AXIS2_PLACEMENT_3D('',#10924,#7258,#7259);
#6228=AXIS2_PLACEMENT_3D('',#10926,#7260,#7261);
#6229=AXIS2_PLACEMENT_3D('',#10927,#7262,#7263);
#6230=AXIS2_PLACEMENT_3D('',#10929,#7265,#7266);
#6231=AXIS2_PLACEMENT_3D('',#10930,#7267,#7268);
#6232=AXIS2_PLACEMENT_3D('',#10931,#7269,#7270);
#6233=AXIS2_PLACEMENT_3D('',#10934,#7272,#7273);
#6234=AXIS2_PLACEMENT_3D('',#10936,#7275,#7276);
#6235=AXIS2_PLACEMENT_3D('',#10937,#7277,#7278);
#6236=AXIS2_PLACEMENT_3D('',#10938,#7279,#7280);
#6237=AXIS2_PLACEMENT_3D('',#10941,#7282,#7283);
#6238=AXIS2_PLACEMENT_3D('',#10942,#7284,#7285);
#6239=AXIS2_PLACEMENT_3D('',#10946,#7288,#7289);
#6240=AXIS2_PLACEMENT_3D('',#10949,#7291,#7292);
#6241=AXIS2_PLACEMENT_3D('',#10950,#7293,#7294);
#6242=AXIS2_PLACEMENT_3D('',#10952,#7296,#7297);
#6243=AXIS2_PLACEMENT_3D('',#10955,#7299,#7300);
#6244=AXIS2_PLACEMENT_3D('',#10956,#7301,#7302);
#6245=AXIS2_PLACEMENT_3D('',#10957,#7303,#7304);
#6246=AXIS2_PLACEMENT_3D('',#10959,#7306,#7307);
#6247=AXIS2_PLACEMENT_3D('',#10962,#7309,#7310);
#6248=AXIS2_PLACEMENT_3D('',#10963,#7311,#7312);
#6249=AXIS2_PLACEMENT_3D('',#10966,#7314,#7315);
#6250=AXIS2_PLACEMENT_3D('',#10967,#7316,#7317);
#6251=AXIS2_PLACEMENT_3D('',#10970,#7319,#7320);
#6252=AXIS2_PLACEMENT_3D('',#10971,#7321,#7322);
#6253=AXIS2_PLACEMENT_3D('',#10974,#7324,#7325);
#6254=AXIS2_PLACEMENT_3D('',#10975,#7326,#7327);
#6255=AXIS2_PLACEMENT_3D('',#10978,#7329,#7330);
#6256=AXIS2_PLACEMENT_3D('',#10979,#7331,#7332);
#6257=AXIS2_PLACEMENT_3D('',#10982,#7334,#7335);
#6258=AXIS2_PLACEMENT_3D('',#10983,#7336,#7337);
#6259=AXIS2_PLACEMENT_3D('',#10986,#7339,#7340);
#6260=AXIS2_PLACEMENT_3D('',#10987,#7341,#7342);
#6261=AXIS2_PLACEMENT_3D('',#10990,#7344,#7345);
#6262=AXIS2_PLACEMENT_3D('',#10991,#7346,#7347);
#6263=AXIS2_PLACEMENT_3D('',#10997,#7351,#7352);
#6264=AXIS2_PLACEMENT_3D('',#10999,#7354,#7355);
#6265=AXIS2_PLACEMENT_3D('',#11001,#7357,#7358);
#6266=AXIS2_PLACEMENT_3D('',#11002,#7359,#7360);
#6267=AXIS2_PLACEMENT_3D('',#11003,#7361,#7362);
#6268=AXIS2_PLACEMENT_3D('',#11030,#7365,#7366);
#6269=AXIS2_PLACEMENT_3D('',#11032,#7367,#7368);
#6270=AXIS2_PLACEMENT_3D('',#11036,#7370,#7371);
#6271=AXIS2_PLACEMENT_3D('',#11038,#7373,#7374);
#6272=AXIS2_PLACEMENT_3D('',#11040,#7375,#7376);
#6273=AXIS2_PLACEMENT_3D('',#11054,#7384,#7385);
#6274=AXIS2_PLACEMENT_3D('',#11059,#7388,#7389);
#6275=AXIS2_PLACEMENT_3D('',#11060,#7390,#7391);
#6276=AXIS2_PLACEMENT_3D('',#11064,#7393,#7394);
#6277=AXIS2_PLACEMENT_3D('',#11066,#7396,#7397);
#6278=AXIS2_PLACEMENT_3D('',#11072,#7401,#7402);
#6279=AXIS2_PLACEMENT_3D('',#11076,#7404,#7405);
#6280=AXIS2_PLACEMENT_3D('',#11078,#7407,#7408);
#6281=AXIS2_PLACEMENT_3D('',#11084,#7412,#7413);
#6282=AXIS2_PLACEMENT_3D('',#11087,#7415,#7416);
#6283=AXIS2_PLACEMENT_3D('',#11088,#7417,#7418);
#6284=AXIS2_PLACEMENT_3D('',#11092,#7421,#7422);
#6285=AXIS2_PLACEMENT_3D('',#11098,#7426,#7427);
#6286=AXIS2_PLACEMENT_3D('',#11100,#7428,#7429);
#6287=AXIS2_PLACEMENT_3D('',#11102,#7431,#7432);
#6288=AXIS2_PLACEMENT_3D('',#11104,#7433,#7434);
#6289=AXIS2_PLACEMENT_3D('',#11107,#7436,#7437);
#6290=AXIS2_PLACEMENT_3D('',#11109,#7439,#7440);
#6291=AXIS2_PLACEMENT_3D('',#11110,#7441,#7442);
#6292=AXIS2_PLACEMENT_3D('',#11111,#7443,#7444);
#6293=AXIS2_PLACEMENT_3D('',#11112,#7445,#7446);
#6294=AXIS2_PLACEMENT_3D('',#11113,#7447,#7448);
#6295=AXIS2_PLACEMENT_3D('',#11115,#7449,#7450);
#6296=AXIS2_PLACEMENT_3D('',#11117,#7452,#7453);
#6297=AXIS2_PLACEMENT_3D('',#11119,#7455,#7456);
#6298=AXIS2_PLACEMENT_3D('',#11123,#7458,#7459);
#6299=AXIS2_PLACEMENT_3D('',#11125,#7461,#7462);
#6300=AXIS2_PLACEMENT_3D('',#11127,#7464,#7465);
#6301=AXIS2_PLACEMENT_3D('',#11129,#7467,#7468);
#6302=AXIS2_PLACEMENT_3D('',#11131,#7469,#7470);
#6303=AXIS2_PLACEMENT_3D('',#11134,#7472,#7473);
#6304=AXIS2_PLACEMENT_3D('',#11135,#7474,#7475);
#6305=AXIS2_PLACEMENT_3D('',#11136,#7476,#7477);
#6306=AXIS2_PLACEMENT_3D('',#11138,#7478,#7479);
#6307=AXIS2_PLACEMENT_3D('',#11141,#7481,#7482);
#6308=AXIS2_PLACEMENT_3D('',#11142,#7483,#7484);
#6309=AXIS2_PLACEMENT_3D('',#11143,#7485,#7486);
#6310=AXIS2_PLACEMENT_3D('',#11145,#7487,#7488);
#6311=AXIS2_PLACEMENT_3D('',#11148,#7490,#7491);
#6312=AXIS2_PLACEMENT_3D('',#11149,#7492,#7493);
#6313=AXIS2_PLACEMENT_3D('',#11150,#7494,#7495);
#6314=AXIS2_PLACEMENT_3D('',#11152,#7496,#7497);
#6315=AXIS2_PLACEMENT_3D('',#11155,#7499,#7500);
#6316=AXIS2_PLACEMENT_3D('',#11156,#7501,#7502);
#6317=AXIS2_PLACEMENT_3D('',#11157,#7503,#7504);
#6318=AXIS2_PLACEMENT_3D('',#11159,#7506,#7507);
#6319=AXIS2_PLACEMENT_3D('',#11160,#7508,#7509);
#6320=DIRECTION('axis',(0.,0.,1.));
#6321=DIRECTION('refdir',(1.,0.,0.));
#6322=DIRECTION('center_axis',(-1.,0.,0.));
#6323=DIRECTION('ref_axis',(0.,0.,-1.));
#6324=DIRECTION('',(0.,0.,-1.));
#6325=DIRECTION('',(0.,-1.,0.));
#6326=DIRECTION('',(0.,0.,-1.));
#6327=DIRECTION('',(0.,-1.,0.));
#6328=DIRECTION('center_axis',(0.,0.,-1.));
#6329=DIRECTION('ref_axis',(1.,0.,0.));
#6330=DIRECTION('',(1.,0.,0.));
#6331=DIRECTION('',(0.,-1.,0.));
#6332=DIRECTION('',(1.,0.,0.));
#6333=DIRECTION('center_axis',(-1.,0.,0.));
#6334=DIRECTION('ref_axis',(0.,0.,-1.));
#6335=DIRECTION('',(0.,0.,-1.));
#6336=DIRECTION('',(0.,-1.,0.));
#6337=DIRECTION('',(0.,0.,-1.));
#6338=DIRECTION('center_axis',(0.,0.,1.));
#6339=DIRECTION('ref_axis',(-1.,0.,0.));
#6340=DIRECTION('',(-1.,0.,0.));
#6341=DIRECTION('',(0.,-1.,0.));
#6342=DIRECTION('',(-1.,0.,0.));
#6343=DIRECTION('center_axis',(1.,0.,0.));
#6344=DIRECTION('ref_axis',(0.,0.,1.));
#6345=DIRECTION('',(0.,0.,1.));
#6346=DIRECTION('',(0.,-1.,0.));
#6347=DIRECTION('',(0.,0.,1.));
#6348=DIRECTION('center_axis',(0.,0.,-1.));
#6349=DIRECTION('ref_axis',(1.,0.,0.));
#6350=DIRECTION('',(1.,0.,0.));
#6351=DIRECTION('',(0.,-1.,0.));
#6352=DIRECTION('',(1.,0.,0.));
#6353=DIRECTION('center_axis',(1.,0.,0.));
#6354=DIRECTION('ref_axis',(0.,0.,1.));
#6355=DIRECTION('',(0.,0.,1.));
#6356=DIRECTION('',(0.,-1.,0.));
#6357=DIRECTION('',(0.,0.,1.));
#6358=DIRECTION('center_axis',(0.,0.,-1.));
#6359=DIRECTION('ref_axis',(1.,0.,0.));
#6360=DIRECTION('',(1.,0.,0.));
#6361=DIRECTION('',(1.,0.,0.));
#6362=DIRECTION('center_axis',(0.,-1.,0.));
#6363=DIRECTION('ref_axis',(0.,0.,-1.));
#6364=DIRECTION('center_axis',(-1.,0.,0.));
#6365=DIRECTION('ref_axis',(0.,0.,-1.));
#6366=DIRECTION('',(0.,0.,-1.));
#6367=DIRECTION('',(0.,-1.,0.));
#6368=DIRECTION('',(0.,0.,-1.));
#6369=DIRECTION('',(0.,-1.,0.));
#6370=DIRECTION('center_axis',(0.,0.,1.));
#6371=DIRECTION('ref_axis',(-1.,0.,0.));
#6372=DIRECTION('',(-1.,0.,0.));
#6373=DIRECTION('',(0.,-1.,0.));
#6374=DIRECTION('',(-1.,0.,0.));
#6375=DIRECTION('center_axis',(-1.,0.,0.));
#6376=DIRECTION('ref_axis',(0.,0.,-1.));
#6377=DIRECTION('',(0.,0.,-1.));
#6378=DIRECTION('',(0.,-1.,0.));
#6379=DIRECTION('',(0.,0.,-1.));
#6380=DIRECTION('center_axis',(0.,0.,-1.));
#6381=DIRECTION('ref_axis',(1.,0.,0.));
#6382=DIRECTION('',(1.,0.,0.));
#6383=DIRECTION('',(0.,-1.,0.));
#6384=DIRECTION('',(1.,0.,0.));
#6385=DIRECTION('center_axis',(-1.,0.,0.));
#6386=DIRECTION('ref_axis',(0.,0.,-1.));
#6387=DIRECTION('',(0.,0.,-1.));
#6388=DIRECTION('',(0.,-1.,0.));
#6389=DIRECTION('',(0.,0.,-1.));
#6390=DIRECTION('center_axis',(0.,0.,1.));
#6391=DIRECTION('ref_axis',(-1.,0.,0.));
#6392=DIRECTION('',(-1.,0.,0.));
#6393=DIRECTION('',(0.,-1.,0.));
#6394=DIRECTION('',(-1.,0.,0.));
#6395=DIRECTION('center_axis',(-1.,0.,0.));
#6396=DIRECTION('ref_axis',(0.,0.,-1.));
#6397=DIRECTION('',(0.,0.,-1.));
#6398=DIRECTION('',(0.,-1.,0.));
#6399=DIRECTION('',(0.,0.,-1.));
#6400=DIRECTION('center_axis',(0.,0.,-1.));
#6401=DIRECTION('ref_axis',(1.,0.,0.));
#6402=DIRECTION('',(1.,0.,0.));
#6403=DIRECTION('',(0.,-1.,0.));
#6404=DIRECTION('',(1.,0.,0.));
#6405=DIRECTION('center_axis',(-1.,0.,0.));
#6406=DIRECTION('ref_axis',(0.,0.,-1.));
#6407=DIRECTION('',(0.,0.,-1.));
#6408=DIRECTION('',(0.,-1.,0.));
#6409=DIRECTION('',(0.,0.,-1.));
#6410=DIRECTION('center_axis',(0.,0.,1.));
#6411=DIRECTION('ref_axis',(-1.,0.,0.));
#6412=DIRECTION('',(-1.,0.,0.));
#6413=DIRECTION('',(0.,-1.,0.));
#6414=DIRECTION('',(-1.,0.,0.));
#6415=DIRECTION('center_axis',(1.,0.,0.));
#6416=DIRECTION('ref_axis',(0.,0.,1.));
#6417=DIRECTION('',(0.,0.,1.));
#6418=DIRECTION('',(0.,-1.,0.));
#6419=DIRECTION('',(0.,0.,1.));
#6420=DIRECTION('center_axis',(0.,0.,-1.));
#6421=DIRECTION('ref_axis',(1.,0.,0.));
#6422=DIRECTION('',(1.,0.,0.));
#6423=DIRECTION('',(1.,0.,0.));
#6424=DIRECTION('center_axis',(0.,-1.,0.));
#6425=DIRECTION('ref_axis',(0.,0.,-1.));
#6426=DIRECTION('',(0.,-1.,0.));
#6427=DIRECTION('',(0.,-1.,0.));
#6428=DIRECTION('',(0.,-1.,0.));
#6429=DIRECTION('center_axis',(0.935759714934362,0.,-0.352638279127438));
#6430=DIRECTION('ref_axis',(0.352638279127438,0.,0.935759714934362));
#6431=DIRECTION('',(0.352638279127438,0.,0.935759714934362));
#6432=DIRECTION('',(0.,-1.,0.));
#6433=DIRECTION('',(0.352638279127438,0.,0.935759714934362));
#6434=DIRECTION('center_axis',(0.,0.,1.));
#6435=DIRECTION('ref_axis',(-1.,0.,0.));
#6436=DIRECTION('',(-1.,0.,0.));
#6437=DIRECTION('',(0.,-1.,0.));
#6438=DIRECTION('',(-1.,0.,0.));
#6439=DIRECTION('center_axis',(-0.936508216374433,0.,-0.350645634028398));
#6440=DIRECTION('ref_axis',(0.350645634028398,0.,-0.936508216374433));
#6441=DIRECTION('',(0.350645634028398,0.,-0.936508216374433));
#6442=DIRECTION('',(0.350645634028398,0.,-0.936508216374433));
#6443=DIRECTION('center_axis',(-0.940102070334228,0.,-0.340893087863774));
#6444=DIRECTION('ref_axis',(0.340893087863774,0.,-0.940102070334228));
#6445=DIRECTION('',(0.340893087863774,0.,-0.940102070334228));
#6446=DIRECTION('',(0.,-1.,0.));
#6447=DIRECTION('',(0.340893087863774,0.,-0.940102070334228));
#6448=DIRECTION('',(0.,-1.,0.));
#6449=DIRECTION('center_axis',(0.,0.,-1.));
#6450=DIRECTION('ref_axis',(1.,0.,0.));
#6451=DIRECTION('',(1.,0.,0.));
#6452=DIRECTION('',(0.,-1.,0.));
#6453=DIRECTION('',(1.,0.,0.));
#6454=DIRECTION('center_axis',(0.933183063008595,0.,-0.359401406388313));
#6455=DIRECTION('ref_axis',(0.359401406388313,0.,0.933183063008595));
#6456=DIRECTION('',(0.359401406388313,0.,0.933183063008595));
#6457=DIRECTION('',(0.,-1.,0.));
#6458=DIRECTION('',(0.359401406388313,0.,0.933183063008595));
#6459=DIRECTION('center_axis',(0.,0.,-1.));
#6460=DIRECTION('ref_axis',(1.,0.,0.));
#6461=DIRECTION('',(1.,0.,0.));
#6462=DIRECTION('',(0.,-1.,0.));
#6463=DIRECTION('',(1.,0.,0.));
#6464=DIRECTION('center_axis',(-0.92548660185479,0.,0.378780345038221));
#6465=DIRECTION('ref_axis',(-0.378780345038221,0.,-0.92548660185479));
#6466=DIRECTION('',(-0.378780345038221,0.,-0.92548660185479));
#6467=DIRECTION('',(0.,-1.,0.));
#6468=DIRECTION('',(-0.378780345038221,0.,-0.92548660185479));
#6469=DIRECTION('center_axis',(0.,0.,1.));
#6470=DIRECTION('ref_axis',(-1.,0.,0.));
#6471=DIRECTION('',(-1.,0.,0.));
#6472=DIRECTION('',(0.,-1.,0.));
#6473=DIRECTION('',(-1.,0.,0.));
#6474=DIRECTION('center_axis',(0.933526090988962,0.,0.358509466322535));
#6475=DIRECTION('ref_axis',(-0.358509466322535,0.,0.933526090988962));
#6476=DIRECTION('',(-0.358509466322535,0.,0.933526090988962));
#6477=DIRECTION('',(0.,-1.,0.));
#6478=DIRECTION('',(-0.358509466322535,0.,0.933526090988962));
#6479=DIRECTION('center_axis',(0.,0.,-1.));
#6480=DIRECTION('ref_axis',(1.,0.,0.));
#6481=DIRECTION('',(1.,0.,0.));
#6482=DIRECTION('',(1.,0.,0.));
#6483=DIRECTION('center_axis',(0.,1.,0.));
#6484=DIRECTION('ref_axis',(-1.,0.,0.));
#6485=DIRECTION('',(0.,-1.,0.));
#6486=DIRECTION('',(0.,-1.,0.));
#6487=DIRECTION('',(0.,-1.,0.));
#6488=DIRECTION('',(0.,-1.,0.));
#6489=DIRECTION('',(0.,-1.,0.));
#6490=DIRECTION('',(0.,-1.,0.));
#6491=DIRECTION('',(0.,-1.,0.));
#6492=DIRECTION('',(0.,-1.,0.));
#6493=DIRECTION('',(0.,-1.,0.));
#6494=DIRECTION('',(0.,-1.,0.));
#6495=DIRECTION('',(0.,-1.,0.));
#6496=DIRECTION('',(0.,-1.,0.));
#6497=DIRECTION('',(0.,-1.,0.));
#6498=DIRECTION('',(0.,-1.,0.));
#6499=DIRECTION('',(0.,-1.,0.));
#6500=DIRECTION('center_axis',(-0.0750569659329903,0.,-0.997179247610445));
#6501=DIRECTION('ref_axis',(0.997179247610445,0.,-0.0750569659329903));
#6502=DIRECTION('',(0.997179247610445,0.,-0.0750569659329903));
#6503=DIRECTION('',(0.,-1.,0.));
#6504=DIRECTION('',(0.997179247610445,0.,-0.0750569659329903));
#6505=DIRECTION('',(0.,-1.,0.));
#6506=DIRECTION('',(0.,-1.,0.));
#6507=DIRECTION('',(0.,-1.,0.));
#6508=DIRECTION('',(0.,-1.,0.));
#6509=DIRECTION('',(0.,-1.,0.));
#6510=DIRECTION('',(0.,-1.,0.));
#6511=DIRECTION('',(0.,-1.,0.));
#6512=DIRECTION('',(0.,-1.,0.));
#6513=DIRECTION('',(0.,-1.,0.));
#6514=DIRECTION('',(0.,-1.,0.));
#6515=DIRECTION('',(0.,-1.,0.));
#6516=DIRECTION('',(0.,-1.,0.));
#6517=DIRECTION('',(0.,-1.,0.));
#6518=DIRECTION('',(0.,-1.,0.));
#6519=DIRECTION('',(0.,-1.,0.));
#6520=DIRECTION('',(0.,-1.,0.));
#6521=DIRECTION('',(0.,-1.,0.));
#6522=DIRECTION('',(0.,-1.,0.));
#6523=DIRECTION('center_axis',(0.0870996580025376,0.,0.996199603280307));
#6524=DIRECTION('ref_axis',(-0.996199603280307,0.,0.0870996580025376));
#6525=DIRECTION('',(-0.996199603280307,0.,0.0870996580025376));
#6526=DIRECTION('',(0.,-1.,0.));
#6527=DIRECTION('',(-0.996199603280307,0.,0.0870996580025376));
#6528=DIRECTION('center_axis',(0.,1.,0.));
#6529=DIRECTION('ref_axis',(-1.,0.,0.));
#6530=DIRECTION('',(0.,-1.,0.));
#6531=DIRECTION('',(0.,-1.,0.));
#6532=DIRECTION('',(0.,-1.,0.));
#6533=DIRECTION('',(0.,-1.,0.));
#6534=DIRECTION('',(0.,-1.,0.));
#6535=DIRECTION('',(0.,-1.,0.));
#6536=DIRECTION('',(0.,-1.,0.));
#6537=DIRECTION('',(0.,-1.,0.));
#6538=DIRECTION('',(0.,-1.,0.));
#6539=DIRECTION('',(0.,-1.,0.));
#6540=DIRECTION('center_axis',(-0.229322766698026,0.,-0.973350434670866));
#6541=DIRECTION('ref_axis',(0.973350434670865,0.,-0.229322766698026));
#6542=DIRECTION('',(0.973350434670865,0.,-0.229322766698026));
#6543=DIRECTION('',(0.,-1.,0.));
#6544=DIRECTION('',(0.973350434670865,0.,-0.229322766698026));
#6545=DIRECTION('',(0.,-1.,0.));
#6546=DIRECTION('',(0.,-1.,0.));
#6547=DIRECTION('',(0.,-1.,0.));
#6548=DIRECTION('',(0.,-1.,0.));
#6549=DIRECTION('',(0.,-1.,0.));
#6550=DIRECTION('',(0.,-1.,0.));
#6551=DIRECTION('',(0.,-1.,0.));
#6552=DIRECTION('',(0.,-1.,0.));
#6553=DIRECTION('',(0.,-1.,0.));
#6554=DIRECTION('',(0.,-1.,0.));
#6555=DIRECTION('center_axis',(-0.244885487963825,0.,0.969552008808563));
#6556=DIRECTION('ref_axis',(-0.969552008808563,0.,-0.244885487963825));
#6557=DIRECTION('',(-0.969552008808563,0.,-0.244885487963825));
#6558=DIRECTION('',(0.,-1.,0.));
#6559=DIRECTION('',(-0.969552008808563,0.,-0.244885487963825));
#6560=DIRECTION('center_axis',(0.,1.,0.));
#6561=DIRECTION('ref_axis',(-1.,0.,0.));
#6562=DIRECTION('center_axis',(-1.,0.,0.));
#6563=DIRECTION('ref_axis',(0.,0.,-1.));
#6564=DIRECTION('',(0.,0.,-1.));
#6565=DIRECTION('',(0.,-1.,0.));
#6566=DIRECTION('',(0.,0.,-1.));
#6567=DIRECTION('',(0.,-1.,0.));
#6568=DIRECTION('center_axis',(0.,0.,1.));
#6569=DIRECTION('ref_axis',(-1.,0.,0.));
#6570=DIRECTION('',(-1.,0.,0.));
#6571=DIRECTION('',(0.,-1.,0.));
#6572=DIRECTION('',(-1.,0.,0.));
#6573=DIRECTION('center_axis',(1.,0.,0.));
#6574=DIRECTION('ref_axis',(0.,0.,1.));
#6575=DIRECTION('',(0.,0.,1.));
#6576=DIRECTION('',(0.,-1.,0.));
#6577=DIRECTION('',(0.,0.,1.));
#6578=DIRECTION('center_axis',(0.,0.,-1.));
#6579=DIRECTION('ref_axis',(1.,0.,0.));
#6580=DIRECTION('',(1.,0.,0.));
#6581=DIRECTION('',(1.,0.,0.));
#6582=DIRECTION('center_axis',(0.,-1.,0.));
#6583=DIRECTION('ref_axis',(0.,0.,-1.));
#6584=DIRECTION('center_axis',(-1.,0.,0.));
#6585=DIRECTION('ref_axis',(0.,0.,-1.));
#6586=DIRECTION('',(0.,0.,-1.));
#6587=DIRECTION('',(0.,-1.,0.));
#6588=DIRECTION('',(0.,0.,-1.));
#6589=DIRECTION('',(0.,-1.,0.));
#6590=DIRECTION('center_axis',(0.,0.,1.));
#6591=DIRECTION('ref_axis',(-1.,0.,0.));
#6592=DIRECTION('',(-1.,0.,0.));
#6593=DIRECTION('',(0.,-1.,0.));
#6594=DIRECTION('',(-1.,0.,0.));
#6595=DIRECTION('center_axis',(1.,0.,0.));
#6596=DIRECTION('ref_axis',(0.,0.,1.));
#6597=DIRECTION('',(0.,0.,1.));
#6598=DIRECTION('',(0.,-1.,0.));
#6599=DIRECTION('',(0.,0.,1.));
#6600=DIRECTION('center_axis',(0.,0.,-1.));
#6601=DIRECTION('ref_axis',(1.,0.,0.));
#6602=DIRECTION('',(1.,0.,0.));
#6603=DIRECTION('',(1.,0.,0.));
#6604=DIRECTION('center_axis',(0.,-1.,0.));
#6605=DIRECTION('ref_axis',(0.,0.,-1.));
#6606=DIRECTION('center_axis',(0.,1.,0.));
#6607=DIRECTION('ref_axis',(-1.,0.,0.));
#6608=DIRECTION('',(-1.,0.,0.));
#6609=DIRECTION('',(0.,0.,1.));
#6610=DIRECTION('',(1.,0.,0.));
#6611=DIRECTION('',(0.,0.,-1.));
#6612=DIRECTION('center_axis',(0.,-1.,0.));
#6613=DIRECTION('ref_axis',(-1.,0.,0.));
#6614=DIRECTION('center_axis',(0.,-1.,0.));
#6615=DIRECTION('ref_axis',(-1.,0.,0.));
#6616=DIRECTION('center_axis',(0.,-1.,0.));
#6617=DIRECTION('ref_axis',(-1.,0.,0.));
#6618=DIRECTION('center_axis',(0.,-1.,0.));
#6619=DIRECTION('ref_axis',(-1.,0.,0.));
#6620=DIRECTION('center_axis',(0.,-1.,0.));
#6621=DIRECTION('ref_axis',(-1.,0.,0.));
#6622=DIRECTION('center_axis',(0.,-1.,0.));
#6623=DIRECTION('ref_axis',(-1.,0.,0.));
#6624=DIRECTION('center_axis',(0.,-1.,0.));
#6625=DIRECTION('ref_axis',(-1.,0.,0.));
#6626=DIRECTION('center_axis',(0.,-1.,0.));
#6627=DIRECTION('ref_axis',(-1.,0.,0.));
#6628=DIRECTION('center_axis',(0.,-1.,0.));
#6629=DIRECTION('ref_axis',(-0.707106781186547,0.,0.707106781186547));
#6630=DIRECTION('center_axis',(0.,-1.,0.));
#6631=DIRECTION('ref_axis',(-2.8421709430404E-14,0.,1.));
#6632=DIRECTION('',(0.,-1.,0.));
#6633=DIRECTION('center_axis',(0.,1.,0.));
#6634=DIRECTION('ref_axis',(-1.,0.,0.));
#6635=DIRECTION('',(0.,1.,0.));
#6636=DIRECTION('center_axis',(-1.,0.,0.));
#6637=DIRECTION('ref_axis',(0.,0.707106781186547,0.707106781186547));
#6638=DIRECTION('center_axis',(-1.,0.,0.));
#6639=DIRECTION('ref_axis',(0.,0.,1.));
#6640=DIRECTION('center_axis',(1.,0.,2.8421709430404E-14));
#6641=DIRECTION('ref_axis',(0.,1.,0.));
#6642=DIRECTION('',(1.,0.,0.));
#6643=DIRECTION('center_axis',(-0.408248290463866,0.408248290463849,-0.816496580927732));
#6644=DIRECTION('ref_axis',(-0.577350269189628,0.577350269189622,0.577350269189628));
#6645=DIRECTION('center_axis',(0.,0.,1.));
#6646=DIRECTION('ref_axis',(-0.707106781186547,0.707106781186547,0.));
#6647=DIRECTION('center_axis',(0.,1.,0.));
#6648=DIRECTION('ref_axis',(0.707106781186547,0.,0.707106781186547));
#6649=DIRECTION('center_axis',(0.,1.,0.));
#6650=DIRECTION('ref_axis',(0.,0.,1.));
#6651=DIRECTION('',(0.,1.,0.));
#6652=DIRECTION('center_axis',(0.,-1.,0.));
#6653=DIRECTION('ref_axis',(1.,0.,0.));
#6654=DIRECTION('',(0.,-1.,0.));
#6655=DIRECTION('center_axis',(0.408248290463869,-0.81649658092772,0.408248290463869));
#6656=DIRECTION('ref_axis',(0.577350269189626,0.577350269189626,0.577350269189626));
#6657=DIRECTION('center_axis',(0.,0.,1.));
#6658=DIRECTION('ref_axis',(0.707106781186551,0.707106781186544,0.));
#6659=DIRECTION('center_axis',(1.,0.,0.));
#6660=DIRECTION('ref_axis',(0.,-0.707106781186547,0.707106781186547));
#6661=DIRECTION('center_axis',(1.,2.8421709430404E-14,0.));
#6662=DIRECTION('ref_axis',(0.,0.,1.));
#6663=DIRECTION('',(1.,0.,0.));
#6664=DIRECTION('center_axis',(-1.,0.,0.));
#6665=DIRECTION('ref_axis',(0.,-1.,0.));
#6666=DIRECTION('',(-1.,0.,0.));
#6667=DIRECTION('center_axis',(-0.408248290463867,-0.816496580927722,-0.408248290463867));
#6668=DIRECTION('ref_axis',(0.577350269189626,-0.577350269189626,0.577350269189626));
#6669=DIRECTION('center_axis',(0.,0.,1.));
#6670=DIRECTION('ref_axis',(0.707106781186547,-0.707106781186547,0.));
#6671=DIRECTION('center_axis',(-0.408248290463867,-0.408248290463844,-0.816496580927734));
#6672=DIRECTION('ref_axis',(-0.57735026918963,-0.577350269189618,0.57735026918963));
#6673=DIRECTION('center_axis',(0.,0.,1.));
#6674=DIRECTION('ref_axis',(-0.707106781186544,-0.707106781186551,0.));
#6675=DIRECTION('center_axis',(0.,0.,1.));
#6676=DIRECTION('ref_axis',(0.707106781186547,0.707106781186547,0.));
#6677=DIRECTION('',(0.,0.,-1.));
#6678=DIRECTION('center_axis',(0.,0.,1.));
#6679=DIRECTION('ref_axis',(0.707106781186547,0.707106781186547,0.));
#6680=DIRECTION('center_axis',(1.,0.,0.));
#6681=DIRECTION('ref_axis',(0.,1.,0.));
#6682=DIRECTION('',(0.,0.,1.));
#6683=DIRECTION('',(0.,-1.,0.));
#6684=DIRECTION('center_axis',(0.,0.,1.));
#6685=DIRECTION('ref_axis',(0.707106781186547,-0.707106781186547,0.));
#6686=DIRECTION('',(0.,0.,-1.));
#6687=DIRECTION('center_axis',(0.,0.,1.));
#6688=DIRECTION('ref_axis',(0.707106781186547,-0.707106781186547,0.));
#6689=DIRECTION('center_axis',(0.,-1.,0.));
#6690=DIRECTION('ref_axis',(1.,0.,0.));
#6691=DIRECTION('',(0.,0.,1.));
#6692=DIRECTION('',(-1.,0.,0.));
#6693=DIRECTION('center_axis',(0.,0.,1.));
#6694=DIRECTION('ref_axis',(1.,0.,0.));
#6695=DIRECTION('center_axis',(0.,0.,1.));
#6696=DIRECTION('ref_axis',(-0.707106781186547,-0.707106781186547,0.));
#6697=DIRECTION('',(0.,1.,0.));
#6698=DIRECTION('center_axis',(0.,0.,1.));
#6699=DIRECTION('ref_axis',(-0.707106781186547,0.707106781186547,0.));
#6700=DIRECTION('center_axis',(0.,0.,1.));
#6701=DIRECTION('ref_axis',(-0.707106781186547,-0.707106781186547,0.));
#6702=DIRECTION('',(0.,0.,-1.));
#6703=DIRECTION('center_axis',(0.,1.,0.));
#6704=DIRECTION('ref_axis',(-1.,0.,0.));
#6705=DIRECTION('center_axis',(0.,0.,1.));
#6706=DIRECTION('ref_axis',(-0.707106781186547,0.707106781186547,0.));
#6707=DIRECTION('',(0.,0.,1.));
#6708=DIRECTION('center_axis',(0.,-1.,0.));
#6709=DIRECTION('ref_axis',(-1.,0.,0.));
#6710=DIRECTION('',(0.,-1.,0.));
#6711=DIRECTION('center_axis',(0.,1.,0.));
#6712=DIRECTION('ref_axis',(-1.,0.,0.));
#6713=DIRECTION('center_axis',(0.,-1.,0.));
#6714=DIRECTION('ref_axis',(-1.,0.,0.));
#6715=DIRECTION('',(0.,-1.,0.));
#6716=DIRECTION('center_axis',(0.,1.,0.));
#6717=DIRECTION('ref_axis',(-1.,0.,0.));
#6718=DIRECTION('center_axis',(0.,-1.,0.));
#6719=DIRECTION('ref_axis',(-1.,0.,0.));
#6720=DIRECTION('',(0.,-1.,0.));
#6721=DIRECTION('center_axis',(0.,1.,0.));
#6722=DIRECTION('ref_axis',(-1.,0.,0.));
#6723=DIRECTION('center_axis',(0.,-1.,0.));
#6724=DIRECTION('ref_axis',(-1.,0.,0.));
#6725=DIRECTION('',(0.,-1.,0.));
#6726=DIRECTION('center_axis',(0.,1.,0.));
#6727=DIRECTION('ref_axis',(-1.,0.,0.));
#6728=DIRECTION('center_axis',(0.,-1.,0.));
#6729=DIRECTION('ref_axis',(-1.,0.,0.));
#6730=DIRECTION('',(0.,-1.,0.));
#6731=DIRECTION('center_axis',(0.,1.,0.));
#6732=DIRECTION('ref_axis',(-1.,0.,0.));
#6733=DIRECTION('center_axis',(0.,-1.,0.));
#6734=DIRECTION('ref_axis',(-1.,0.,0.));
#6735=DIRECTION('',(0.,-1.,0.));
#6736=DIRECTION('center_axis',(0.,1.,0.));
#6737=DIRECTION('ref_axis',(-1.,0.,0.));
#6738=DIRECTION('center_axis',(0.,-1.,0.));
#6739=DIRECTION('ref_axis',(-1.,0.,0.));
#6740=DIRECTION('',(0.,-1.,0.));
#6741=DIRECTION('center_axis',(0.,1.,0.));
#6742=DIRECTION('ref_axis',(-1.,0.,0.));
#6743=DIRECTION('center_axis',(0.,-1.,0.));
#6744=DIRECTION('ref_axis',(-1.,0.,0.));
#6745=DIRECTION('',(0.,-1.,0.));
#6746=DIRECTION('center_axis',(0.,1.,0.));
#6747=DIRECTION('ref_axis',(-1.,0.,0.));
#6748=DIRECTION('center_axis',(-1.,0.,0.));
#6749=DIRECTION('ref_axis',(0.,-1.,0.));
#6750=DIRECTION('',(0.,1.,0.));
#6751=DIRECTION('',(0.,0.,1.));
#6752=DIRECTION('',(0.,0.,1.));
#6753=DIRECTION('center_axis',(0.,1.,0.));
#6754=DIRECTION('ref_axis',(-1.,0.,0.));
#6755=DIRECTION('',(1.,0.,0.));
#6756=DIRECTION('',(0.,0.,1.));
#6757=DIRECTION('center_axis',(0.,-1.,0.));
#6758=DIRECTION('ref_axis',(1.,0.,0.));
#6759=DIRECTION('',(-1.,0.,0.));
#6760=DIRECTION('',(0.,0.,1.));
#6761=DIRECTION('center_axis',(1.,0.,0.));
#6762=DIRECTION('ref_axis',(0.,1.,0.));
#6763=DIRECTION('',(0.,-1.,0.));
#6764=DIRECTION('center_axis',(-1.,0.,0.));
#6765=DIRECTION('ref_axis',(0.,-1.,0.));
#6766=DIRECTION('center_axis',(0.,0.,1.));
#6767=DIRECTION('ref_axis',(1.,0.,0.));
#6768=DIRECTION('center_axis',(0.,-1.,0.));
#6769=DIRECTION('ref_axis',(-0.707106781186547,0.,0.707106781186547));
#6770=DIRECTION('center_axis',(0.,-1.,0.));
#6771=DIRECTION('ref_axis',(0.,0.,1.));
#6772=DIRECTION('',(0.,-1.,0.));
#6773=DIRECTION('center_axis',(0.,1.,0.));
#6774=DIRECTION('ref_axis',(-1.,0.,0.));
#6775=DIRECTION('',(0.,1.,0.));
#6776=DIRECTION('center_axis',(-1.,0.,0.));
#6777=DIRECTION('ref_axis',(0.,0.707106781186547,0.707106781186547));
#6778=DIRECTION('center_axis',(-1.,0.,0.));
#6779=DIRECTION('ref_axis',(0.,0.,1.));
#6780=DIRECTION('',(-1.,0.,0.));
#6781=DIRECTION('center_axis',(1.,0.,0.));
#6782=DIRECTION('ref_axis',(0.,1.,0.));
#6783=DIRECTION('',(1.,0.,0.));
#6784=DIRECTION('center_axis',(-0.408248290463869,-0.81649658092772,0.408248290463869));
#6785=DIRECTION('ref_axis',(-0.577350269189626,0.577350269189626,0.577350269189626));
#6786=DIRECTION('center_axis',(0.,0.,1.));
#6787=DIRECTION('ref_axis',(-0.707106781186551,0.707106781186544,0.));
#6788=DIRECTION('center_axis',(0.,1.,0.));
#6789=DIRECTION('ref_axis',(0.707106781186547,0.,0.707106781186547));
#6790=DIRECTION('center_axis',(0.,1.,0.));
#6791=DIRECTION('ref_axis',(0.,0.,1.));
#6792=DIRECTION('',(0.,1.,0.));
#6793=DIRECTION('center_axis',(0.,-1.,0.));
#6794=DIRECTION('ref_axis',(1.,0.,0.));
#6795=DIRECTION('',(0.,-1.,0.));
#6796=DIRECTION('center_axis',(0.408248290463869,-0.81649658092772,0.408248290463869));
#6797=DIRECTION('ref_axis',(0.577350269189626,0.577350269189626,0.577350269189626));
#6798=DIRECTION('center_axis',(0.,0.,1.));
#6799=DIRECTION('ref_axis',(0.707106781186548,0.707106781186547,0.));
#6800=DIRECTION('center_axis',(1.,0.,0.));
#6801=DIRECTION('ref_axis',(0.,-0.707106781186547,0.707106781186547));
#6802=DIRECTION('center_axis',(1.,0.,0.));
#6803=DIRECTION('ref_axis',(0.,0.,1.));
#6804=DIRECTION('',(1.,0.,0.));
#6805=DIRECTION('center_axis',(-1.,0.,0.));
#6806=DIRECTION('ref_axis',(0.,-1.,0.));
#6807=DIRECTION('',(-1.,0.,0.));
#6808=DIRECTION('center_axis',(-0.408248290463867,-0.816496580927722,-0.408248290463867));
#6809=DIRECTION('ref_axis',(0.577350269189626,-0.577350269189626,0.577350269189626));
#6810=DIRECTION('center_axis',(0.,0.,1.));
#6811=DIRECTION('ref_axis',(0.707106781186545,-0.70710678118655,0.));
#6812=DIRECTION('center_axis',(0.408248290463867,-0.816496580927722,-0.408248290463867));
#6813=DIRECTION('ref_axis',(-0.577350269189626,-0.577350269189626,0.577350269189626));
#6814=DIRECTION('center_axis',(0.,0.,1.));
#6815=DIRECTION('ref_axis',(-0.707106781186547,-0.707106781186547,0.));
#6816=DIRECTION('center_axis',(0.,0.,1.));
#6817=DIRECTION('ref_axis',(0.707106781186547,0.707106781186547,0.));
#6818=DIRECTION('',(0.,0.,-1.));
#6819=DIRECTION('center_axis',(0.,0.,1.));
#6820=DIRECTION('ref_axis',(0.707106781186547,0.707106781186547,0.));
#6821=DIRECTION('',(0.,0.,1.));
#6822=DIRECTION('center_axis',(1.,0.,0.));
#6823=DIRECTION('ref_axis',(0.,1.,0.));
#6824=DIRECTION('',(0.,0.,1.));
#6825=DIRECTION('',(0.,1.,0.));
#6826=DIRECTION('center_axis',(0.,0.,1.));
#6827=DIRECTION('ref_axis',(0.707106781186547,-0.707106781186547,0.));
#6828=DIRECTION('',(0.,0.,-1.));
#6829=DIRECTION('center_axis',(0.,0.,1.));
#6830=DIRECTION('ref_axis',(0.707106781186547,-0.707106781186547,0.));
#6831=DIRECTION('center_axis',(0.,-1.,0.));
#6832=DIRECTION('ref_axis',(1.,0.,0.));
#6833=DIRECTION('',(0.,0.,1.));
#6834=DIRECTION('',(1.,0.,0.));
#6835=DIRECTION('center_axis',(0.,0.,1.));
#6836=DIRECTION('ref_axis',(1.,0.,0.));
#6837=DIRECTION('center_axis',(0.,0.,1.));
#6838=DIRECTION('ref_axis',(-0.707106781186547,-0.707106781186547,0.));
#6839=DIRECTION('',(0.,-1.,0.));
#6840=DIRECTION('center_axis',(0.,0.,1.));
#6841=DIRECTION('ref_axis',(-0.707106781186547,0.707106781186547,0.));
#6842=DIRECTION('',(-1.,0.,0.));
#6843=DIRECTION('center_axis',(0.,0.,1.));
#6844=DIRECTION('ref_axis',(-0.707106781186547,-0.707106781186547,0.));
#6845=DIRECTION('',(0.,0.,-1.));
#6846=DIRECTION('center_axis',(-1.,0.,0.));
#6847=DIRECTION('ref_axis',(0.,-1.,0.));
#6848=DIRECTION('',(0.,0.,1.));
#6849=DIRECTION('center_axis',(0.,0.,1.));
#6850=DIRECTION('ref_axis',(-0.707106781186547,0.707106781186547,0.));
#6851=DIRECTION('',(0.,0.,-1.));
#6852=DIRECTION('center_axis',(0.,-1.,0.));
#6853=DIRECTION('ref_axis',(-1.,0.,0.));
#6854=DIRECTION('center_axis',(0.,-1.,0.));
#6855=DIRECTION('ref_axis',(-1.,0.,0.));
#6856=DIRECTION('',(0.,-1.,0.));
#6857=DIRECTION('center_axis',(0.,-1.,0.));
#6858=DIRECTION('ref_axis',(-1.,0.,0.));
#6859=DIRECTION('center_axis',(0.,1.,0.));
#6860=DIRECTION('ref_axis',(-1.,0.,0.));
#6861=DIRECTION('center_axis',(0.,-1.,0.));
#6862=DIRECTION('ref_axis',(-1.,0.,0.));
#6863=DIRECTION('center_axis',(0.,-1.,0.));
#6864=DIRECTION('ref_axis',(-1.,0.,0.));
#6865=DIRECTION('',(0.,-1.,0.));
#6866=DIRECTION('center_axis',(0.,-1.,0.));
#6867=DIRECTION('ref_axis',(-1.,0.,0.));
#6868=DIRECTION('center_axis',(0.,1.,0.));
#6869=DIRECTION('ref_axis',(-1.,0.,0.));
#6870=DIRECTION('center_axis',(0.,-1.,0.));
#6871=DIRECTION('ref_axis',(-1.,0.,0.));
#6872=DIRECTION('center_axis',(0.,-1.,0.));
#6873=DIRECTION('ref_axis',(-1.,0.,0.));
#6874=DIRECTION('',(0.,-1.,0.));
#6875=DIRECTION('center_axis',(0.,-1.,0.));
#6876=DIRECTION('ref_axis',(-1.,0.,0.));
#6877=DIRECTION('center_axis',(0.,1.,0.));
#6878=DIRECTION('ref_axis',(-1.,0.,0.));
#6879=DIRECTION('center_axis',(0.,-1.,0.));
#6880=DIRECTION('ref_axis',(-1.,0.,0.));
#6881=DIRECTION('center_axis',(0.,-1.,0.));
#6882=DIRECTION('ref_axis',(-1.,0.,0.));
#6883=DIRECTION('',(0.,-1.,0.));
#6884=DIRECTION('center_axis',(0.,-1.,0.));
#6885=DIRECTION('ref_axis',(-1.,0.,0.));
#6886=DIRECTION('center_axis',(0.,1.,0.));
#6887=DIRECTION('ref_axis',(-1.,0.,0.));
#6888=DIRECTION('center_axis',(-1.,0.,0.));
#6889=DIRECTION('ref_axis',(0.,-1.,0.));
#6890=DIRECTION('',(0.,1.,0.));
#6891=DIRECTION('',(0.,0.,1.));
#6892=DIRECTION('',(0.,0.,1.));
#6893=DIRECTION('center_axis',(0.,1.,0.));
#6894=DIRECTION('ref_axis',(-1.,0.,0.));
#6895=DIRECTION('',(1.,0.,0.));
#6896=DIRECTION('',(0.,0.,1.));
#6897=DIRECTION('center_axis',(0.,-1.,0.));
#6898=DIRECTION('ref_axis',(1.,0.,0.));
#6899=DIRECTION('',(-1.,0.,0.));
#6900=DIRECTION('',(0.,0.,1.));
#6901=DIRECTION('center_axis',(1.,0.,0.));
#6902=DIRECTION('ref_axis',(0.,1.,0.));
#6903=DIRECTION('',(0.,-1.,0.));
#6904=DIRECTION('center_axis',(0.,1.,0.));
#6905=DIRECTION('ref_axis',(-1.,0.,0.));
#6906=DIRECTION('center_axis',(0.,0.,1.));
#6907=DIRECTION('ref_axis',(1.,0.,0.));
#6908=DIRECTION('center_axis',(1.,0.,0.));
#6909=DIRECTION('ref_axis',(0.,-0.707106781186541,0.707106781186554));
#6910=DIRECTION('',(-1.,0.,0.));
#6911=DIRECTION('',(1.,0.,0.));
#6912=DIRECTION('center_axis',(0.,0.,1.));
#6913=DIRECTION('ref_axis',(-0.707106781186547,-0.707106781186547,0.));
#6914=DIRECTION('center_axis',(0.,0.,1.));
#6915=DIRECTION('ref_axis',(-0.707106781186544,-0.707106781186551,0.));
#6916=DIRECTION('',(0.,0.,-1.));
#6917=DIRECTION('center_axis',(0.,0.,1.));
#6918=DIRECTION('ref_axis',(-0.707106781186547,-0.707106781186547,0.));
#6919=DIRECTION('',(0.,0.,1.));
#6920=DIRECTION('center_axis',(0.,0.,-1.));
#6921=DIRECTION('ref_axis',(-1.,0.,0.));
#6922=DIRECTION('center_axis',(0.,0.,1.));
#6923=DIRECTION('ref_axis',(0.707106781186547,-0.707106781186547,0.));
#6924=DIRECTION('',(0.,1.,0.));
#6925=DIRECTION('',(1.,0.,0.));
#6926=DIRECTION('',(0.,1.,0.));
#6927=DIRECTION('',(1.,0.,0.));
#6928=DIRECTION('',(0.,-1.,0.));
#6929=DIRECTION('',(1.,0.,0.));
#6930=DIRECTION('',(0.,-1.,0.));
#6931=DIRECTION('center_axis',(0.,1.,0.));
#6932=DIRECTION('ref_axis',(0.,0.,1.));
#6933=DIRECTION('center_axis',(0.,1.,0.));
#6934=DIRECTION('ref_axis',(0.707106781186547,0.,0.707106781186547));
#6935=DIRECTION('',(0.,0.,1.));
#6936=DIRECTION('center_axis',(0.,1.,0.));
#6937=DIRECTION('ref_axis',(0.,0.,1.));
#6938=DIRECTION('center_axis',(0.,1.,0.));
#6939=DIRECTION('ref_axis',(-0.707106781186547,0.,0.707106781186547));
#6940=DIRECTION('',(0.,0.,-1.));
#6941=DIRECTION('center_axis',(0.,-1.,0.));
#6942=DIRECTION('ref_axis',(-0.707106781186547,0.,0.707106781186547));
#6943=DIRECTION('',(0.,1.,0.));
#6944=DIRECTION('center_axis',(0.,-1.,0.));
#6945=DIRECTION('ref_axis',(-2.8421709430404E-14,0.,1.));
#6946=DIRECTION('',(0.,-1.,0.));
#6947=DIRECTION('center_axis',(1.,0.,0.));
#6948=DIRECTION('ref_axis',(0.,1.,0.));
#6949=DIRECTION('',(0.,0.,1.));
#6950=DIRECTION('',(0.,-1.,0.));
#6951=DIRECTION('',(0.,0.,1.));
#6952=DIRECTION('center_axis',(-1.,0.,0.));
#6953=DIRECTION('ref_axis',(0.,0.,-1.));
#6954=DIRECTION('',(0.,0.,-1.));
#6955=DIRECTION('',(0.,-1.,0.));
#6956=DIRECTION('',(0.,0.,-1.));
#6957=DIRECTION('',(0.,-1.,0.));
#6958=DIRECTION('center_axis',(0.,0.,-1.));
#6959=DIRECTION('ref_axis',(1.,0.,0.));
#6960=DIRECTION('',(1.,0.,0.));
#6961=DIRECTION('',(0.,-1.,0.));
#6962=DIRECTION('',(1.,0.,0.));
#6963=DIRECTION('center_axis',(-1.,0.,0.));
#6964=DIRECTION('ref_axis',(0.,0.,-1.));
#6965=DIRECTION('',(0.,0.,-1.));
#6966=DIRECTION('',(0.,-1.,0.));
#6967=DIRECTION('',(0.,0.,-1.));
#6968=DIRECTION('center_axis',(0.,0.,1.));
#6969=DIRECTION('ref_axis',(-1.,0.,0.));
#6970=DIRECTION('',(-1.,0.,0.));
#6971=DIRECTION('',(0.,-1.,0.));
#6972=DIRECTION('',(-1.,0.,0.));
#6973=DIRECTION('center_axis',(1.,0.,0.));
#6974=DIRECTION('ref_axis',(0.,0.,1.));
#6975=DIRECTION('',(0.,0.,1.));
#6976=DIRECTION('',(0.,-1.,0.));
#6977=DIRECTION('',(0.,0.,1.));
#6978=DIRECTION('center_axis',(0.,0.,-1.));
#6979=DIRECTION('ref_axis',(1.,0.,0.));
#6980=DIRECTION('',(1.,0.,0.));
#6981=DIRECTION('',(0.,-1.,0.));
#6982=DIRECTION('',(1.,0.,0.));
#6983=DIRECTION('center_axis',(1.,0.,0.));
#6984=DIRECTION('ref_axis',(0.,0.,1.));
#6985=DIRECTION('',(0.,0.,1.));
#6986=DIRECTION('',(0.,-1.,0.));
#6987=DIRECTION('',(0.,0.,1.));
#6988=DIRECTION('center_axis',(0.,0.,-1.));
#6989=DIRECTION('ref_axis',(1.,0.,0.));
#6990=DIRECTION('',(1.,0.,0.));
#6991=DIRECTION('',(1.,0.,0.));
#6992=DIRECTION('center_axis',(0.,-1.,0.));
#6993=DIRECTION('ref_axis',(0.,0.,-1.));
#6994=DIRECTION('center_axis',(-1.,0.,0.));
#6995=DIRECTION('ref_axis',(0.,0.,-1.));
#6996=DIRECTION('',(0.,0.,-1.));
#6997=DIRECTION('',(0.,-1.,0.));
#6998=DIRECTION('',(0.,0.,-1.));
#6999=DIRECTION('',(0.,-1.,0.));
#7000=DIRECTION('center_axis',(0.,0.,1.));
#7001=DIRECTION('ref_axis',(-1.,0.,0.));
#7002=DIRECTION('',(-1.,0.,0.));
#7003=DIRECTION('',(0.,-1.,0.));
#7004=DIRECTION('',(-1.,0.,0.));
#7005=DIRECTION('center_axis',(-1.,0.,0.));
#7006=DIRECTION('ref_axis',(0.,0.,-1.));
#7007=DIRECTION('',(0.,0.,-1.));
#7008=DIRECTION('',(0.,-1.,0.));
#7009=DIRECTION('',(0.,0.,-1.));
#7010=DIRECTION('center_axis',(0.,0.,-1.));
#7011=DIRECTION('ref_axis',(1.,0.,0.));
#7012=DIRECTION('',(1.,0.,0.));
#7013=DIRECTION('',(0.,-1.,0.));
#7014=DIRECTION('',(1.,0.,0.));
#7015=DIRECTION('center_axis',(-1.,0.,0.));
#7016=DIRECTION('ref_axis',(0.,0.,-1.));
#7017=DIRECTION('',(0.,0.,-1.));
#7018=DIRECTION('',(0.,-1.,0.));
#7019=DIRECTION('',(0.,0.,-1.));
#7020=DIRECTION('center_axis',(0.,0.,1.));
#7021=DIRECTION('ref_axis',(-1.,0.,0.));
#7022=DIRECTION('',(-1.,0.,0.));
#7023=DIRECTION('',(0.,-1.,0.));
#7024=DIRECTION('',(-1.,0.,0.));
#7025=DIRECTION('center_axis',(-1.,0.,0.));
#7026=DIRECTION('ref_axis',(0.,0.,-1.));
#7027=DIRECTION('',(0.,0.,-1.));
#7028=DIRECTION('',(0.,-1.,0.));
#7029=DIRECTION('',(0.,0.,-1.));
#7030=DIRECTION('center_axis',(0.,0.,-1.));
#7031=DIRECTION('ref_axis',(1.,0.,0.));
#7032=DIRECTION('',(1.,0.,0.));
#7033=DIRECTION('',(0.,-1.,0.));
#7034=DIRECTION('',(1.,0.,0.));
#7035=DIRECTION('center_axis',(-1.,0.,0.));
#7036=DIRECTION('ref_axis',(0.,0.,-1.));
#7037=DIRECTION('',(0.,0.,-1.));
#7038=DIRECTION('',(0.,-1.,0.));
#7039=DIRECTION('',(0.,0.,-1.));
#7040=DIRECTION('center_axis',(0.,0.,1.));
#7041=DIRECTION('ref_axis',(-1.,0.,0.));
#7042=DIRECTION('',(-1.,0.,0.));
#7043=DIRECTION('',(0.,-1.,0.));
#7044=DIRECTION('',(-1.,0.,0.));
#7045=DIRECTION('center_axis',(1.,0.,0.));
#7046=DIRECTION('ref_axis',(0.,0.,1.));
#7047=DIRECTION('',(0.,0.,1.));
#7048=DIRECTION('',(0.,-1.,0.));
#7049=DIRECTION('',(0.,0.,1.));
#7050=DIRECTION('center_axis',(0.,0.,-1.));
#7051=DIRECTION('ref_axis',(1.,0.,0.));
#7052=DIRECTION('',(1.,0.,0.));
#7053=DIRECTION('',(1.,0.,0.));
#7054=DIRECTION('center_axis',(0.,-1.,0.));
#7055=DIRECTION('ref_axis',(0.,0.,-1.));
#7056=DIRECTION('',(0.,-1.,0.));
#7057=DIRECTION('',(0.,-1.,0.));
#7058=DIRECTION('',(0.,-1.,0.));
#7059=DIRECTION('center_axis',(0.935759714934362,0.,-0.352638279127438));
#7060=DIRECTION('ref_axis',(0.352638279127438,0.,0.935759714934362));
#7061=DIRECTION('',(0.352638279127438,0.,0.935759714934362));
#7062=DIRECTION('',(0.,-1.,0.));
#7063=DIRECTION('',(0.352638279127438,0.,0.935759714934362));
#7064=DIRECTION('center_axis',(0.,0.,1.));
#7065=DIRECTION('ref_axis',(-1.,0.,0.));
#7066=DIRECTION('',(-1.,0.,0.));
#7067=DIRECTION('',(0.,-1.,0.));
#7068=DIRECTION('',(-1.,0.,0.));
#7069=DIRECTION('center_axis',(-0.936508216374433,0.,-0.350645634028398));
#7070=DIRECTION('ref_axis',(0.350645634028398,0.,-0.936508216374433));
#7071=DIRECTION('',(0.350645634028398,0.,-0.936508216374433));
#7072=DIRECTION('',(0.350645634028398,0.,-0.936508216374433));
#7073=DIRECTION('center_axis',(-0.940102070334228,0.,-0.340893087863774));
#7074=DIRECTION('ref_axis',(0.340893087863774,0.,-0.940102070334228));
#7075=DIRECTION('',(0.340893087863774,0.,-0.940102070334228));
#7076=DIRECTION('',(0.,-1.,0.));
#7077=DIRECTION('',(0.340893087863774,0.,-0.940102070334228));
#7078=DIRECTION('',(0.,-1.,0.));
#7079=DIRECTION('center_axis',(0.,0.,-1.));
#7080=DIRECTION('ref_axis',(1.,0.,0.));
#7081=DIRECTION('',(1.,0.,0.));
#7082=DIRECTION('',(0.,-1.,0.));
#7083=DIRECTION('',(1.,0.,0.));
#7084=DIRECTION('center_axis',(0.933183063008595,0.,-0.359401406388313));
#7085=DIRECTION('ref_axis',(0.359401406388313,0.,0.933183063008595));
#7086=DIRECTION('',(0.359401406388313,0.,0.933183063008595));
#7087=DIRECTION('',(0.,-1.,0.));
#7088=DIRECTION('',(0.359401406388313,0.,0.933183063008595));
#7089=DIRECTION('center_axis',(0.,0.,-1.));
#7090=DIRECTION('ref_axis',(1.,0.,0.));
#7091=DIRECTION('',(1.,0.,0.));
#7092=DIRECTION('',(0.,-1.,0.));
#7093=DIRECTION('',(1.,0.,0.));
#7094=DIRECTION('center_axis',(-0.92548660185479,0.,0.378780345038221));
#7095=DIRECTION('ref_axis',(-0.378780345038221,0.,-0.92548660185479));
#7096=DIRECTION('',(-0.378780345038221,0.,-0.92548660185479));
#7097=DIRECTION('',(0.,-1.,0.));
#7098=DIRECTION('',(-0.378780345038221,0.,-0.92548660185479));
#7099=DIRECTION('center_axis',(0.,0.,1.));
#7100=DIRECTION('ref_axis',(-1.,0.,0.));
#7101=DIRECTION('',(-1.,0.,0.));
#7102=DIRECTION('',(0.,-1.,0.));
#7103=DIRECTION('',(-1.,0.,0.));
#7104=DIRECTION('center_axis',(0.933526090988962,0.,0.358509466322535));
#7105=DIRECTION('ref_axis',(-0.358509466322535,0.,0.933526090988962));
#7106=DIRECTION('',(-0.358509466322535,0.,0.933526090988962));
#7107=DIRECTION('',(0.,-1.,0.));
#7108=DIRECTION('',(-0.358509466322535,0.,0.933526090988962));
#7109=DIRECTION('center_axis',(0.,0.,-1.));
#7110=DIRECTION('ref_axis',(1.,0.,0.));
#7111=DIRECTION('',(1.,0.,0.));
#7112=DIRECTION('',(1.,0.,0.));
#7113=DIRECTION('center_axis',(0.,1.,0.));
#7114=DIRECTION('ref_axis',(-1.,0.,0.));
#7115=DIRECTION('',(0.,-1.,0.));
#7116=DIRECTION('',(0.,-1.,0.));
#7117=DIRECTION('',(0.,-1.,0.));
#7118=DIRECTION('',(0.,-1.,0.));
#7119=DIRECTION('',(0.,-1.,0.));
#7120=DIRECTION('',(0.,-1.,0.));
#7121=DIRECTION('',(0.,-1.,0.));
#7122=DIRECTION('',(0.,-1.,0.));
#7123=DIRECTION('',(0.,-1.,0.));
#7124=DIRECTION('',(0.,-1.,0.));
#7125=DIRECTION('',(0.,-1.,0.));
#7126=DIRECTION('',(0.,-1.,0.));
#7127=DIRECTION('',(0.,-1.,0.));
#7128=DIRECTION('',(0.,-1.,0.));
#7129=DIRECTION('',(0.,-1.,0.));
#7130=DIRECTION('center_axis',(-0.0750569659329903,0.,-0.997179247610445));
#7131=DIRECTION('ref_axis',(0.997179247610445,0.,-0.0750569659329903));
#7132=DIRECTION('',(0.997179247610445,0.,-0.0750569659329903));
#7133=DIRECTION('',(0.,-1.,0.));
#7134=DIRECTION('',(0.997179247610445,0.,-0.0750569659329903));
#7135=DIRECTION('',(0.,-1.,0.));
#7136=DIRECTION('',(0.,-1.,0.));
#7137=DIRECTION('',(0.,-1.,0.));
#7138=DIRECTION('',(0.,-1.,0.));
#7139=DIRECTION('',(0.,-1.,0.));
#7140=DIRECTION('',(0.,-1.,0.));
#7141=DIRECTION('',(0.,-1.,0.));
#7142=DIRECTION('',(0.,-1.,0.));
#7143=DIRECTION('',(0.,-1.,0.));
#7144=DIRECTION('',(0.,-1.,0.));
#7145=DIRECTION('',(0.,-1.,0.));
#7146=DIRECTION('',(0.,-1.,0.));
#7147=DIRECTION('',(0.,-1.,0.));
#7148=DIRECTION('',(0.,-1.,0.));
#7149=DIRECTION('',(0.,-1.,0.));
#7150=DIRECTION('',(0.,-1.,0.));
#7151=DIRECTION('',(0.,-1.,0.));
#7152=DIRECTION('',(0.,-1.,0.));
#7153=DIRECTION('center_axis',(0.0870996580025376,0.,0.996199603280307));
#7154=DIRECTION('ref_axis',(-0.996199603280307,0.,0.0870996580025376));
#7155=DIRECTION('',(-0.996199603280307,0.,0.0870996580025376));
#7156=DIRECTION('',(0.,-1.,0.));
#7157=DIRECTION('',(-0.996199603280307,0.,0.0870996580025376));
#7158=DIRECTION('center_axis',(0.,1.,0.));
#7159=DIRECTION('ref_axis',(-1.,0.,0.));
#7160=DIRECTION('',(0.,-1.,0.));
#7161=DIRECTION('',(0.,-1.,0.));
#7162=DIRECTION('',(0.,-1.,0.));
#7163=DIRECTION('',(0.,-1.,0.));
#7164=DIRECTION('',(0.,-1.,0.));
#7165=DIRECTION('',(0.,-1.,0.));
#7166=DIRECTION('',(0.,-1.,0.));
#7167=DIRECTION('',(0.,-1.,0.));
#7168=DIRECTION('',(0.,-1.,0.));
#7169=DIRECTION('',(0.,-1.,0.));
#7170=DIRECTION('center_axis',(-0.229322766698026,0.,-0.973350434670866));
#7171=DIRECTION('ref_axis',(0.973350434670865,0.,-0.229322766698026));
#7172=DIRECTION('',(0.973350434670865,0.,-0.229322766698026));
#7173=DIRECTION('',(0.,-1.,0.));
#7174=DIRECTION('',(0.973350434670865,0.,-0.229322766698026));
#7175=DIRECTION('',(0.,-1.,0.));
#7176=DIRECTION('',(0.,-1.,0.));
#7177=DIRECTION('',(0.,-1.,0.));
#7178=DIRECTION('',(0.,-1.,0.));
#7179=DIRECTION('',(0.,-1.,0.));
#7180=DIRECTION('',(0.,-1.,0.));
#7181=DIRECTION('',(0.,-1.,0.));
#7182=DIRECTION('',(0.,-1.,0.));
#7183=DIRECTION('',(0.,-1.,0.));
#7184=DIRECTION('',(0.,-1.,0.));
#7185=DIRECTION('center_axis',(-0.244885487963825,0.,0.969552008808563));
#7186=DIRECTION('ref_axis',(-0.969552008808563,0.,-0.244885487963825));
#7187=DIRECTION('',(-0.969552008808563,0.,-0.244885487963825));
#7188=DIRECTION('',(0.,-1.,0.));
#7189=DIRECTION('',(-0.969552008808563,0.,-0.244885487963825));
#7190=DIRECTION('center_axis',(0.,1.,0.));
#7191=DIRECTION('ref_axis',(-1.,0.,0.));
#7192=DIRECTION('center_axis',(-1.,0.,0.));
#7193=DIRECTION('ref_axis',(0.,0.,-1.));
#7194=DIRECTION('',(0.,0.,-1.));
#7195=DIRECTION('',(0.,-1.,0.));
#7196=DIRECTION('',(0.,0.,-1.));
#7197=DIRECTION('',(0.,-1.,0.));
#7198=DIRECTION('center_axis',(0.,0.,1.));
#7199=DIRECTION('ref_axis',(-1.,0.,0.));
#7200=DIRECTION('',(-1.,0.,0.));
#7201=DIRECTION('',(0.,-1.,0.));
#7202=DIRECTION('',(-1.,0.,0.));
#7203=DIRECTION('center_axis',(1.,0.,0.));
#7204=DIRECTION('ref_axis',(0.,0.,1.));
#7205=DIRECTION('',(0.,0.,1.));
#7206=DIRECTION('',(0.,-1.,0.));
#7207=DIRECTION('',(0.,0.,1.));
#7208=DIRECTION('center_axis',(0.,0.,-1.));
#7209=DIRECTION('ref_axis',(1.,0.,0.));
#7210=DIRECTION('',(1.,0.,0.));
#7211=DIRECTION('',(1.,0.,0.));
#7212=DIRECTION('center_axis',(0.,-1.,0.));
#7213=DIRECTION('ref_axis',(0.,0.,-1.));
#7214=DIRECTION('center_axis',(-1.,0.,0.));
#7215=DIRECTION('ref_axis',(0.,0.,-1.));
#7216=DIRECTION('',(0.,0.,-1.));
#7217=DIRECTION('',(0.,-1.,0.));
#7218=DIRECTION('',(0.,0.,-1.));
#7219=DIRECTION('',(0.,-1.,0.));
#7220=DIRECTION('center_axis',(0.,0.,1.));
#7221=DIRECTION('ref_axis',(-1.,0.,0.));
#7222=DIRECTION('',(-1.,0.,0.));
#7223=DIRECTION('',(0.,-1.,0.));
#7224=DIRECTION('',(-1.,0.,0.));
#7225=DIRECTION('center_axis',(1.,0.,0.));
#7226=DIRECTION('ref_axis',(0.,0.,1.));
#7227=DIRECTION('',(0.,0.,1.));
#7228=DIRECTION('',(0.,-1.,0.));
#7229=DIRECTION('',(0.,0.,1.));
#7230=DIRECTION('center_axis',(0.,0.,-1.));
#7231=DIRECTION('ref_axis',(1.,0.,0.));
#7232=DIRECTION('',(1.,0.,0.));
#7233=DIRECTION('',(1.,0.,0.));
#7234=DIRECTION('center_axis',(0.,-1.,0.));
#7235=DIRECTION('ref_axis',(0.,0.,-1.));
#7236=DIRECTION('center_axis',(0.,1.,0.));
#7237=DIRECTION('ref_axis',(-1.,0.,0.));
#7238=DIRECTION('',(-1.,0.,0.));
#7239=DIRECTION('',(0.,0.,1.));
#7240=DIRECTION('',(1.,0.,0.));
#7241=DIRECTION('',(0.,0.,-1.));
#7242=DIRECTION('center_axis',(0.,-1.,0.));
#7243=DIRECTION('ref_axis',(-1.,0.,0.));
#7244=DIRECTION('center_axis',(0.,-1.,0.));
#7245=DIRECTION('ref_axis',(-1.,0.,0.));
#7246=DIRECTION('center_axis',(0.,-1.,0.));
#7247=DIRECTION('ref_axis',(-1.,0.,0.));
#7248=DIRECTION('center_axis',(0.,-1.,0.));
#7249=DIRECTION('ref_axis',(-1.,0.,0.));
#7250=DIRECTION('center_axis',(0.,-1.,0.));
#7251=DIRECTION('ref_axis',(-1.,0.,0.));
#7252=DIRECTION('center_axis',(0.,-1.,0.));
#7253=DIRECTION('ref_axis',(-1.,0.,0.));
#7254=DIRECTION('center_axis',(0.,-1.,0.));
#7255=DIRECTION('ref_axis',(-1.,0.,0.));
#7256=DIRECTION('center_axis',(0.,-1.,0.));
#7257=DIRECTION('ref_axis',(-1.,0.,0.));
#7258=DIRECTION('center_axis',(-1.,0.,0.));
#7259=DIRECTION('ref_axis',(0.,0.707106781186547,0.707106781186547));
#7260=DIRECTION('center_axis',(-1.,0.,0.));
#7261=DIRECTION('ref_axis',(0.,0.,1.));
#7262=DIRECTION('center_axis',(1.,0.,2.8421709430404E-14));
#7263=DIRECTION('ref_axis',(0.,1.,0.));
#7264=DIRECTION('',(1.,0.,0.));
#7265=DIRECTION('center_axis',(-0.408248290463862,0.408248290463868,-0.816496580927724));
#7266=DIRECTION('ref_axis',(-0.577350269189633,0.577350269189628,0.577350269189616));
#7267=DIRECTION('center_axis',(0.,0.,1.));
#7268=DIRECTION('ref_axis',(-0.707106781186547,0.707106781186547,0.));
#7269=DIRECTION('center_axis',(0.,1.,0.));
#7270=DIRECTION('ref_axis',(0.707106781186547,0.,0.707106781186547));
#7271=DIRECTION('',(0.,1.,0.));
#7272=DIRECTION('center_axis',(0.,-1.,0.));
#7273=DIRECTION('ref_axis',(1.,0.,0.));
#7274=DIRECTION('',(0.,-1.,0.));
#7275=DIRECTION('center_axis',(0.408248290463865,-0.81649658092773,0.408248290463854));
#7276=DIRECTION('ref_axis',(0.577350269189626,0.577350269189626,0.577350269189626));
#7277=DIRECTION('center_axis',(0.,0.,1.));
#7278=DIRECTION('ref_axis',(0.707106781186551,0.707106781186544,0.));
#7279=DIRECTION('center_axis',(0.,0.,1.));
#7280=DIRECTION('ref_axis',(0.707106781186547,0.707106781186547,0.));
#7281=DIRECTION('',(0.,0.,-1.));
#7282=DIRECTION('center_axis',(0.,0.,1.));
#7283=DIRECTION('ref_axis',(0.707106781186547,0.707106781186547,0.));
#7284=DIRECTION('center_axis',(1.,0.,0.));
#7285=DIRECTION('ref_axis',(0.,1.,0.));
#7286=DIRECTION('',(0.,0.,1.));
#7287=DIRECTION('',(0.,-1.,0.));
#7288=DIRECTION('center_axis',(0.,0.,1.));
#7289=DIRECTION('ref_axis',(0.707106781186547,-0.707106781186547,0.));
#7290=DIRECTION('',(0.,0.,-1.));
#7291=DIRECTION('center_axis',(0.,0.,1.));
#7292=DIRECTION('ref_axis',(0.707106781186547,-0.707106781186547,0.));
#7293=DIRECTION('center_axis',(0.,-1.,0.));
#7294=DIRECTION('ref_axis',(1.,0.,0.));
#7295=DIRECTION('',(-1.,0.,0.));
#7296=DIRECTION('center_axis',(0.,0.,1.));
#7297=DIRECTION('ref_axis',(1.,0.,0.));
#7298=DIRECTION('',(0.,1.,0.));
#7299=DIRECTION('center_axis',(0.,0.,1.));
#7300=DIRECTION('ref_axis',(-0.707106781186547,0.707106781186547,0.));
#7301=DIRECTION('center_axis',(0.,1.,0.));
#7302=DIRECTION('ref_axis',(-1.,0.,0.));
#7303=DIRECTION('center_axis',(0.,0.,1.));
#7304=DIRECTION('ref_axis',(-0.707106781186547,0.707106781186547,0.));
#7305=DIRECTION('',(0.,0.,1.));
#7306=DIRECTION('center_axis',(0.,-1.,0.));
#7307=DIRECTION('ref_axis',(-1.,0.,0.));
#7308=DIRECTION('',(0.,-1.,0.));
#7309=DIRECTION('center_axis',(0.,1.,0.));
#7310=DIRECTION('ref_axis',(-1.,0.,0.));
#7311=DIRECTION('center_axis',(0.,-1.,0.));
#7312=DIRECTION('ref_axis',(-1.,0.,0.));
#7313=DIRECTION('',(0.,-1.,0.));
#7314=DIRECTION('center_axis',(0.,1.,0.));
#7315=DIRECTION('ref_axis',(-1.,0.,0.));
#7316=DIRECTION('center_axis',(0.,-1.,0.));
#7317=DIRECTION('ref_axis',(-1.,0.,0.));
#7318=DIRECTION('',(0.,-1.,0.));
#7319=DIRECTION('center_axis',(0.,1.,0.));
#7320=DIRECTION('ref_axis',(-1.,0.,0.));
#7321=DIRECTION('center_axis',(0.,-1.,0.));
#7322=DIRECTION('ref_axis',(-1.,0.,0.));
#7323=DIRECTION('',(0.,-1.,0.));
#7324=DIRECTION('center_axis',(0.,1.,0.));
#7325=DIRECTION('ref_axis',(-1.,0.,0.));
#7326=DIRECTION('center_axis',(0.,-1.,0.));
#7327=DIRECTION('ref_axis',(-1.,0.,0.));
#7328=DIRECTION('',(0.,-1.,0.));
#7329=DIRECTION('center_axis',(0.,1.,0.));
#7330=DIRECTION('ref_axis',(-1.,0.,0.));
#7331=DIRECTION('center_axis',(0.,-1.,0.));
#7332=DIRECTION('ref_axis',(-1.,0.,0.));
#7333=DIRECTION('',(0.,-1.,0.));
#7334=DIRECTION('center_axis',(0.,1.,0.));
#7335=DIRECTION('ref_axis',(-1.,0.,0.));
#7336=DIRECTION('center_axis',(0.,-1.,0.));
#7337=DIRECTION('ref_axis',(-1.,0.,0.));
#7338=DIRECTION('',(0.,-1.,0.));
#7339=DIRECTION('center_axis',(0.,1.,0.));
#7340=DIRECTION('ref_axis',(-1.,0.,0.));
#7341=DIRECTION('center_axis',(0.,-1.,0.));
#7342=DIRECTION('ref_axis',(-1.,0.,0.));
#7343=DIRECTION('',(0.,-1.,0.));
#7344=DIRECTION('center_axis',(0.,1.,0.));
#7345=DIRECTION('ref_axis',(-1.,0.,0.));
#7346=DIRECTION('center_axis',(-1.,0.,0.));
#7347=DIRECTION('ref_axis',(0.,-1.,0.));
#7348=DIRECTION('',(0.,0.,1.));
#7349=DIRECTION('',(0.,1.,0.));
#7350=DIRECTION('',(0.,0.,1.));
#7351=DIRECTION('center_axis',(0.,1.,0.));
#7352=DIRECTION('ref_axis',(-1.,0.,0.));
#7353=DIRECTION('',(1.,0.,0.));
#7354=DIRECTION('center_axis',(0.,-1.,0.));
#7355=DIRECTION('ref_axis',(1.,0.,0.));
#7356=DIRECTION('',(-1.,0.,0.));
#7357=DIRECTION('center_axis',(-1.,0.,0.));
#7358=DIRECTION('ref_axis',(0.,-1.,0.));
#7359=DIRECTION('center_axis',(0.,0.,1.));
#7360=DIRECTION('ref_axis',(1.,0.,0.));
#7361=DIRECTION('center_axis',(1.,0.,0.));
#7362=DIRECTION('ref_axis',(0.,-1.,0.));
#7363=DIRECTION('',(1.,0.,0.));
#7364=DIRECTION('',(-1.,0.,0.));
#7365=DIRECTION('center_axis',(1.22464679914735E-16,0.,-1.));
#7366=DIRECTION('ref_axis',(0.707106781186547,-0.707106781186547,8.65956056235493E-17));
#7367=DIRECTION('center_axis',(0.,0.,1.));
#7368=DIRECTION('ref_axis',(0.707106781186547,-0.707106781186547,8.65956056235493E-17));
#7369=DIRECTION('',(-1.22464679914735E-16,0.,1.));
#7370=DIRECTION('center_axis',(1.22464679914735E-16,0.,-1.));
#7371=DIRECTION('ref_axis',(0.707106781186547,-0.707106781186547,8.65956056235493E-17));
#7372=DIRECTION('',(1.22464679914735E-16,0.,-1.));
#7373=DIRECTION('center_axis',(0.,0.,1.));
#7374=DIRECTION('ref_axis',(0.,-1.,0.));
#7375=DIRECTION('center_axis',(0.,0.,1.));
#7376=DIRECTION('ref_axis',(-0.707106781186547,-0.707106781186547,-8.65956056235493E-17));
#7377=DIRECTION('',(0.,-1.,0.));
#7378=DIRECTION('',(1.,0.,0.));
#7379=DIRECTION('',(0.,1.,0.));
#7380=DIRECTION('',(-1.,0.,0.));
#7381=DIRECTION('',(0.,-1.,0.));
#7382=DIRECTION('',(1.,0.,0.));
#7383=DIRECTION('',(0.,1.,0.));
#7384=DIRECTION('center_axis',(0.,1.,0.));
#7385=DIRECTION('ref_axis',(0.,0.,1.));
#7386=DIRECTION('',(1.22464679914735E-16,0.,-1.));
#7387=DIRECTION('',(-1.22464679914735E-16,0.,1.));
#7388=DIRECTION('center_axis',(0.,1.,0.));
#7389=DIRECTION('ref_axis',(-0.707106781186547,0.,-0.707106781186548));
#7390=DIRECTION('center_axis',(0.,1.,0.));
#7391=DIRECTION('ref_axis',(0.,0.,1.));
#7392=DIRECTION('',(-1.22464679914735E-16,0.,1.));
#7393=DIRECTION('center_axis',(0.,1.,0.));
#7394=DIRECTION('ref_axis',(0.707106781186548,0.,-0.707106781186547));
#7395=DIRECTION('',(1.22464679914735E-16,0.,-1.));
#7396=DIRECTION('center_axis',(0.,1.,0.));
#7397=DIRECTION('ref_axis',(1.,0.,1.22464679914735E-16));
#7398=DIRECTION('',(1.22464679914735E-16,0.,-1.));
#7399=DIRECTION('',(-1.,0.,-1.22464679914735E-16));
#7400=DIRECTION('',(1.22464679914735E-16,0.,-1.));
#7401=DIRECTION('center_axis',(0.,1.,0.));
#7402=DIRECTION('ref_axis',(-0.707106781186547,0.,-0.707106781186548));
#7403=DIRECTION('',(0.,1.,0.));
#7404=DIRECTION('center_axis',(0.,-1.,0.));
#7405=DIRECTION('ref_axis',(-1.,0.,-1.22464679914735E-16));
#7406=DIRECTION('',(0.,-1.,0.));
#7407=DIRECTION('center_axis',(-1.,0.,-1.22464679914735E-16));
#7408=DIRECTION('ref_axis',(0.,1.,0.));
#7409=DIRECTION('',(1.22464679914735E-16,0.,-1.));
#7410=DIRECTION('',(0.,1.,0.));
#7411=DIRECTION('',(-1.22464679914735E-16,0.,1.));
#7412=DIRECTION('center_axis',(1.22464679914735E-16,0.,-1.));
#7413=DIRECTION('ref_axis',(-0.707106781186547,-0.707106781186547,-8.65956056235493E-17));
#7414=DIRECTION('',(-1.22464679914735E-16,0.,1.));
#7415=DIRECTION('center_axis',(1.22464679914735E-16,0.,-1.));
#7416=DIRECTION('ref_axis',(-0.707106781186547,-0.707106781186547,-8.65956056235493E-17));
#7417=DIRECTION('center_axis',(1.,0.,1.22464679914735E-16));
#7418=DIRECTION('ref_axis',(0.,-1.,0.));
#7419=DIRECTION('',(1.22464679914735E-16,0.,-1.));
#7420=DIRECTION('',(0.,1.,0.));
#7421=DIRECTION('center_axis',(-1.,0.,-1.22464679914735E-16));
#7422=DIRECTION('ref_axis',(0.,1.,0.));
#7423=DIRECTION('',(0.,-1.,0.));
#7424=DIRECTION('',(1.22464679914735E-16,0.,-1.));
#7425=DIRECTION('',(0.,1.,0.));
#7426=DIRECTION('center_axis',(0.,-1.,0.));
#7427=DIRECTION('ref_axis',(0.707106781186548,0.,-0.707106781186547));
#7428=DIRECTION('center_axis',(0.,-1.,0.));
#7429=DIRECTION('ref_axis',(1.22464679914735E-16,0.,-1.));
#7430=DIRECTION('',(0.,-1.,0.));
#7431=DIRECTION('center_axis',(1.,0.,1.22464679914735E-16));
#7432=DIRECTION('ref_axis',(8.65956056235493E-17,0.707106781186547,-0.707106781186547));
#7433=DIRECTION('center_axis',(1.,0.,1.22464679914735E-16));
#7434=DIRECTION('ref_axis',(1.22464679914735E-16,0.,-1.));
#7435=DIRECTION('',(1.,0.,1.22464679914735E-16));
#7436=DIRECTION('center_axis',(-1.,0.,-1.22464679914735E-16));
#7437=DIRECTION('ref_axis',(0.,1.,0.));
#7438=DIRECTION('',(-1.,0.,-1.22464679914735E-16));
#7439=DIRECTION('center_axis',(0.408248290463865,-0.81649658092773,-0.408248290463854));
#7440=DIRECTION('ref_axis',(0.577350269189626,0.577350269189626,-0.577350269189626));
#7441=DIRECTION('center_axis',(1.22464679914735E-16,0.,-1.));
#7442=DIRECTION('ref_axis',(0.707106781186551,0.707106781186544,8.65956056235498E-17));
#7443=DIRECTION('center_axis',(-0.40824829046386,-0.816496580927732,-0.408248290463855));
#7444=DIRECTION('ref_axis',(-0.577350269189626,0.577350269189626,-0.577350269189626));
#7445=DIRECTION('center_axis',(1.22464679914735E-16,0.,-1.));
#7446=DIRECTION('ref_axis',(-0.707106781186548,0.707106781186547,-8.65956056235494E-17));
#7447=DIRECTION('center_axis',(1.22464679914735E-16,0.,-1.));
#7448=DIRECTION('ref_axis',(-0.707106781186547,0.707106781186547,-8.65956056235493E-17));
#7449=DIRECTION('center_axis',(1.22464679914735E-16,0.,-1.));
#7450=DIRECTION('ref_axis',(-0.707106781186547,0.707106781186547,-8.65956056235493E-17));
#7451=DIRECTION('',(1.22464679914735E-16,0.,-1.));
#7452=DIRECTION('center_axis',(0.,-1.,0.));
#7453=DIRECTION('ref_axis',(-1.,0.,-1.22464679914735E-16));
#7454=DIRECTION('',(-1.,0.,-1.22464679914735E-16));
#7455=DIRECTION('center_axis',(1.22464679914735E-16,0.,-1.));
#7456=DIRECTION('ref_axis',(-1.,0.,-1.22464679914735E-16));
#7457=DIRECTION('',(0.,-1.,0.));
#7458=DIRECTION('center_axis',(1.22464679914735E-16,0.,-1.));
#7459=DIRECTION('ref_axis',(0.707106781186547,0.707106781186547,8.65956056235493E-17));
#7460=DIRECTION('',(1.,0.,1.22464679914735E-16));
#7461=DIRECTION('center_axis',(1.,0.,1.22464679914735E-16));
#7462=DIRECTION('ref_axis',(0.,-1.,0.));
#7463=DIRECTION('',(1.22464679914735E-16,0.,-1.));
#7464=DIRECTION('center_axis',(1.22464679914735E-16,0.,-1.));
#7465=DIRECTION('ref_axis',(0.707106781186547,0.707106781186547,8.65956056235493E-17));
#7466=DIRECTION('',(-1.22464679914735E-16,0.,1.));
#7467=DIRECTION('center_axis',(0.,-1.,0.));
#7468=DIRECTION('ref_axis',(1.,0.,1.22464679914735E-16));
#7469=DIRECTION('center_axis',(0.,-1.,0.));
#7470=DIRECTION('ref_axis',(1.,0.,1.22464679914735E-16));
#7471=DIRECTION('',(0.,-1.,0.));
#7472=DIRECTION('center_axis',(0.,-1.,0.));
#7473=DIRECTION('ref_axis',(1.,0.,1.22464679914735E-16));
#7474=DIRECTION('center_axis',(0.,1.,0.));
#7475=DIRECTION('ref_axis',(1.,0.,1.22464679914735E-16));
#7476=DIRECTION('center_axis',(0.,-1.,0.));
#7477=DIRECTION('ref_axis',(1.,0.,1.22464679914735E-16));
#7478=DIRECTION('center_axis',(0.,-1.,0.));
#7479=DIRECTION('ref_axis',(1.,0.,1.22464679914735E-16));
#7480=DIRECTION('',(0.,-1.,0.));
#7481=DIRECTION('center_axis',(0.,-1.,0.));
#7482=DIRECTION('ref_axis',(1.,0.,1.22464679914735E-16));
#7483=DIRECTION('center_axis',(0.,1.,0.));
#7484=DIRECTION('ref_axis',(1.,0.,1.22464679914735E-16));
#7485=DIRECTION('center_axis',(0.,-1.,0.));
#7486=DIRECTION('ref_axis',(1.,0.,1.22464679914735E-16));
#7487=DIRECTION('center_axis',(0.,-1.,0.));
#7488=DIRECTION('ref_axis',(1.,0.,1.22464679914735E-16));
#7489=DIRECTION('',(0.,-1.,0.));
#7490=DIRECTION('center_axis',(0.,-1.,0.));
#7491=DIRECTION('ref_axis',(1.,0.,1.22464679914735E-16));
#7492=DIRECTION('center_axis',(0.,1.,0.));
#7493=DIRECTION('ref_axis',(1.,0.,1.22464679914735E-16));
#7494=DIRECTION('center_axis',(0.,-1.,0.));
#7495=DIRECTION('ref_axis',(1.,0.,1.22464679914735E-16));
#7496=DIRECTION('center_axis',(0.,-1.,0.));
#7497=DIRECTION('ref_axis',(1.,0.,1.22464679914735E-16));
#7498=DIRECTION('',(0.,-1.,0.));
#7499=DIRECTION('center_axis',(0.,-1.,0.));
#7500=DIRECTION('ref_axis',(1.,0.,1.22464679914735E-16));
#7501=DIRECTION('center_axis',(0.,1.,0.));
#7502=DIRECTION('ref_axis',(1.,0.,1.22464679914735E-16));
#7503=DIRECTION('center_axis',(0.,-1.,0.));
#7504=DIRECTION('ref_axis',(-1.,0.,-1.22464679914735E-16));
#7505=DIRECTION('',(1.,0.,1.22464679914735E-16));
#7506=DIRECTION('center_axis',(0.,1.,0.));
#7507=DIRECTION('ref_axis',(1.,0.,1.22464679914735E-16));
#7508=DIRECTION('center_axis',(1.22464679914735E-16,0.,-1.));
#7509=DIRECTION('ref_axis',(-1.,0.,-1.22464679914735E-16));
#7510=CARTESIAN_POINT('',(0.,0.,0.));
#7511=CARTESIAN_POINT('Origin',(-1028.59140380078,100.,945.735808525785));
#7512=CARTESIAN_POINT('',(-1028.59140380078,100.,945.735808525785));
#7513=CARTESIAN_POINT('',(-1028.59140380078,100.,936.915890489324));
#7514=CARTESIAN_POINT('',(-1028.59140380078,100.,922.867904262893));
#7515=CARTESIAN_POINT('',(-1028.59140380078,99.5,945.735808525785));
#7516=CARTESIAN_POINT('',(-1028.59140380078,100.,945.735808525785));
#7517=CARTESIAN_POINT('',(-1028.59140380078,99.5,936.915890489324));
#7518=CARTESIAN_POINT('',(-1028.59140380078,99.5,945.735808525785));
#7519=CARTESIAN_POINT('',(-1028.59140380078,100.,936.915890489324));
#7520=CARTESIAN_POINT('Origin',(-1031.89972384625,100.,945.735808525785));
#7521=CARTESIAN_POINT('',(-1031.89972384625,100.,945.735808525785));
#7522=CARTESIAN_POINT('',(-918.449861923127,100.,945.735808525785));
#7523=CARTESIAN_POINT('',(-1031.89972384625,99.5,945.735808525785));
#7524=CARTESIAN_POINT('',(-1031.89972384625,100.,945.735808525785));
#7525=CARTESIAN_POINT('',(-1031.89972384625,99.5,945.735808525785));
#7526=CARTESIAN_POINT('Origin',(-1031.89972384625,100.,946.915890489324));
#7527=CARTESIAN_POINT('',(-1031.89972384625,100.,946.915890489324));
#7528=CARTESIAN_POINT('',(-1031.89972384625,100.,923.457945244662));
#7529=CARTESIAN_POINT('',(-1031.89972384625,99.5,946.915890489324));
#7530=CARTESIAN_POINT('',(-1031.89972384625,100.,946.915890489324));
#7531=CARTESIAN_POINT('',(-1031.89972384625,99.5,946.915890489324));
#7532=CARTESIAN_POINT('Origin',(-1023.97339566403,100.,946.915890489324));
#7533=CARTESIAN_POINT('',(-1023.97339566403,100.,946.915890489324));
#7534=CARTESIAN_POINT('',(-914.486697832017,100.,946.915890489324));
#7535=CARTESIAN_POINT('',(-1023.97339566403,99.5,946.915890489324));
#7536=CARTESIAN_POINT('',(-1023.97339566403,100.,946.915890489324));
#7537=CARTESIAN_POINT('',(-1023.97339566403,99.5,946.915890489324));
#7538=CARTESIAN_POINT('Origin',(-1023.97339566403,100.,945.735808525785));
#7539=CARTESIAN_POINT('',(-1023.97339566403,100.,945.735808525785));
#7540=CARTESIAN_POINT('',(-1023.97339566403,100.,922.867904262893));
#7541=CARTESIAN_POINT('',(-1023.97339566403,99.5,945.735808525785));
#7542=CARTESIAN_POINT('',(-1023.97339566403,100.,945.735808525785));
#7543=CARTESIAN_POINT('',(-1023.97339566403,99.5,945.735808525785));
#7544=CARTESIAN_POINT('Origin',(-1027.26807578259,100.,945.735808525785));
#7545=CARTESIAN_POINT('',(-1027.26807578259,100.,945.735808525785));
#7546=CARTESIAN_POINT('',(-916.134037891297,100.,945.735808525785));
#7547=CARTESIAN_POINT('',(-1027.26807578259,99.5,945.735808525785));
#7548=CARTESIAN_POINT('',(-1027.26807578259,100.,945.735808525785));
#7549=CARTESIAN_POINT('',(-1027.26807578259,99.5,945.735808525785));
#7550=CARTESIAN_POINT('Origin',(-1027.26807578259,100.,936.915890489324));
#7551=CARTESIAN_POINT('',(-1027.26807578259,100.,936.915890489324));
#7552=CARTESIAN_POINT('',(-1027.26807578259,100.,918.457945244662));
#7553=CARTESIAN_POINT('',(-1027.26807578259,99.5,936.915890489324));
#7554=CARTESIAN_POINT('',(-1027.26807578259,100.,936.915890489324));
#7555=CARTESIAN_POINT('',(-1027.26807578259,99.5,936.915890489324));
#7556=CARTESIAN_POINT('Origin',(-1028.59140380078,100.,936.915890489324));
#7557=CARTESIAN_POINT('',(-916.795701900391,100.,936.915890489324));
#7558=CARTESIAN_POINT('',(-1028.59140380078,99.5,936.915890489324));
#7559=CARTESIAN_POINT('Origin',(-1027.50000043565,99.5,934.027077470525));
#7560=CARTESIAN_POINT('Origin',(-1045.79809172803,100.,922.488877092107));
#7561=CARTESIAN_POINT('',(-1045.79809172803,100.,922.488877092107));
#7562=CARTESIAN_POINT('',(-1045.79809172803,100.,921.308795724615));
#7563=CARTESIAN_POINT('',(-1045.79809172803,100.,911.244438546054));
#7564=CARTESIAN_POINT('',(-1045.79809172803,99.5,922.488877092107));
#7565=CARTESIAN_POINT('',(-1045.79809172803,100.,922.488877092107));
#7566=CARTESIAN_POINT('',(-1045.79809172803,99.5,921.308795724615));
#7567=CARTESIAN_POINT('',(-1045.79809172803,99.5,922.488877092107));
#7568=CARTESIAN_POINT('',(-1045.79809172803,100.,921.308795724615));
#7569=CARTESIAN_POINT('Origin',(-1039.65893729382,100.,922.488877092107));
#7570=CARTESIAN_POINT('',(-1039.65893729382,100.,922.488877092107));
#7571=CARTESIAN_POINT('',(-922.329468646912,100.,922.488877092107));
#7572=CARTESIAN_POINT('',(-1039.65893729382,99.5,922.488877092107));
#7573=CARTESIAN_POINT('',(-1039.65893729382,100.,922.488877092107));
#7574=CARTESIAN_POINT('',(-1039.65893729382,99.5,922.488877092107));
#7575=CARTESIAN_POINT('Origin',(-1039.65893729382,100.,925.892698083624));
#7576=CARTESIAN_POINT('',(-1039.65893729382,100.,925.892698083624));
#7577=CARTESIAN_POINT('',(-1039.65893729382,100.,912.946349041812));
#7578=CARTESIAN_POINT('',(-1039.65893729382,99.5,925.892698083624));
#7579=CARTESIAN_POINT('',(-1039.65893729382,100.,925.892698083624));
#7580=CARTESIAN_POINT('',(-1039.65893729382,99.5,925.892698083624));
#7581=CARTESIAN_POINT('Origin',(-1045.19099219495,100.,925.892698083624));
#7582=CARTESIAN_POINT('',(-1045.19099219495,100.,925.892698083624));
#7583=CARTESIAN_POINT('',(-925.095496097474,100.,925.892698083624));
#7584=CARTESIAN_POINT('',(-1045.19099219495,99.5,925.892698083624));
#7585=CARTESIAN_POINT('',(-1045.19099219495,100.,925.892698083624));
#7586=CARTESIAN_POINT('',(-1045.19099219495,99.5,925.892698083624));
#7587=CARTESIAN_POINT('Origin',(-1045.19099219495,100.,927.065958295568));
#7588=CARTESIAN_POINT('',(-1045.19099219495,100.,927.065958295568));
#7589=CARTESIAN_POINT('',(-1045.19099219495,100.,913.532979147784));
#7590=CARTESIAN_POINT('',(-1045.19099219495,99.5,927.065958295568));
#7591=CARTESIAN_POINT('',(-1045.19099219495,100.,927.065958295568));
#7592=CARTESIAN_POINT('',(-1045.19099219495,99.5,927.065958295568));
#7593=CARTESIAN_POINT('Origin',(-1039.65893729382,100.,927.065958295568));
#7594=CARTESIAN_POINT('',(-1039.65893729382,100.,927.065958295568));
#7595=CARTESIAN_POINT('',(-922.329468646912,100.,927.065958295568));
#7596=CARTESIAN_POINT('',(-1039.65893729382,99.5,927.065958295568));
#7597=CARTESIAN_POINT('',(-1039.65893729382,100.,927.065958295568));
#7598=CARTESIAN_POINT('',(-1039.65893729382,99.5,927.065958295568));
#7599=CARTESIAN_POINT('Origin',(-1039.65893729382,100.,930.128714357122));
#7600=CARTESIAN_POINT('',(-1039.65893729382,100.,930.128714357122));
#7601=CARTESIAN_POINT('',(-1039.65893729382,100.,915.064357178561));
#7602=CARTESIAN_POINT('',(-1039.65893729382,99.5,930.128714357122));
#7603=CARTESIAN_POINT('',(-1039.65893729382,100.,930.128714357122));
#7604=CARTESIAN_POINT('',(-1039.65893729382,99.5,930.128714357122));
#7605=CARTESIAN_POINT('Origin',(-1045.56616767102,100.,930.128714357122));
#7606=CARTESIAN_POINT('',(-1045.56616767102,100.,930.128714357122));
#7607=CARTESIAN_POINT('',(-925.283083835511,100.,930.128714357122));
#7608=CARTESIAN_POINT('',(-1045.56616767102,99.5,930.128714357122));
#7609=CARTESIAN_POINT('',(-1045.56616767102,100.,930.128714357122));
#7610=CARTESIAN_POINT('',(-1045.56616767102,99.5,930.128714357122));
#7611=CARTESIAN_POINT('Origin',(-1045.56616767102,100.,931.308795724615));
#7612=CARTESIAN_POINT('',(-1045.56616767102,100.,931.308795724615));
#7613=CARTESIAN_POINT('',(-1045.56616767102,100.,915.654397862307));
#7614=CARTESIAN_POINT('',(-1045.56616767102,99.5,931.308795724615));
#7615=CARTESIAN_POINT('',(-1045.56616767102,100.,931.308795724615));
#7616=CARTESIAN_POINT('',(-1045.56616767102,99.5,931.308795724615));
#7617=CARTESIAN_POINT('Origin',(-1038.33560927564,100.,931.308795724615));
#7618=CARTESIAN_POINT('',(-1038.33560927564,100.,931.308795724615));
#7619=CARTESIAN_POINT('',(-921.667804637818,100.,931.308795724615));
#7620=CARTESIAN_POINT('',(-1038.33560927564,99.5,931.308795724615));
#7621=CARTESIAN_POINT('',(-1038.33560927564,100.,931.308795724615));
#7622=CARTESIAN_POINT('',(-1038.33560927564,99.5,931.308795724615));
#7623=CARTESIAN_POINT('Origin',(-1038.33560927564,100.,921.308795724615));
#7624=CARTESIAN_POINT('',(-1038.33560927564,100.,921.308795724615));
#7625=CARTESIAN_POINT('',(-1038.33560927564,100.,910.654397862307));
#7626=CARTESIAN_POINT('',(-1038.33560927564,99.5,921.308795724615));
#7627=CARTESIAN_POINT('',(-1038.33560927564,100.,921.308795724615));
#7628=CARTESIAN_POINT('',(-1038.33560927564,99.5,921.308795724615));
#7629=CARTESIAN_POINT('Origin',(-1045.79809172803,100.,921.308795724615));
#7630=CARTESIAN_POINT('',(-925.399045864014,100.,921.308795724615));
#7631=CARTESIAN_POINT('',(-1045.79809172803,99.5,921.308795724615));
#7632=CARTESIAN_POINT('Origin',(-1027.50000043565,99.5,934.027077470525));
#7633=CARTESIAN_POINT('Ctrl Pts',(-1023.0968616789,100.,930.258318696722));
#7634=CARTESIAN_POINT('Ctrl Pts',(-1023.0968616789,99.5,930.258318696722));
#7635=CARTESIAN_POINT('Ctrl Pts',(-1023.02623580769,100.,929.937132412583));
#7636=CARTESIAN_POINT('Ctrl Pts',(-1023.02623580769,99.5,929.937132412583));
#7637=CARTESIAN_POINT('Ctrl Pts',(-1022.8839288704,100.,929.289961119417));
#7638=CARTESIAN_POINT('Ctrl Pts',(-1022.8839288704,99.5,929.289961119417));
#7639=CARTESIAN_POINT('Ctrl Pts',(-1022.66716436723,100.,928.663774335578));
#7640=CARTESIAN_POINT('Ctrl Pts',(-1022.66716436723,99.5,928.663774335578));
#7641=CARTESIAN_POINT('Ctrl Pts',(-1022.55797846967,100.,928.348359380468));
#7642=CARTESIAN_POINT('Ctrl Pts',(-1022.55797846967,99.5,928.348359380468));
#7643=CARTESIAN_POINT('',(-1023.0968616789,100.,930.258318696722));
#7644=CARTESIAN_POINT('',(-1022.55797846967,100.,928.348359380468));
#7645=CARTESIAN_POINT('Ctrl Pts',(-1023.0968616789,100.,930.258318696722));
#7646=CARTESIAN_POINT('Ctrl Pts',(-1023.02623580769,100.,929.937132412583));
#7647=CARTESIAN_POINT('Ctrl Pts',(-1022.8839288704,100.,929.289961119417));
#7648=CARTESIAN_POINT('Ctrl Pts',(-1022.66716436723,100.,928.663774335578));
#7649=CARTESIAN_POINT('Ctrl Pts',(-1022.55797846967,100.,928.348359380468));
#7650=CARTESIAN_POINT('',(-1023.0968616789,99.5,930.258318696722));
#7651=CARTESIAN_POINT('',(-1023.0968616789,100.,930.258318696722));
#7652=CARTESIAN_POINT('',(-1022.55797846967,99.5,928.348359380468));
#7653=CARTESIAN_POINT('Ctrl Pts',(-1023.0968616789,99.5,930.258318696722));
#7654=CARTESIAN_POINT('Ctrl Pts',(-1023.02623580769,99.5,929.937132412583));
#7655=CARTESIAN_POINT('Ctrl Pts',(-1022.8839288704,99.5,929.289961119417));
#7656=CARTESIAN_POINT('Ctrl Pts',(-1022.66716436723,99.5,928.663774335578));
#7657=CARTESIAN_POINT('Ctrl Pts',(-1022.55797846967,99.5,928.348359380468));
#7658=CARTESIAN_POINT('',(-1022.55797846967,100.,928.348359380468));
#7659=CARTESIAN_POINT('Ctrl Pts',(-1023.80627377683,100.,928.184649263128));
#7660=CARTESIAN_POINT('Ctrl Pts',(-1023.80627377683,99.5,928.184649263128));
#7661=CARTESIAN_POINT('Ctrl Pts',(-1023.66326765583,100.,928.56631500149));
#7662=CARTESIAN_POINT('Ctrl Pts',(-1023.66326765583,99.5,928.56631500149));
#7663=CARTESIAN_POINT('Ctrl Pts',(-1023.40681562298,100.,929.250753917705));
#7664=CARTESIAN_POINT('Ctrl Pts',(-1023.40681562298,99.5,929.250753917705));
#7665=CARTESIAN_POINT('Ctrl Pts',(-1023.19192305548,100.,929.949303448763));
#7666=CARTESIAN_POINT('Ctrl Pts',(-1023.19192305548,99.5,929.949303448763));
#7667=CARTESIAN_POINT('Ctrl Pts',(-1023.0968616789,100.,930.258318696722));
#7668=CARTESIAN_POINT('Ctrl Pts',(-1023.0968616789,99.5,930.258318696722));
#7669=CARTESIAN_POINT('',(-1023.80627377683,100.,928.184649263128));
#7670=CARTESIAN_POINT('Ctrl Pts',(-1023.80627377683,100.,928.184649263128));
#7671=CARTESIAN_POINT('Ctrl Pts',(-1023.66326765583,100.,928.56631500149));
#7672=CARTESIAN_POINT('Ctrl Pts',(-1023.40681562298,100.,929.250753917705));
#7673=CARTESIAN_POINT('Ctrl Pts',(-1023.19192305548,100.,929.949303448763));
#7674=CARTESIAN_POINT('Ctrl Pts',(-1023.0968616789,100.,930.258318696722));
#7675=CARTESIAN_POINT('',(-1023.80627377683,99.5,928.184649263128));
#7676=CARTESIAN_POINT('',(-1023.80627377683,100.,928.184649263128));
#7677=CARTESIAN_POINT('Ctrl Pts',(-1023.80627377683,99.5,928.184649263128));
#7678=CARTESIAN_POINT('Ctrl Pts',(-1023.66326765583,99.5,928.56631500149));
#7679=CARTESIAN_POINT('Ctrl Pts',(-1023.40681562298,99.5,929.250753917705));
#7680=CARTESIAN_POINT('Ctrl Pts',(-1023.19192305548,99.5,929.949303448763));
#7681=CARTESIAN_POINT('Ctrl Pts',(-1023.0968616789,99.5,930.258318696722));
#7682=CARTESIAN_POINT('Origin',(-1024.84992964917,100.,925.415207658514));
#7683=CARTESIAN_POINT('',(-1024.84992964917,100.,925.415207658514));
#7684=CARTESIAN_POINT('',(-1015.37366218619,100.,950.561398145111));
#7685=CARTESIAN_POINT('',(-1024.84992964917,99.5,925.415207658514));
#7686=CARTESIAN_POINT('',(-1024.84992964917,100.,925.415207658514));
#7687=CARTESIAN_POINT('',(-1024.84992964917,99.5,925.415207658514));
#7688=CARTESIAN_POINT('Origin',(-1021.45975335294,100.,925.415207658514));
#7689=CARTESIAN_POINT('',(-1021.45975335294,100.,925.415207658514));
#7690=CARTESIAN_POINT('',(-913.229876676469,100.,925.415207658514));
#7691=CARTESIAN_POINT('',(-1021.45975335294,99.5,925.415207658514));
#7692=CARTESIAN_POINT('',(-1021.45975335294,100.,925.415207658514));
#7693=CARTESIAN_POINT('',(-1021.45975335294,99.5,925.415207658514));
#7694=CARTESIAN_POINT('Origin',(-1022.55797846967,100.,928.348359380468));
#7695=CARTESIAN_POINT('',(-1004.5287921453,100.,880.195810228956));
#7696=CARTESIAN_POINT('',(-1022.55797846967,99.5,928.348359380468));
#7697=CARTESIAN_POINT('Origin',(-1021.07776148969,100.,924.337446008428));
#7698=CARTESIAN_POINT('',(-1021.07776148969,100.,924.337446008428));
#7699=CARTESIAN_POINT('',(-1019.97953398877,100.,921.308795724615));
#7700=CARTESIAN_POINT('',(-1004.62300575991,100.,878.959142724714));
#7701=CARTESIAN_POINT('',(-1021.07776148969,99.5,924.337446008428));
#7702=CARTESIAN_POINT('',(-1021.07776148969,100.,924.337446008428));
#7703=CARTESIAN_POINT('',(-1019.97953398877,99.5,921.308795724615));
#7704=CARTESIAN_POINT('',(-1021.07776148969,99.5,924.337446008428));
#7705=CARTESIAN_POINT('',(-1019.97953398877,100.,921.308795724615));
#7706=CARTESIAN_POINT('Origin',(-1025.2592085188,100.,924.337446008428));
#7707=CARTESIAN_POINT('',(-1025.2592085188,100.,924.337446008428));
#7708=CARTESIAN_POINT('',(-915.1296042594,100.,924.337446008428));
#7709=CARTESIAN_POINT('',(-1025.2592085188,99.5,924.337446008428));
#7710=CARTESIAN_POINT('',(-1025.2592085188,100.,924.337446008428));
#7711=CARTESIAN_POINT('',(-1025.2592085188,99.5,924.337446008428));
#7712=CARTESIAN_POINT('Origin',(-1026.4256475752,100.,921.308795724615));
#7713=CARTESIAN_POINT('',(-1026.4256475752,100.,921.308795724615));
#7714=CARTESIAN_POINT('',(-1015.69829156269,100.,949.162295359833));
#7715=CARTESIAN_POINT('',(-1026.4256475752,99.5,921.308795724615));
#7716=CARTESIAN_POINT('',(-1026.4256475752,100.,921.308795724615));
#7717=CARTESIAN_POINT('',(-1026.4256475752,99.5,921.308795724615));
#7718=CARTESIAN_POINT('Origin',(-1027.93314917737,100.,921.308795724615));
#7719=CARTESIAN_POINT('',(-1027.93314917737,100.,921.308795724615));
#7720=CARTESIAN_POINT('',(-916.466574588685,100.,921.308795724615));
#7721=CARTESIAN_POINT('',(-1027.93314917737,99.5,921.308795724615));
#7722=CARTESIAN_POINT('',(-1027.93314917737,100.,921.308795724615));
#7723=CARTESIAN_POINT('',(-1027.93314917737,99.5,921.308795724615));
#7724=CARTESIAN_POINT('Origin',(-1023.84037955457,100.,931.308795724615));
#7725=CARTESIAN_POINT('',(-1023.84037955457,100.,931.308795724615));
#7726=CARTESIAN_POINT('',(-1013.62911228927,100.,956.258324299113));
#7727=CARTESIAN_POINT('',(-1023.84037955457,99.5,931.308795724615));
#7728=CARTESIAN_POINT('',(-1023.84037955457,100.,931.308795724615));
#7729=CARTESIAN_POINT('',(-1023.84037955457,99.5,931.308795724615));
#7730=CARTESIAN_POINT('Origin',(-1022.41473181897,100.,931.308795724615));
#7731=CARTESIAN_POINT('',(-1022.41473181897,100.,931.308795724615));
#7732=CARTESIAN_POINT('',(-913.707365909486,100.,931.308795724615));
#7733=CARTESIAN_POINT('',(-1022.41473181897,99.5,931.308795724615));
#7734=CARTESIAN_POINT('',(-1022.41473181897,100.,931.308795724615));
#7735=CARTESIAN_POINT('',(-1022.41473181897,99.5,931.308795724615));
#7736=CARTESIAN_POINT('Origin',(-1018.57435210401,100.,921.308795724615));
#7737=CARTESIAN_POINT('',(-1018.57435210401,100.,921.308795724615));
#7738=CARTESIAN_POINT('',(-1001.28330721907,100.,876.284485192114));
#7739=CARTESIAN_POINT('',(-1018.57435210401,99.5,921.308795724615));
#7740=CARTESIAN_POINT('',(-1018.57435210401,100.,921.308795724615));
#7741=CARTESIAN_POINT('',(-1018.57435210401,99.5,921.308795724615));
#7742=CARTESIAN_POINT('Origin',(-1019.97953398877,100.,921.308795724615));
#7743=CARTESIAN_POINT('',(-912.489766994385,100.,921.308795724615));
#7744=CARTESIAN_POINT('',(-1019.97953398877,99.5,921.308795724615));
#7745=CARTESIAN_POINT('Origin',(-1027.50000043565,99.5,934.027077470525));
#7746=CARTESIAN_POINT('Ctrl Pts',(-1030.52865012341,100.,921.533898626074));
#7747=CARTESIAN_POINT('Ctrl Pts',(-1030.52865012341,99.5,921.533898626074));
#7748=CARTESIAN_POINT('Ctrl Pts',(-1030.24050065093,100.,921.680607687332));
#7749=CARTESIAN_POINT('Ctrl Pts',(-1030.24050065093,99.5,921.680607687332));
#7750=CARTESIAN_POINT('Ctrl Pts',(-1029.67173288959,100.,921.970191366311));
#7751=CARTESIAN_POINT('Ctrl Pts',(-1029.67173288959,99.5,921.970191366311));
#7752=CARTESIAN_POINT('Ctrl Pts',(-1029.28176152496,100.,922.47509934587));
#7753=CARTESIAN_POINT('Ctrl Pts',(-1029.28176152496,99.5,922.47509934587));
#7754=CARTESIAN_POINT('Ctrl Pts',(-1029.08935769254,100.,922.724210534795));
#7755=CARTESIAN_POINT('Ctrl Pts',(-1029.08935769254,99.5,922.724210534795));
#7756=CARTESIAN_POINT('',(-1030.52865012341,100.,921.533898626074));
#7757=CARTESIAN_POINT('',(-1029.08935769254,100.,922.724210534795));
#7758=CARTESIAN_POINT('Ctrl Pts',(-1030.52865012341,100.,921.533898626074));
#7759=CARTESIAN_POINT('Ctrl Pts',(-1030.24050065093,100.,921.680607687332));
#7760=CARTESIAN_POINT('Ctrl Pts',(-1029.67173288959,100.,921.970191366311));
#7761=CARTESIAN_POINT('Ctrl Pts',(-1029.28176152496,100.,922.47509934587));
#7762=CARTESIAN_POINT('Ctrl Pts',(-1029.08935769254,100.,922.724210534795));
#7763=CARTESIAN_POINT('',(-1030.52865012341,99.5,921.533898626074));
#7764=CARTESIAN_POINT('',(-1030.52865012341,100.,921.533898626074));
#7765=CARTESIAN_POINT('',(-1029.08935769254,99.5,922.724210534795));
#7766=CARTESIAN_POINT('Ctrl Pts',(-1030.52865012341,99.5,921.533898626074));
#7767=CARTESIAN_POINT('Ctrl Pts',(-1030.24050065093,99.5,921.680607687332));
#7768=CARTESIAN_POINT('Ctrl Pts',(-1029.67173288959,99.5,921.970191366311));
#7769=CARTESIAN_POINT('Ctrl Pts',(-1029.28176152496,99.5,922.47509934587));
#7770=CARTESIAN_POINT('Ctrl Pts',(-1029.08935769254,99.5,922.724210534795));
#7771=CARTESIAN_POINT('',(-1029.08935769254,100.,922.724210534795));
#7772=CARTESIAN_POINT('Ctrl Pts',(-1032.80354483777,100.,921.138264451727));
#7773=CARTESIAN_POINT('Ctrl Pts',(-1032.80354483777,99.5,921.138264451727));
#7774=CARTESIAN_POINT('Ctrl Pts',(-1032.38366835578,100.,921.148921063409));
#7775=CARTESIAN_POINT('Ctrl Pts',(-1032.38366835578,99.5,921.148921063409));
#7776=CARTESIAN_POINT('Ctrl Pts',(-1031.6049531023,100.,921.168685128374));
#7777=CARTESIAN_POINT('Ctrl Pts',(-1031.6049531023,99.5,921.168685128374));
#7778=CARTESIAN_POINT('Ctrl Pts',(-1030.86816739488,100.,921.418692877625));
#7779=CARTESIAN_POINT('Ctrl Pts',(-1030.86816739488,99.5,921.418692877625));
#7780=CARTESIAN_POINT('Ctrl Pts',(-1030.52865012341,100.,921.533898626074));
#7781=CARTESIAN_POINT('Ctrl Pts',(-1030.52865012341,99.5,921.533898626074));
#7782=CARTESIAN_POINT('',(-1032.80354483777,100.,921.138264451727));
#7783=CARTESIAN_POINT('Ctrl Pts',(-1032.80354483777,100.,921.138264451727));
#7784=CARTESIAN_POINT('Ctrl Pts',(-1032.38366835578,100.,921.148921063409));
#7785=CARTESIAN_POINT('Ctrl Pts',(-1031.6049531023,100.,921.168685128374));
#7786=CARTESIAN_POINT('Ctrl Pts',(-1030.86816739488,100.,921.418692877625));
#7787=CARTESIAN_POINT('Ctrl Pts',(-1030.52865012341,100.,921.533898626074));
#7788=CARTESIAN_POINT('',(-1032.80354483777,99.5,921.138264451727));
#7789=CARTESIAN_POINT('',(-1032.80354483777,100.,921.138264451727));
#7790=CARTESIAN_POINT('Ctrl Pts',(-1032.80354483777,99.5,921.138264451727));
#7791=CARTESIAN_POINT('Ctrl Pts',(-1032.38366835578,99.5,921.148921063409));
#7792=CARTESIAN_POINT('Ctrl Pts',(-1031.6049531023,99.5,921.168685128374));
#7793=CARTESIAN_POINT('Ctrl Pts',(-1030.86816739488,99.5,921.418692877625));
#7794=CARTESIAN_POINT('Ctrl Pts',(-1030.52865012341,99.5,921.533898626074));
#7795=CARTESIAN_POINT('Ctrl Pts',(-1034.73055823499,100.,921.530486856207));
#7796=CARTESIAN_POINT('Ctrl Pts',(-1034.73055823499,99.5,921.530486856207));
#7797=CARTESIAN_POINT('Ctrl Pts',(-1034.43067529667,100.,921.416123043198));
#7798=CARTESIAN_POINT('Ctrl Pts',(-1034.43067529667,99.5,921.416123043198));
#7799=CARTESIAN_POINT('Ctrl Pts',(-1033.81028167147,100.,921.179528787639));
#7800=CARTESIAN_POINT('Ctrl Pts',(-1033.81028167147,99.5,921.179528787639));
#7801=CARTESIAN_POINT('Ctrl Pts',(-1033.14648078773,100.,921.15232078081));
#7802=CARTESIAN_POINT('Ctrl Pts',(-1033.14648078773,99.5,921.15232078081));
#7803=CARTESIAN_POINT('Ctrl Pts',(-1032.80354483777,100.,921.138264451727));
#7804=CARTESIAN_POINT('Ctrl Pts',(-1032.80354483777,99.5,921.138264451727));
#7805=CARTESIAN_POINT('',(-1034.73055823499,100.,921.530486856207));
#7806=CARTESIAN_POINT('Ctrl Pts',(-1034.73055823499,100.,921.530486856207));
#7807=CARTESIAN_POINT('Ctrl Pts',(-1034.43067529667,100.,921.416123043198));
#7808=CARTESIAN_POINT('Ctrl Pts',(-1033.81028167147,100.,921.179528787639));
#7809=CARTESIAN_POINT('Ctrl Pts',(-1033.14648078773,100.,921.15232078081));
#7810=CARTESIAN_POINT('Ctrl Pts',(-1032.80354483777,100.,921.138264451727));
#7811=CARTESIAN_POINT('',(-1034.73055823499,99.5,921.530486856207));
#7812=CARTESIAN_POINT('',(-1034.73055823499,100.,921.530486856207));
#7813=CARTESIAN_POINT('Ctrl Pts',(-1034.73055823499,99.5,921.530486856207));
#7814=CARTESIAN_POINT('Ctrl Pts',(-1034.43067529667,99.5,921.416123043198));
#7815=CARTESIAN_POINT('Ctrl Pts',(-1033.81028167147,99.5,921.179528787639));
#7816=CARTESIAN_POINT('Ctrl Pts',(-1033.14648078773,99.5,921.15232078081));
#7817=CARTESIAN_POINT('Ctrl Pts',(-1032.80354483777,99.5,921.138264451727));
#7818=CARTESIAN_POINT('Ctrl Pts',(-1036.04365332776,100.,922.628714357122));
#7819=CARTESIAN_POINT('Ctrl Pts',(-1036.04365332776,99.5,922.628714357122));
#7820=CARTESIAN_POINT('Ctrl Pts',(-1035.87062890001,100.,922.404630274807));
#7821=CARTESIAN_POINT('Ctrl Pts',(-1035.87062890001,99.5,922.404630274807));
#7822=CARTESIAN_POINT('Ctrl Pts',(-1035.5138858522,100.,921.94261205271));
#7823=CARTESIAN_POINT('Ctrl Pts',(-1035.5138858522,99.5,921.94261205271));
#7824=CARTESIAN_POINT('Ctrl Pts',(-1034.99683404591,100.,921.670580181771));
#7825=CARTESIAN_POINT('Ctrl Pts',(-1034.99683404591,99.5,921.670580181771));
#7826=CARTESIAN_POINT('Ctrl Pts',(-1034.73055823499,100.,921.530486856207));
#7827=CARTESIAN_POINT('Ctrl Pts',(-1034.73055823499,99.5,921.530486856207));
#7828=CARTESIAN_POINT('',(-1036.04365332776,100.,922.628714357122));
#7829=CARTESIAN_POINT('Ctrl Pts',(-1036.04365332776,100.,922.628714357122));
#7830=CARTESIAN_POINT('Ctrl Pts',(-1035.87062890001,100.,922.404630274807));
#7831=CARTESIAN_POINT('Ctrl Pts',(-1035.5138858522,100.,921.94261205271));
#7832=CARTESIAN_POINT('Ctrl Pts',(-1034.99683404591,100.,921.670580181771));
#7833=CARTESIAN_POINT('Ctrl Pts',(-1034.73055823499,100.,921.530486856207));
#7834=CARTESIAN_POINT('',(-1036.04365332776,99.5,922.628714357122));
#7835=CARTESIAN_POINT('',(-1036.04365332776,100.,922.628714357122));
#7836=CARTESIAN_POINT('Ctrl Pts',(-1036.04365332776,99.5,922.628714357122));
#7837=CARTESIAN_POINT('Ctrl Pts',(-1035.87062890001,99.5,922.404630274807));
#7838=CARTESIAN_POINT('Ctrl Pts',(-1035.5138858522,99.5,921.94261205271));
#7839=CARTESIAN_POINT('Ctrl Pts',(-1034.99683404591,99.5,921.670580181771));
#7840=CARTESIAN_POINT('Ctrl Pts',(-1034.73055823499,99.5,921.530486856207));
#7841=CARTESIAN_POINT('Ctrl Pts',(-1036.50068267041,100.,924.132806573614));
#7842=CARTESIAN_POINT('Ctrl Pts',(-1036.50068267041,99.5,924.132806573614));
#7843=CARTESIAN_POINT('Ctrl Pts',(-1036.48059914355,100.,923.869020707561));
#7844=CARTESIAN_POINT('Ctrl Pts',(-1036.48059914355,99.5,923.869020707561));
#7845=CARTESIAN_POINT('Ctrl Pts',(-1036.43986451533,100.,923.333994202745));
#7846=CARTESIAN_POINT('Ctrl Pts',(-1036.43986451533,99.5,923.333994202745));
#7847=CARTESIAN_POINT('Ctrl Pts',(-1036.17694485087,100.,922.865981319266));
#7848=CARTESIAN_POINT('Ctrl Pts',(-1036.17694485087,99.5,922.865981319266));
#7849=CARTESIAN_POINT('Ctrl Pts',(-1036.04365332776,100.,922.628714357122));
#7850=CARTESIAN_POINT('Ctrl Pts',(-1036.04365332776,99.5,922.628714357122));
#7851=CARTESIAN_POINT('',(-1036.50068267041,100.,924.132806573614));
#7852=CARTESIAN_POINT('Ctrl Pts',(-1036.50068267041,100.,924.132806573614));
#7853=CARTESIAN_POINT('Ctrl Pts',(-1036.48059914355,100.,923.869020707561));
#7854=CARTESIAN_POINT('Ctrl Pts',(-1036.43986451533,100.,923.333994202745));
#7855=CARTESIAN_POINT('Ctrl Pts',(-1036.17694485087,100.,922.865981319266));
#7856=CARTESIAN_POINT('Ctrl Pts',(-1036.04365332776,100.,922.628714357122));
#7857=CARTESIAN_POINT('',(-1036.50068267041,99.5,924.132806573614));
#7858=CARTESIAN_POINT('',(-1036.50068267041,100.,924.132806573614));
#7859=CARTESIAN_POINT('Ctrl Pts',(-1036.50068267041,99.5,924.132806573614));
#7860=CARTESIAN_POINT('Ctrl Pts',(-1036.48059914355,99.5,923.869020707561));
#7861=CARTESIAN_POINT('Ctrl Pts',(-1036.43986451533,99.5,923.333994202745));
#7862=CARTESIAN_POINT('Ctrl Pts',(-1036.17694485087,99.5,922.865981319266));
#7863=CARTESIAN_POINT('Ctrl Pts',(-1036.04365332776,99.5,922.628714357122));
#7864=CARTESIAN_POINT('Ctrl Pts',(-1036.08458502942,100.,925.555042539343));
#7865=CARTESIAN_POINT('Ctrl Pts',(-1036.08458502942,99.5,925.555042539343));
#7866=CARTESIAN_POINT('Ctrl Pts',(-1036.20593091373,100.,925.338762882782));
#7867=CARTESIAN_POINT('Ctrl Pts',(-1036.20593091373,99.5,925.338762882782));
#7868=CARTESIAN_POINT('Ctrl Pts',(-1036.45378797874,100.,924.896997253884));
#7869=CARTESIAN_POINT('Ctrl Pts',(-1036.45378797874,99.5,924.896997253884));
#7870=CARTESIAN_POINT('Ctrl Pts',(-1036.48483543209,100.,924.391051407006));
#7871=CARTESIAN_POINT('Ctrl Pts',(-1036.48483543209,99.5,924.391051407006));
#7872=CARTESIAN_POINT('Ctrl Pts',(-1036.50068267041,100.,924.132806573614));
#7873=CARTESIAN_POINT('Ctrl Pts',(-1036.50068267041,99.5,924.132806573614));
#7874=CARTESIAN_POINT('',(-1036.08458502942,100.,925.555042539343));
#7875=CARTESIAN_POINT('Ctrl Pts',(-1036.08458502942,100.,925.555042539343));
#7876=CARTESIAN_POINT('Ctrl Pts',(-1036.20593091373,100.,925.338762882782));
#7877=CARTESIAN_POINT('Ctrl Pts',(-1036.45378797874,100.,924.896997253884));
#7878=CARTESIAN_POINT('Ctrl Pts',(-1036.48483543209,100.,924.391051407006));
#7879=CARTESIAN_POINT('Ctrl Pts',(-1036.50068267041,100.,924.132806573614));
#7880=CARTESIAN_POINT('',(-1036.08458502942,99.5,925.555042539343));
#7881=CARTESIAN_POINT('',(-1036.08458502942,100.,925.555042539343));
#7882=CARTESIAN_POINT('Ctrl Pts',(-1036.08458502942,99.5,925.555042539343));
#7883=CARTESIAN_POINT('Ctrl Pts',(-1036.20593091373,99.5,925.338762882782));
#7884=CARTESIAN_POINT('Ctrl Pts',(-1036.45378797874,99.5,924.896997253884));
#7885=CARTESIAN_POINT('Ctrl Pts',(-1036.48483543209,99.5,924.391051407006));
#7886=CARTESIAN_POINT('Ctrl Pts',(-1036.50068267041,99.5,924.132806573614));
#7887=CARTESIAN_POINT('Ctrl Pts',(-1034.79536040479,100.,926.574825559362));
#7888=CARTESIAN_POINT('Ctrl Pts',(-1034.79536040479,99.5,926.574825559362));
#7889=CARTESIAN_POINT('Ctrl Pts',(-1035.06184204567,100.,926.439544906792));
#7890=CARTESIAN_POINT('Ctrl Pts',(-1035.06184204567,99.5,926.439544906792));
#7891=CARTESIAN_POINT('Ctrl Pts',(-1035.56124342042,100.,926.186021460876));
#7892=CARTESIAN_POINT('Ctrl Pts',(-1035.56124342042,99.5,926.186021460876));
#7893=CARTESIAN_POINT('Ctrl Pts',(-1035.91813265374,100.,925.755729697951));
#7894=CARTESIAN_POINT('Ctrl Pts',(-1035.91813265374,99.5,925.755729697951));
#7895=CARTESIAN_POINT('Ctrl Pts',(-1036.08458502942,100.,925.555042539343));
#7896=CARTESIAN_POINT('Ctrl Pts',(-1036.08458502942,99.5,925.555042539343));
#7897=CARTESIAN_POINT('',(-1034.79536040479,100.,926.574825559362));
#7898=CARTESIAN_POINT('Ctrl Pts',(-1034.79536040479,100.,926.574825559362));
#7899=CARTESIAN_POINT('Ctrl Pts',(-1035.06184204567,100.,926.439544906792));
#7900=CARTESIAN_POINT('Ctrl Pts',(-1035.56124342042,100.,926.186021460876));
#7901=CARTESIAN_POINT('Ctrl Pts',(-1035.91813265374,100.,925.755729697951));
#7902=CARTESIAN_POINT('Ctrl Pts',(-1036.08458502942,100.,925.555042539343));
#7903=CARTESIAN_POINT('',(-1034.79536040479,99.5,926.574825559362));
#7904=CARTESIAN_POINT('',(-1034.79536040479,100.,926.574825559362));
#7905=CARTESIAN_POINT('Ctrl Pts',(-1034.79536040479,99.5,926.574825559362));
#7906=CARTESIAN_POINT('Ctrl Pts',(-1035.06184204567,99.5,926.439544906792));
#7907=CARTESIAN_POINT('Ctrl Pts',(-1035.56124342042,99.5,926.186021460876));
#7908=CARTESIAN_POINT('Ctrl Pts',(-1035.91813265374,99.5,925.755729697951));
#7909=CARTESIAN_POINT('Ctrl Pts',(-1036.08458502942,99.5,925.555042539343));
#7910=CARTESIAN_POINT('Ctrl Pts',(-1032.58185370618,100.,927.212616716131));
#7911=CARTESIAN_POINT('Ctrl Pts',(-1032.58185370618,99.5,927.212616716131));
#7912=CARTESIAN_POINT('Ctrl Pts',(-1033.03873701809,100.,927.110544507254));
#7913=CARTESIAN_POINT('Ctrl Pts',(-1033.03873701809,99.5,927.110544507254));
#7914=CARTESIAN_POINT('Ctrl Pts',(-1033.78993321571,100.,926.942719915739));
#7915=CARTESIAN_POINT('Ctrl Pts',(-1033.78993321571,99.5,926.942719915739));
#7916=CARTESIAN_POINT('Ctrl Pts',(-1034.512330652,100.,926.678388552156));
#7917=CARTESIAN_POINT('Ctrl Pts',(-1034.512330652,99.5,926.678388552156));
#7918=CARTESIAN_POINT('Ctrl Pts',(-1034.79536040479,100.,926.574825559362));
#7919=CARTESIAN_POINT('Ctrl Pts',(-1034.79536040479,99.5,926.574825559362));
#7920=CARTESIAN_POINT('',(-1032.58185370618,100.,927.212616716131));
#7921=CARTESIAN_POINT('Ctrl Pts',(-1032.58185370618,100.,927.212616716131));
#7922=CARTESIAN_POINT('Ctrl Pts',(-1033.03873701809,100.,927.110544507254));
#7923=CARTESIAN_POINT('Ctrl Pts',(-1033.78993321571,100.,926.942719915739));
#7924=CARTESIAN_POINT('Ctrl Pts',(-1034.512330652,100.,926.678388552156));
#7925=CARTESIAN_POINT('Ctrl Pts',(-1034.79536040479,100.,926.574825559362));
#7926=CARTESIAN_POINT('',(-1032.58185370618,99.5,927.212616716131));
#7927=CARTESIAN_POINT('',(-1032.58185370618,100.,927.212616716131));
#7928=CARTESIAN_POINT('Ctrl Pts',(-1032.58185370618,99.5,927.212616716131));
#7929=CARTESIAN_POINT('Ctrl Pts',(-1033.03873701809,99.5,927.110544507254));
#7930=CARTESIAN_POINT('Ctrl Pts',(-1033.78993321571,99.5,926.942719915739));
#7931=CARTESIAN_POINT('Ctrl Pts',(-1034.512330652,99.5,926.678388552156));
#7932=CARTESIAN_POINT('Ctrl Pts',(-1034.79536040479,99.5,926.574825559362));
#7933=CARTESIAN_POINT('Ctrl Pts',(-1030.58662875348,100.,927.925440583929));
#7934=CARTESIAN_POINT('Ctrl Pts',(-1030.58662875348,99.5,927.925440583929));
#7935=CARTESIAN_POINT('Ctrl Pts',(-1030.81312199437,100.,927.799211265502));
#7936=CARTESIAN_POINT('Ctrl Pts',(-1030.81312199437,99.5,927.799211265502));
#7937=CARTESIAN_POINT('Ctrl Pts',(-1031.43568160965,100.,927.452246050971));
#7938=CARTESIAN_POINT('Ctrl Pts',(-1031.43568160965,99.5,927.452246050971));
#7939=CARTESIAN_POINT('Ctrl Pts',(-1032.13619432649,100.,927.305790386162));
#7940=CARTESIAN_POINT('Ctrl Pts',(-1032.13619432649,99.5,927.305790386162));
#7941=CARTESIAN_POINT('Ctrl Pts',(-1032.58185370618,100.,927.212616716131));
#7942=CARTESIAN_POINT('Ctrl Pts',(-1032.58185370618,99.5,927.212616716131));
#7943=CARTESIAN_POINT('',(-1030.58662875348,100.,927.925440583929));
#7944=CARTESIAN_POINT('Ctrl Pts',(-1030.58662875348,100.,927.925440583929));
#7945=CARTESIAN_POINT('Ctrl Pts',(-1030.81312199437,100.,927.799211265502));
#7946=CARTESIAN_POINT('Ctrl Pts',(-1031.43568160965,100.,927.452246050971));
#7947=CARTESIAN_POINT('Ctrl Pts',(-1032.13619432649,100.,927.305790386162));
#7948=CARTESIAN_POINT('Ctrl Pts',(-1032.58185370618,100.,927.212616716131));
#7949=CARTESIAN_POINT('',(-1030.58662875348,99.5,927.925440583929));
#7950=CARTESIAN_POINT('',(-1030.58662875348,100.,927.925440583929));
#7951=CARTESIAN_POINT('Ctrl Pts',(-1030.58662875348,99.5,927.925440583929));
#7952=CARTESIAN_POINT('Ctrl Pts',(-1030.81312199437,99.5,927.799211265502));
#7953=CARTESIAN_POINT('Ctrl Pts',(-1031.43568160965,99.5,927.452246050971));
#7954=CARTESIAN_POINT('Ctrl Pts',(-1032.13619432649,99.5,927.305790386162));
#7955=CARTESIAN_POINT('Ctrl Pts',(-1032.58185370618,99.5,927.212616716131));
#7956=CARTESIAN_POINT('Ctrl Pts',(-1030.19781573468,100.,928.812205110296));
#7957=CARTESIAN_POINT('Ctrl Pts',(-1030.19781573468,99.5,928.812205110296));
#7958=CARTESIAN_POINT('Ctrl Pts',(-1030.21340888438,100.,928.641083109342));
#7959=CARTESIAN_POINT('Ctrl Pts',(-1030.21340888438,99.5,928.641083109342));
#7960=CARTESIAN_POINT('Ctrl Pts',(-1030.24430954834,100.,928.301973721737));
#7961=CARTESIAN_POINT('Ctrl Pts',(-1030.24430954834,99.5,928.301973721737));
#7962=CARTESIAN_POINT('Ctrl Pts',(-1030.4732276995,100.,928.050175784425));
#7963=CARTESIAN_POINT('Ctrl Pts',(-1030.4732276995,99.5,928.050175784425));
#7964=CARTESIAN_POINT('Ctrl Pts',(-1030.58662875348,100.,927.925440583929));
#7965=CARTESIAN_POINT('Ctrl Pts',(-1030.58662875348,99.5,927.925440583929));
#7966=CARTESIAN_POINT('',(-1030.19781573468,100.,928.812205110296));
#7967=CARTESIAN_POINT('Ctrl Pts',(-1030.19781573468,100.,928.812205110296));
#7968=CARTESIAN_POINT('Ctrl Pts',(-1030.21340888438,100.,928.641083109342));
#7969=CARTESIAN_POINT('Ctrl Pts',(-1030.24430954834,100.,928.301973721737));
#7970=CARTESIAN_POINT('Ctrl Pts',(-1030.4732276995,100.,928.050175784425));
#7971=CARTESIAN_POINT('Ctrl Pts',(-1030.58662875348,100.,927.925440583929));
#7972=CARTESIAN_POINT('',(-1030.19781573468,99.5,928.812205110296));
#7973=CARTESIAN_POINT('',(-1030.19781573468,100.,928.812205110296));
#7974=CARTESIAN_POINT('Ctrl Pts',(-1030.19781573468,99.5,928.812205110296));
#7975=CARTESIAN_POINT('Ctrl Pts',(-1030.21340888438,99.5,928.641083109342));
#7976=CARTESIAN_POINT('Ctrl Pts',(-1030.24430954834,99.5,928.301973721737));
#7977=CARTESIAN_POINT('Ctrl Pts',(-1030.4732276995,99.5,928.050175784425));
#7978=CARTESIAN_POINT('Ctrl Pts',(-1030.58662875348,99.5,927.925440583929));
#7979=CARTESIAN_POINT('Ctrl Pts',(-1030.74692710095,100.,929.872915063604));
#7980=CARTESIAN_POINT('Ctrl Pts',(-1030.74692710095,99.5,929.872915063604));
#7981=CARTESIAN_POINT('Ctrl Pts',(-1030.58683191211,100.,929.722755287798));
#7982=CARTESIAN_POINT('Ctrl Pts',(-1030.58683191211,99.5,929.722755287798));
#7983=CARTESIAN_POINT('Ctrl Pts',(-1030.27788581788,100.,929.432982206028));
#7984=CARTESIAN_POINT('Ctrl Pts',(-1030.27788581788,99.5,929.432982206028));
#7985=CARTESIAN_POINT('Ctrl Pts',(-1030.22385020933,100.,929.014048357025));
#7986=CARTESIAN_POINT('Ctrl Pts',(-1030.22385020933,99.5,929.014048357025));
#7987=CARTESIAN_POINT('Ctrl Pts',(-1030.19781573468,100.,928.812205110296));
#7988=CARTESIAN_POINT('Ctrl Pts',(-1030.19781573468,99.5,928.812205110296));
#7989=CARTESIAN_POINT('',(-1030.74692710095,100.,929.872915063604));
#7990=CARTESIAN_POINT('Ctrl Pts',(-1030.74692710095,100.,929.872915063604));
#7991=CARTESIAN_POINT('Ctrl Pts',(-1030.58683191211,100.,929.722755287798));
#7992=CARTESIAN_POINT('Ctrl Pts',(-1030.27788581788,100.,929.432982206028));
#7993=CARTESIAN_POINT('Ctrl Pts',(-1030.22385020933,100.,929.014048357025));
#7994=CARTESIAN_POINT('Ctrl Pts',(-1030.19781573468,100.,928.812205110296));
#7995=CARTESIAN_POINT('',(-1030.74692710095,99.5,929.872915063604));
#7996=CARTESIAN_POINT('',(-1030.74692710095,100.,929.872915063604));
#7997=CARTESIAN_POINT('Ctrl Pts',(-1030.74692710095,99.5,929.872915063604));
#7998=CARTESIAN_POINT('Ctrl Pts',(-1030.58683191211,99.5,929.722755287798));
#7999=CARTESIAN_POINT('Ctrl Pts',(-1030.27788581788,99.5,929.432982206028));
#8000=CARTESIAN_POINT('Ctrl Pts',(-1030.22385020933,99.5,929.014048357025));
#8001=CARTESIAN_POINT('Ctrl Pts',(-1030.19781573468,99.5,928.812205110296));
#8002=CARTESIAN_POINT('Ctrl Pts',(-1032.49658568555,100.,930.312887941107));
#8003=CARTESIAN_POINT('Ctrl Pts',(-1032.49658568555,99.5,930.312887941107));
#8004=CARTESIAN_POINT('Ctrl Pts',(-1032.14204127183,100.,930.307502434165));
#8005=CARTESIAN_POINT('Ctrl Pts',(-1032.14204127183,99.5,930.307502434165));
#8006=CARTESIAN_POINT('Ctrl Pts',(-1031.52087362932,100.,930.298066937451));
#8007=CARTESIAN_POINT('Ctrl Pts',(-1031.52087362932,99.5,930.298066937451));
#8008=CARTESIAN_POINT('Ctrl Pts',(-1030.97936035632,100.,930.000597571945));
#8009=CARTESIAN_POINT('Ctrl Pts',(-1030.97936035632,99.5,930.000597571945));
#8010=CARTESIAN_POINT('Ctrl Pts',(-1030.74692710095,100.,929.872915063604));
#8011=CARTESIAN_POINT('Ctrl Pts',(-1030.74692710095,99.5,929.872915063604));
#8012=CARTESIAN_POINT('',(-1032.49658568555,100.,930.312887941107));
#8013=CARTESIAN_POINT('Ctrl Pts',(-1032.49658568555,100.,930.312887941107));
#8014=CARTESIAN_POINT('Ctrl Pts',(-1032.14204127183,100.,930.307502434165));
#8015=CARTESIAN_POINT('Ctrl Pts',(-1031.52087362932,100.,930.298066937451));
#8016=CARTESIAN_POINT('Ctrl Pts',(-1030.97936035632,100.,930.000597571945));
#8017=CARTESIAN_POINT('Ctrl Pts',(-1030.74692710095,100.,929.872915063604));
#8018=CARTESIAN_POINT('',(-1032.49658568555,99.5,930.312887941107));
#8019=CARTESIAN_POINT('',(-1032.49658568555,100.,930.312887941107));
#8020=CARTESIAN_POINT('Ctrl Pts',(-1032.49658568555,99.5,930.312887941107));
#8021=CARTESIAN_POINT('Ctrl Pts',(-1032.14204127183,99.5,930.307502434165));
#8022=CARTESIAN_POINT('Ctrl Pts',(-1031.52087362932,99.5,930.298066937451));
#8023=CARTESIAN_POINT('Ctrl Pts',(-1030.97936035632,99.5,930.000597571945));
#8024=CARTESIAN_POINT('Ctrl Pts',(-1030.74692710095,99.5,929.872915063604));
#8025=CARTESIAN_POINT('Ctrl Pts',(-1034.23942549878,100.,929.828576360449));
#8026=CARTESIAN_POINT('Ctrl Pts',(-1034.23942549878,99.5,929.828576360449));
#8027=CARTESIAN_POINT('Ctrl Pts',(-1034.00174197038,100.,929.969387819426));
#8028=CARTESIAN_POINT('Ctrl Pts',(-1034.00174197038,99.5,929.969387819426));
#8029=CARTESIAN_POINT('Ctrl Pts',(-1033.46716052739,100.,930.286091267221));
#8030=CARTESIAN_POINT('Ctrl Pts',(-1033.46716052739,99.5,930.286091267221));
#8031=CARTESIAN_POINT('Ctrl Pts',(-1032.84315068907,100.,930.30331960183));
#8032=CARTESIAN_POINT('Ctrl Pts',(-1032.84315068907,99.5,930.30331960183));
#8033=CARTESIAN_POINT('Ctrl Pts',(-1032.49658568555,100.,930.312887941107));
#8034=CARTESIAN_POINT('Ctrl Pts',(-1032.49658568555,99.5,930.312887941107));
#8035=CARTESIAN_POINT('',(-1034.23942549878,100.,929.828576360449));
#8036=CARTESIAN_POINT('Ctrl Pts',(-1034.23942549878,100.,929.828576360449));
#8037=CARTESIAN_POINT('Ctrl Pts',(-1034.00174197038,100.,929.969387819426));
#8038=CARTESIAN_POINT('Ctrl Pts',(-1033.46716052739,100.,930.286091267221));
#8039=CARTESIAN_POINT('Ctrl Pts',(-1032.84315068907,100.,930.30331960183));
#8040=CARTESIAN_POINT('Ctrl Pts',(-1032.49658568555,100.,930.312887941107));
#8041=CARTESIAN_POINT('',(-1034.23942549878,99.5,929.828576360449));
#8042=CARTESIAN_POINT('',(-1034.23942549878,100.,929.828576360449));
#8043=CARTESIAN_POINT('Ctrl Pts',(-1034.23942549878,99.5,929.828576360449));
#8044=CARTESIAN_POINT('Ctrl Pts',(-1034.00174197038,99.5,929.969387819426));
#8045=CARTESIAN_POINT('Ctrl Pts',(-1033.46716052739,99.5,930.286091267221));
#8046=CARTESIAN_POINT('Ctrl Pts',(-1032.84315068907,99.5,930.30331960183));
#8047=CARTESIAN_POINT('Ctrl Pts',(-1032.49658568555,99.5,930.312887941107));
#8048=CARTESIAN_POINT('Ctrl Pts',(-1034.93178351575,100.,928.396107469305));
#8049=CARTESIAN_POINT('Ctrl Pts',(-1034.93178351575,99.5,928.396107469305));
#8050=CARTESIAN_POINT('Ctrl Pts',(-1034.8840950597,100.,928.687006370379));
#8051=CARTESIAN_POINT('Ctrl Pts',(-1034.8840950597,99.5,928.687006370379));
#8052=CARTESIAN_POINT('Ctrl Pts',(-1034.79428768207,100.,929.234830091881));
#8053=CARTESIAN_POINT('Ctrl Pts',(-1034.79428768207,99.5,929.234830091881));
#8054=CARTESIAN_POINT('Ctrl Pts',(-1034.41657135165,100.,929.639016335816));
#8055=CARTESIAN_POINT('Ctrl Pts',(-1034.41657135165,99.5,929.639016335816));
#8056=CARTESIAN_POINT('Ctrl Pts',(-1034.23942549878,100.,929.828576360449));
#8057=CARTESIAN_POINT('Ctrl Pts',(-1034.23942549878,99.5,929.828576360449));
#8058=CARTESIAN_POINT('',(-1034.93178351575,100.,928.396107469305));
#8059=CARTESIAN_POINT('Ctrl Pts',(-1034.93178351575,100.,928.396107469305));
#8060=CARTESIAN_POINT('Ctrl Pts',(-1034.8840950597,100.,928.687006370379));
#8061=CARTESIAN_POINT('Ctrl Pts',(-1034.79428768207,100.,929.234830091881));
#8062=CARTESIAN_POINT('Ctrl Pts',(-1034.41657135165,100.,929.639016335816));
#8063=CARTESIAN_POINT('Ctrl Pts',(-1034.23942549878,100.,929.828576360449));
#8064=CARTESIAN_POINT('',(-1034.93178351575,99.5,928.396107469305));
#8065=CARTESIAN_POINT('',(-1034.93178351575,100.,928.396107469305));
#8066=CARTESIAN_POINT('Ctrl Pts',(-1034.93178351575,99.5,928.396107469305));
#8067=CARTESIAN_POINT('Ctrl Pts',(-1034.8840950597,99.5,928.687006370379));
#8068=CARTESIAN_POINT('Ctrl Pts',(-1034.79428768207,99.5,929.234830091881));
#8069=CARTESIAN_POINT('Ctrl Pts',(-1034.41657135165,99.5,929.639016335816));
#8070=CARTESIAN_POINT('Ctrl Pts',(-1034.23942549878,99.5,929.828576360449));
#8071=CARTESIAN_POINT('Origin',(-1036.20054228955,100.,928.491606031164));
#8072=CARTESIAN_POINT('',(-1036.20054228955,100.,928.491606031164));
#8073=CARTESIAN_POINT('',(-920.185280165398,100.,919.759220557012));
#8074=CARTESIAN_POINT('',(-1036.20054228955,99.5,928.491606031164));
#8075=CARTESIAN_POINT('',(-1036.20054228955,100.,928.491606031164));
#8076=CARTESIAN_POINT('',(-1036.20054228955,99.5,928.491606031164));
#8077=CARTESIAN_POINT('Ctrl Pts',(-1035.70940955335,100.,930.067321573003));
#8078=CARTESIAN_POINT('Ctrl Pts',(-1035.70940955335,99.5,930.067321573003));
#8079=CARTESIAN_POINT('Ctrl Pts',(-1035.84420387912,100.,929.825606208932));
#8080=CARTESIAN_POINT('Ctrl Pts',(-1035.84420387912,99.5,929.825606208932));
#8081=CARTESIAN_POINT('Ctrl Pts',(-1036.11785813995,100.,929.334884964494));
#8082=CARTESIAN_POINT('Ctrl Pts',(-1036.11785813995,99.5,929.334884964494));
#8083=CARTESIAN_POINT('Ctrl Pts',(-1036.17270927009,100.,928.775469372317));
#8084=CARTESIAN_POINT('Ctrl Pts',(-1036.17270927009,99.5,928.775469372317));
#8085=CARTESIAN_POINT('Ctrl Pts',(-1036.20054228955,100.,928.491606031164));
#8086=CARTESIAN_POINT('Ctrl Pts',(-1036.20054228955,99.5,928.491606031164));
#8087=CARTESIAN_POINT('',(-1035.70940955335,100.,930.067321573003));
#8088=CARTESIAN_POINT('Ctrl Pts',(-1035.70940955335,100.,930.067321573003));
#8089=CARTESIAN_POINT('Ctrl Pts',(-1035.84420387912,100.,929.825606208932));
#8090=CARTESIAN_POINT('Ctrl Pts',(-1036.11785813995,100.,929.334884964494));
#8091=CARTESIAN_POINT('Ctrl Pts',(-1036.17270927009,100.,928.775469372317));
#8092=CARTESIAN_POINT('Ctrl Pts',(-1036.20054228955,100.,928.491606031164));
#8093=CARTESIAN_POINT('',(-1035.70940955335,99.5,930.067321573003));
#8094=CARTESIAN_POINT('',(-1035.70940955335,100.,930.067321573003));
#8095=CARTESIAN_POINT('Ctrl Pts',(-1035.70940955335,99.5,930.067321573003));
#8096=CARTESIAN_POINT('Ctrl Pts',(-1035.84420387912,99.5,929.825606208932));
#8097=CARTESIAN_POINT('Ctrl Pts',(-1036.11785813995,99.5,929.334884964494));
#8098=CARTESIAN_POINT('Ctrl Pts',(-1036.17270927009,99.5,928.775469372317));
#8099=CARTESIAN_POINT('Ctrl Pts',(-1036.20054228955,99.5,928.491606031164));
#8100=CARTESIAN_POINT('Ctrl Pts',(-1034.40313323194,100.,931.121210370763));
#8101=CARTESIAN_POINT('Ctrl Pts',(-1034.40313323194,99.5,931.121210370763));
#8102=CARTESIAN_POINT('Ctrl Pts',(-1034.66766578436,100.,930.991072145745));
#8103=CARTESIAN_POINT('Ctrl Pts',(-1034.66766578436,99.5,930.991072145745));
#8104=CARTESIAN_POINT('Ctrl Pts',(-1035.18274451435,100.,930.737676368738));
#8105=CARTESIAN_POINT('Ctrl Pts',(-1035.18274451435,99.5,930.737676368738));
#8106=CARTESIAN_POINT('Ctrl Pts',(-1035.53706156535,100.,930.286691175566));
#8107=CARTESIAN_POINT('Ctrl Pts',(-1035.53706156535,99.5,930.286691175566));
#8108=CARTESIAN_POINT('Ctrl Pts',(-1035.70940955335,100.,930.067321573003));
#8109=CARTESIAN_POINT('Ctrl Pts',(-1035.70940955335,99.5,930.067321573003));
#8110=CARTESIAN_POINT('',(-1034.40313323194,100.,931.121210370763));
#8111=CARTESIAN_POINT('Ctrl Pts',(-1034.40313323194,100.,931.121210370763));
#8112=CARTESIAN_POINT('Ctrl Pts',(-1034.66766578436,100.,930.991072145745));
#8113=CARTESIAN_POINT('Ctrl Pts',(-1035.18274451435,100.,930.737676368738));
#8114=CARTESIAN_POINT('Ctrl Pts',(-1035.53706156535,100.,930.286691175566));
#8115=CARTESIAN_POINT('Ctrl Pts',(-1035.70940955335,100.,930.067321573003));
#8116=CARTESIAN_POINT('',(-1034.40313323194,99.5,931.121210370763));
#8117=CARTESIAN_POINT('',(-1034.40313323194,100.,931.121210370763));
#8118=CARTESIAN_POINT('Ctrl Pts',(-1034.40313323194,99.5,931.121210370763));
#8119=CARTESIAN_POINT('Ctrl Pts',(-1034.66766578436,99.5,930.991072145745));
#8120=CARTESIAN_POINT('Ctrl Pts',(-1035.18274451435,99.5,930.737676368738));
#8121=CARTESIAN_POINT('Ctrl Pts',(-1035.53706156535,99.5,930.286691175566));
#8122=CARTESIAN_POINT('Ctrl Pts',(-1035.70940955335,99.5,930.067321573003));
#8123=CARTESIAN_POINT('Ctrl Pts',(-1032.44201644116,100.,931.479326997503));
#8124=CARTESIAN_POINT('Ctrl Pts',(-1032.44201644116,99.5,931.479326997503));
#8125=CARTESIAN_POINT('Ctrl Pts',(-1032.79413439969,100.,931.4674995945));
#8126=CARTESIAN_POINT('Ctrl Pts',(-1032.79413439969,99.5,931.4674995945));
#8127=CARTESIAN_POINT('Ctrl Pts',(-1033.46600175858,100.,931.444932026372));
#8128=CARTESIAN_POINT('Ctrl Pts',(-1033.46600175858,99.5,931.444932026372));
#8129=CARTESIAN_POINT('Ctrl Pts',(-1034.10095275357,100.,931.225595259684));
#8130=CARTESIAN_POINT('Ctrl Pts',(-1034.10095275357,99.5,931.225595259684));
#8131=CARTESIAN_POINT('Ctrl Pts',(-1034.40313323194,100.,931.121210370763));
#8132=CARTESIAN_POINT('Ctrl Pts',(-1034.40313323194,99.5,931.121210370763));
#8133=CARTESIAN_POINT('',(-1032.44201644116,100.,931.479326997503));
#8134=CARTESIAN_POINT('Ctrl Pts',(-1032.44201644116,100.,931.479326997503));
#8135=CARTESIAN_POINT('Ctrl Pts',(-1032.79413439969,100.,931.4674995945));
#8136=CARTESIAN_POINT('Ctrl Pts',(-1033.46600175858,100.,931.444932026372));
#8137=CARTESIAN_POINT('Ctrl Pts',(-1034.10095275357,100.,931.225595259684));
#8138=CARTESIAN_POINT('Ctrl Pts',(-1034.40313323194,100.,931.121210370763));
#8139=CARTESIAN_POINT('',(-1032.44201644116,99.5,931.479326997503));
#8140=CARTESIAN_POINT('',(-1032.44201644116,100.,931.479326997503));
#8141=CARTESIAN_POINT('Ctrl Pts',(-1032.44201644116,99.5,931.479326997503));
#8142=CARTESIAN_POINT('Ctrl Pts',(-1032.79413439969,99.5,931.4674995945));
#8143=CARTESIAN_POINT('Ctrl Pts',(-1033.46600175858,99.5,931.444932026372));
#8144=CARTESIAN_POINT('Ctrl Pts',(-1034.10095275357,99.5,931.225595259684));
#8145=CARTESIAN_POINT('Ctrl Pts',(-1034.40313323194,99.5,931.121210370763));
#8146=CARTESIAN_POINT('Ctrl Pts',(-1030.60708983594,100.,931.138264451727));
#8147=CARTESIAN_POINT('Ctrl Pts',(-1030.60708983594,99.5,931.138264451727));
#8148=CARTESIAN_POINT('Ctrl Pts',(-1030.89488102903,100.,931.237713680302));
#8149=CARTESIAN_POINT('Ctrl Pts',(-1030.89488102903,99.5,931.237713680302));
#8150=CARTESIAN_POINT('Ctrl Pts',(-1031.4891864303,100.,931.443082069301));
#8151=CARTESIAN_POINT('Ctrl Pts',(-1031.4891864303,99.5,931.443082069301));
#8152=CARTESIAN_POINT('Ctrl Pts',(-1032.11780509713,100.,931.466994244806));
#8153=CARTESIAN_POINT('Ctrl Pts',(-1032.11780509713,99.5,931.466994244806));
#8154=CARTESIAN_POINT('Ctrl Pts',(-1032.44201644116,100.,931.479326997503));
#8155=CARTESIAN_POINT('Ctrl Pts',(-1032.44201644116,99.5,931.479326997503));
#8156=CARTESIAN_POINT('',(-1030.60708983594,100.,931.138264451727));
#8157=CARTESIAN_POINT('Ctrl Pts',(-1030.60708983594,100.,931.138264451727));
#8158=CARTESIAN_POINT('Ctrl Pts',(-1030.89488102903,100.,931.237713680302));
#8159=CARTESIAN_POINT('Ctrl Pts',(-1031.4891864303,100.,931.443082069301));
#8160=CARTESIAN_POINT('Ctrl Pts',(-1032.11780509713,100.,931.466994244806));
#8161=CARTESIAN_POINT('Ctrl Pts',(-1032.44201644116,100.,931.479326997503));
#8162=CARTESIAN_POINT('',(-1030.60708983594,99.5,931.138264451727));
#8163=CARTESIAN_POINT('',(-1030.60708983594,100.,931.138264451727));
#8164=CARTESIAN_POINT('Ctrl Pts',(-1030.60708983594,99.5,931.138264451727));
#8165=CARTESIAN_POINT('Ctrl Pts',(-1030.89488102903,99.5,931.237713680302));
#8166=CARTESIAN_POINT('Ctrl Pts',(-1031.4891864303,99.5,931.443082069301));
#8167=CARTESIAN_POINT('Ctrl Pts',(-1032.11780509713,99.5,931.466994244806));
#8168=CARTESIAN_POINT('Ctrl Pts',(-1032.44201644116,99.5,931.479326997503));
#8169=CARTESIAN_POINT('Ctrl Pts',(-1029.35197575742,100.,930.138944898351));
#8170=CARTESIAN_POINT('Ctrl Pts',(-1029.35197575742,99.5,930.138944898351));
#8171=CARTESIAN_POINT('Ctrl Pts',(-1029.51612353963,100.,930.346926194545));
#8172=CARTESIAN_POINT('Ctrl Pts',(-1029.51612353963,99.5,930.346926194545));
#8173=CARTESIAN_POINT('Ctrl Pts',(-1029.8560003081,100.,930.777562599729));
#8174=CARTESIAN_POINT('Ctrl Pts',(-1029.8560003081,99.5,930.777562599729));
#8175=CARTESIAN_POINT('Ctrl Pts',(-1030.35110316375,100.,931.015329883579));
#8176=CARTESIAN_POINT('Ctrl Pts',(-1030.35110316375,99.5,931.015329883579));
#8177=CARTESIAN_POINT('Ctrl Pts',(-1030.60708983594,100.,931.138264451727));
#8178=CARTESIAN_POINT('Ctrl Pts',(-1030.60708983594,99.5,931.138264451727));
#8179=CARTESIAN_POINT('',(-1029.35197575742,100.,930.138944898351));
#8180=CARTESIAN_POINT('Ctrl Pts',(-1029.35197575742,100.,930.138944898351));
#8181=CARTESIAN_POINT('Ctrl Pts',(-1029.51612353963,100.,930.346926194545));
#8182=CARTESIAN_POINT('Ctrl Pts',(-1029.8560003081,100.,930.777562599729));
#8183=CARTESIAN_POINT('Ctrl Pts',(-1030.35110316375,100.,931.015329883579));
#8184=CARTESIAN_POINT('Ctrl Pts',(-1030.60708983594,100.,931.138264451727));
#8185=CARTESIAN_POINT('',(-1029.35197575742,99.5,930.138944898351));
#8186=CARTESIAN_POINT('',(-1029.35197575742,100.,930.138944898351));
#8187=CARTESIAN_POINT('Ctrl Pts',(-1029.35197575742,99.5,930.138944898351));
#8188=CARTESIAN_POINT('Ctrl Pts',(-1029.51612353963,99.5,930.346926194545));
#8189=CARTESIAN_POINT('Ctrl Pts',(-1029.8560003081,99.5,930.777562599729));
#8190=CARTESIAN_POINT('Ctrl Pts',(-1030.35110316375,99.5,931.015329883579));
#8191=CARTESIAN_POINT('Ctrl Pts',(-1030.60708983594,99.5,931.138264451727));
#8192=CARTESIAN_POINT('Ctrl Pts',(-1028.92223580533,100.,928.723530088171));
#8193=CARTESIAN_POINT('Ctrl Pts',(-1028.92223580533,99.5,928.723530088171));
#8194=CARTESIAN_POINT('Ctrl Pts',(-1028.94084687928,100.,928.972870055039));
#8195=CARTESIAN_POINT('Ctrl Pts',(-1028.94084687928,99.5,928.972870055039));
#8196=CARTESIAN_POINT('Ctrl Pts',(-1028.97844449182,100.,929.476580237829));
#8197=CARTESIAN_POINT('Ctrl Pts',(-1028.97844449182,99.5,929.476580237829));
#8198=CARTESIAN_POINT('Ctrl Pts',(-1029.22663914557,100.,929.916691636029));
#8199=CARTESIAN_POINT('Ctrl Pts',(-1029.22663914557,99.5,929.916691636029));
#8200=CARTESIAN_POINT('Ctrl Pts',(-1029.35197575742,100.,930.138944898351));
#8201=CARTESIAN_POINT('Ctrl Pts',(-1029.35197575742,99.5,930.138944898351));
#8202=CARTESIAN_POINT('',(-1028.92223580533,100.,928.723530088171));
#8203=CARTESIAN_POINT('Ctrl Pts',(-1028.92223580533,100.,928.723530088171));
#8204=CARTESIAN_POINT('Ctrl Pts',(-1028.94084687928,100.,928.972870055039));
#8205=CARTESIAN_POINT('Ctrl Pts',(-1028.97844449182,100.,929.476580237829));
#8206=CARTESIAN_POINT('Ctrl Pts',(-1029.22663914557,100.,929.916691636029));
#8207=CARTESIAN_POINT('Ctrl Pts',(-1029.35197575742,100.,930.138944898351));
#8208=CARTESIAN_POINT('',(-1028.92223580533,99.5,928.723530088171));
#8209=CARTESIAN_POINT('',(-1028.92223580533,100.,928.723530088171));
#8210=CARTESIAN_POINT('Ctrl Pts',(-1028.92223580533,99.5,928.723530088171));
#8211=CARTESIAN_POINT('Ctrl Pts',(-1028.94084687928,99.5,928.972870055039));
#8212=CARTESIAN_POINT('Ctrl Pts',(-1028.97844449182,99.5,929.476580237829));
#8213=CARTESIAN_POINT('Ctrl Pts',(-1029.22663914557,99.5,929.916691636029));
#8214=CARTESIAN_POINT('Ctrl Pts',(-1029.35197575742,99.5,930.138944898351));
#8215=CARTESIAN_POINT('Ctrl Pts',(-1029.27353127652,100.,927.478644166692));
#8216=CARTESIAN_POINT('Ctrl Pts',(-1029.27353127652,99.5,927.478644166692));
#8217=CARTESIAN_POINT('Ctrl Pts',(-1029.17107450524,100.,927.67088317193));
#8218=CARTESIAN_POINT('Ctrl Pts',(-1029.17107450524,99.5,927.67088317193));
#8219=CARTESIAN_POINT('Ctrl Pts',(-1028.9635994507,100.,928.060167331457));
#8220=CARTESIAN_POINT('Ctrl Pts',(-1028.9635994507,99.5,928.060167331457));
#8221=CARTESIAN_POINT('Ctrl Pts',(-1028.93613670657,100.,928.500596638203));
#8222=CARTESIAN_POINT('Ctrl Pts',(-1028.93613670657,99.5,928.500596638203));
#8223=CARTESIAN_POINT('Ctrl Pts',(-1028.92223580533,100.,928.723530088171));
#8224=CARTESIAN_POINT('Ctrl Pts',(-1028.92223580533,99.5,928.723530088171));
#8225=CARTESIAN_POINT('',(-1029.27353127652,100.,927.478644166692));
#8226=CARTESIAN_POINT('Ctrl Pts',(-1029.27353127652,100.,927.478644166692));
#8227=CARTESIAN_POINT('Ctrl Pts',(-1029.17107450524,100.,927.67088317193));
#8228=CARTESIAN_POINT('Ctrl Pts',(-1028.9635994507,100.,928.060167331457));
#8229=CARTESIAN_POINT('Ctrl Pts',(-1028.93613670657,100.,928.500596638203));
#8230=CARTESIAN_POINT('Ctrl Pts',(-1028.92223580533,100.,928.723530088171));
#8231=CARTESIAN_POINT('',(-1029.27353127652,99.5,927.478644166692));
#8232=CARTESIAN_POINT('',(-1029.27353127652,100.,927.478644166692));
#8233=CARTESIAN_POINT('Ctrl Pts',(-1029.27353127652,99.5,927.478644166692));
#8234=CARTESIAN_POINT('Ctrl Pts',(-1029.17107450524,99.5,927.67088317193));
#8235=CARTESIAN_POINT('Ctrl Pts',(-1028.9635994507,99.5,928.060167331457));
#8236=CARTESIAN_POINT('Ctrl Pts',(-1028.93613670657,99.5,928.500596638203));
#8237=CARTESIAN_POINT('Ctrl Pts',(-1028.92223580533,99.5,928.723530088171));
#8238=CARTESIAN_POINT('Ctrl Pts',(-1030.34106238538,100.,926.54754093717));
#8239=CARTESIAN_POINT('Ctrl Pts',(-1030.34106238538,99.5,926.54754093717));
#8240=CARTESIAN_POINT('Ctrl Pts',(-1030.12115326743,100.,926.674580921109));
#8241=CARTESIAN_POINT('Ctrl Pts',(-1030.12115326743,99.5,926.674580921109));
#8242=CARTESIAN_POINT('Ctrl Pts',(-1029.70393930126,100.,926.915602557947));
#8243=CARTESIAN_POINT('Ctrl Pts',(-1029.70393930126,99.5,926.915602557947));
#8244=CARTESIAN_POINT('Ctrl Pts',(-1029.41172328628,100.,927.297867213152));
#8245=CARTESIAN_POINT('Ctrl Pts',(-1029.41172328628,99.5,927.297867213152));
#8246=CARTESIAN_POINT('Ctrl Pts',(-1029.27353127652,100.,927.478644166692));
#8247=CARTESIAN_POINT('Ctrl Pts',(-1029.27353127652,99.5,927.478644166692));
#8248=CARTESIAN_POINT('',(-1030.34106238538,100.,926.54754093717));
#8249=CARTESIAN_POINT('Ctrl Pts',(-1030.34106238538,100.,926.54754093717));
#8250=CARTESIAN_POINT('Ctrl Pts',(-1030.12115326743,100.,926.674580921109));
#8251=CARTESIAN_POINT('Ctrl Pts',(-1029.70393930126,100.,926.915602557947));
#8252=CARTESIAN_POINT('Ctrl Pts',(-1029.41172328628,100.,927.297867213152));
#8253=CARTESIAN_POINT('Ctrl Pts',(-1029.27353127652,100.,927.478644166692));
#8254=CARTESIAN_POINT('',(-1030.34106238538,99.5,926.54754093717));
#8255=CARTESIAN_POINT('',(-1030.34106238538,100.,926.54754093717));
#8256=CARTESIAN_POINT('Ctrl Pts',(-1030.34106238538,99.5,926.54754093717));
#8257=CARTESIAN_POINT('Ctrl Pts',(-1030.12115326743,99.5,926.674580921109));
#8258=CARTESIAN_POINT('Ctrl Pts',(-1029.70393930126,99.5,926.915602557947));
#8259=CARTESIAN_POINT('Ctrl Pts',(-1029.41172328628,99.5,927.297867213152));
#8260=CARTESIAN_POINT('Ctrl Pts',(-1029.27353127652,99.5,927.478644166692));
#8261=CARTESIAN_POINT('Ctrl Pts',(-1032.27148516828,100.,925.923392091497));
#8262=CARTESIAN_POINT('Ctrl Pts',(-1032.27148516828,99.5,925.923392091497));
#8263=CARTESIAN_POINT('Ctrl Pts',(-1031.8766662775,100.,926.017723675959));
#8264=CARTESIAN_POINT('Ctrl Pts',(-1031.8766662775,99.5,926.017723675959));
#8265=CARTESIAN_POINT('Ctrl Pts',(-1031.2163254701,100.,926.175494735305));
#8266=CARTESIAN_POINT('Ctrl Pts',(-1031.2163254701,99.5,926.175494735305));
#8267=CARTESIAN_POINT('Ctrl Pts',(-1030.59207317324,100.,926.440844320027));
#8268=CARTESIAN_POINT('Ctrl Pts',(-1030.59207317324,99.5,926.440844320027));
#8269=CARTESIAN_POINT('Ctrl Pts',(-1030.34106238538,100.,926.54754093717));
#8270=CARTESIAN_POINT('Ctrl Pts',(-1030.34106238538,99.5,926.54754093717));
#8271=CARTESIAN_POINT('',(-1032.27148516828,100.,925.923392091497));
#8272=CARTESIAN_POINT('Ctrl Pts',(-1032.27148516828,100.,925.923392091497));
#8273=CARTESIAN_POINT('Ctrl Pts',(-1031.8766662775,100.,926.017723675959));
#8274=CARTESIAN_POINT('Ctrl Pts',(-1031.2163254701,100.,926.175494735305));
#8275=CARTESIAN_POINT('Ctrl Pts',(-1030.59207317324,100.,926.440844320027));
#8276=CARTESIAN_POINT('Ctrl Pts',(-1030.34106238538,100.,926.54754093717));
#8277=CARTESIAN_POINT('',(-1032.27148516828,99.5,925.923392091497));
#8278=CARTESIAN_POINT('',(-1032.27148516828,100.,925.923392091497));
#8279=CARTESIAN_POINT('Ctrl Pts',(-1032.27148516828,99.5,925.923392091497));
#8280=CARTESIAN_POINT('Ctrl Pts',(-1031.8766662775,99.5,926.017723675959));
#8281=CARTESIAN_POINT('Ctrl Pts',(-1031.2163254701,99.5,926.175494735305));
#8282=CARTESIAN_POINT('Ctrl Pts',(-1030.59207317324,99.5,926.440844320027));
#8283=CARTESIAN_POINT('Ctrl Pts',(-1030.34106238538,99.5,926.54754093717));
#8284=CARTESIAN_POINT('Ctrl Pts',(-1034.05183776074,100.,925.435671125158));
#8285=CARTESIAN_POINT('Ctrl Pts',(-1034.05183776074,99.5,925.435671125158));
#8286=CARTESIAN_POINT('Ctrl Pts',(-1033.83698703485,100.,925.504549500296));
#8287=CARTESIAN_POINT('Ctrl Pts',(-1033.83698703485,99.5,925.504549500296));
#8288=CARTESIAN_POINT('Ctrl Pts',(-1033.25068276305,100.,925.692511097398));
#8289=CARTESIAN_POINT('Ctrl Pts',(-1033.25068276305,99.5,925.692511097398));
#8290=CARTESIAN_POINT('Ctrl Pts',(-1032.65125384466,100.,925.833847989267));
#8291=CARTESIAN_POINT('Ctrl Pts',(-1032.65125384466,99.5,925.833847989267));
#8292=CARTESIAN_POINT('Ctrl Pts',(-1032.27148516828,100.,925.923392091497));
#8293=CARTESIAN_POINT('Ctrl Pts',(-1032.27148516828,99.5,925.923392091497));
#8294=CARTESIAN_POINT('',(-1034.05183776074,100.,925.435671125158));
#8295=CARTESIAN_POINT('Ctrl Pts',(-1034.05183776074,100.,925.435671125158));
#8296=CARTESIAN_POINT('Ctrl Pts',(-1033.83698703485,100.,925.504549500296));
#8297=CARTESIAN_POINT('Ctrl Pts',(-1033.25068276305,100.,925.692511097398));
#8298=CARTESIAN_POINT('Ctrl Pts',(-1032.65125384466,100.,925.833847989267));
#8299=CARTESIAN_POINT('Ctrl Pts',(-1032.27148516828,100.,925.923392091497));
#8300=CARTESIAN_POINT('',(-1034.05183776074,99.5,925.435671125158));
#8301=CARTESIAN_POINT('',(-1034.05183776074,100.,925.435671125158));
#8302=CARTESIAN_POINT('Ctrl Pts',(-1034.05183776074,99.5,925.435671125158));
#8303=CARTESIAN_POINT('Ctrl Pts',(-1033.83698703485,99.5,925.504549500296));
#8304=CARTESIAN_POINT('Ctrl Pts',(-1033.25068276305,99.5,925.692511097398));
#8305=CARTESIAN_POINT('Ctrl Pts',(-1032.65125384466,99.5,925.833847989267));
#8306=CARTESIAN_POINT('Ctrl Pts',(-1032.27148516828,99.5,925.923392091497));
#8307=CARTESIAN_POINT('Ctrl Pts',(-1034.95224936658,100.,924.845630441412));
#8308=CARTESIAN_POINT('Ctrl Pts',(-1034.95224936658,99.5,924.845630441412));
#8309=CARTESIAN_POINT('Ctrl Pts',(-1034.8371717636,100.,924.96138230784));
#8310=CARTESIAN_POINT('Ctrl Pts',(-1034.8371717636,99.5,924.96138230784));
#8311=CARTESIAN_POINT('Ctrl Pts',(-1034.57938272925,100.,925.220681781392));
#8312=CARTESIAN_POINT('Ctrl Pts',(-1034.57938272925,99.5,925.220681781392));
#8313=CARTESIAN_POINT('Ctrl Pts',(-1034.23981930886,100.,925.359063381587));
#8314=CARTESIAN_POINT('Ctrl Pts',(-1034.23981930886,99.5,925.359063381587));
#8315=CARTESIAN_POINT('Ctrl Pts',(-1034.05183776074,100.,925.435671125158));
#8316=CARTESIAN_POINT('Ctrl Pts',(-1034.05183776074,99.5,925.435671125158));
#8317=CARTESIAN_POINT('',(-1034.95224936658,100.,924.845630441412));
#8318=CARTESIAN_POINT('Ctrl Pts',(-1034.95224936658,100.,924.845630441412));
#8319=CARTESIAN_POINT('Ctrl Pts',(-1034.8371717636,100.,924.96138230784));
#8320=CARTESIAN_POINT('Ctrl Pts',(-1034.57938272925,100.,925.220681781392));
#8321=CARTESIAN_POINT('Ctrl Pts',(-1034.23981930886,100.,925.359063381587));
#8322=CARTESIAN_POINT('Ctrl Pts',(-1034.05183776074,100.,925.435671125158));
#8323=CARTESIAN_POINT('',(-1034.95224936658,99.5,924.845630441412));
#8324=CARTESIAN_POINT('',(-1034.95224936658,100.,924.845630441412));
#8325=CARTESIAN_POINT('Ctrl Pts',(-1034.95224936658,99.5,924.845630441412));
#8326=CARTESIAN_POINT('Ctrl Pts',(-1034.8371717636,99.5,924.96138230784));
#8327=CARTESIAN_POINT('Ctrl Pts',(-1034.57938272925,99.5,925.220681781392));
#8328=CARTESIAN_POINT('Ctrl Pts',(-1034.23981930886,99.5,925.359063381587));
#8329=CARTESIAN_POINT('Ctrl Pts',(-1034.05183776074,99.5,925.435671125158));
#8330=CARTESIAN_POINT('Ctrl Pts',(-1035.22510035687,100.,924.023665700659));
#8331=CARTESIAN_POINT('Ctrl Pts',(-1035.22510035687,99.5,924.023665700659));
#8332=CARTESIAN_POINT('Ctrl Pts',(-1035.21444541689,100.,924.174652981034));
#8333=CARTESIAN_POINT('Ctrl Pts',(-1035.21444541689,99.5,924.174652981034));
#8334=CARTESIAN_POINT('Ctrl Pts',(-1035.19345721317,100.,924.472069184581));
#8335=CARTESIAN_POINT('Ctrl Pts',(-1035.19345721317,99.5,924.472069184581));
#8336=CARTESIAN_POINT('Ctrl Pts',(-1035.03182623498,100.,924.722388866178));
#8337=CARTESIAN_POINT('Ctrl Pts',(-1035.03182623498,99.5,924.722388866178));
#8338=CARTESIAN_POINT('Ctrl Pts',(-1034.95224936658,100.,924.845630441412));
#8339=CARTESIAN_POINT('Ctrl Pts',(-1034.95224936658,99.5,924.845630441412));
#8340=CARTESIAN_POINT('',(-1035.22510035687,100.,924.023665700659));
#8341=CARTESIAN_POINT('Ctrl Pts',(-1035.22510035687,100.,924.023665700659));
#8342=CARTESIAN_POINT('Ctrl Pts',(-1035.21444541689,100.,924.174652981034));
#8343=CARTESIAN_POINT('Ctrl Pts',(-1035.19345721317,100.,924.472069184581));
#8344=CARTESIAN_POINT('Ctrl Pts',(-1035.03182623498,100.,924.722388866178));
#8345=CARTESIAN_POINT('Ctrl Pts',(-1034.95224936658,100.,924.845630441412));
#8346=CARTESIAN_POINT('',(-1035.22510035687,99.5,924.023665700659));
#8347=CARTESIAN_POINT('',(-1035.22510035687,100.,924.023665700659));
#8348=CARTESIAN_POINT('Ctrl Pts',(-1035.22510035687,99.5,924.023665700659));
#8349=CARTESIAN_POINT('Ctrl Pts',(-1035.21444541689,99.5,924.174652981034));
#8350=CARTESIAN_POINT('Ctrl Pts',(-1035.19345721317,99.5,924.472069184581));
#8351=CARTESIAN_POINT('Ctrl Pts',(-1035.03182623498,99.5,924.722388866178));
#8352=CARTESIAN_POINT('Ctrl Pts',(-1034.95224936658,99.5,924.845630441412));
#8353=CARTESIAN_POINT('Ctrl Pts',(-1034.94201644116,100.,923.167595182165));
#8354=CARTESIAN_POINT('Ctrl Pts',(-1034.94201644116,99.5,923.167595182165));
#8355=CARTESIAN_POINT('Ctrl Pts',(-1035.02457894586,100.,923.300429681734));
#8356=CARTESIAN_POINT('Ctrl Pts',(-1035.02457894586,99.5,923.300429681734));
#8357=CARTESIAN_POINT('Ctrl Pts',(-1035.18786183461,100.,923.563134899962));
#8358=CARTESIAN_POINT('Ctrl Pts',(-1035.18786183461,99.5,923.563134899962));
#8359=CARTESIAN_POINT('Ctrl Pts',(-1035.21278122777,100.,923.871314370811));
#8360=CARTESIAN_POINT('Ctrl Pts',(-1035.21278122777,99.5,923.871314370811));
#8361=CARTESIAN_POINT('Ctrl Pts',(-1035.22510035687,100.,924.023665700659));
#8362=CARTESIAN_POINT('Ctrl Pts',(-1035.22510035687,99.5,924.023665700659));
#8363=CARTESIAN_POINT('',(-1034.94201644116,100.,923.167595182165));
#8364=CARTESIAN_POINT('Ctrl Pts',(-1034.94201644116,100.,923.167595182165));
#8365=CARTESIAN_POINT('Ctrl Pts',(-1035.02457894586,100.,923.300429681734));
#8366=CARTESIAN_POINT('Ctrl Pts',(-1035.18786183461,100.,923.563134899962));
#8367=CARTESIAN_POINT('Ctrl Pts',(-1035.21278122777,100.,923.871314370811));
#8368=CARTESIAN_POINT('Ctrl Pts',(-1035.22510035687,100.,924.023665700659));
#8369=CARTESIAN_POINT('',(-1034.94201644116,99.5,923.167595182165));
#8370=CARTESIAN_POINT('',(-1034.94201644116,100.,923.167595182165));
#8371=CARTESIAN_POINT('Ctrl Pts',(-1034.94201644116,99.5,923.167595182165));
#8372=CARTESIAN_POINT('Ctrl Pts',(-1035.02457894586,99.5,923.300429681734));
#8373=CARTESIAN_POINT('Ctrl Pts',(-1035.18786183461,99.5,923.563134899962));
#8374=CARTESIAN_POINT('Ctrl Pts',(-1035.21278122777,99.5,923.871314370811));
#8375=CARTESIAN_POINT('Ctrl Pts',(-1035.22510035687,99.5,924.023665700659));
#8376=CARTESIAN_POINT('Ctrl Pts',(-1034.07912238294,100.,922.550269876226));
#8377=CARTESIAN_POINT('Ctrl Pts',(-1034.07912238294,99.5,922.550269876226));
#8378=CARTESIAN_POINT('Ctrl Pts',(-1034.25632783188,100.,922.627366885673));
#8379=CARTESIAN_POINT('Ctrl Pts',(-1034.25632783188,99.5,922.627366885673));
#8380=CARTESIAN_POINT('Ctrl Pts',(-1034.5886431631,100.,922.771947757102));
#8381=CARTESIAN_POINT('Ctrl Pts',(-1034.5886431631,99.5,922.771947757102));
#8382=CARTESIAN_POINT('Ctrl Pts',(-1034.82956495929,100.,923.041691097139));
#8383=CARTESIAN_POINT('Ctrl Pts',(-1034.82956495929,99.5,923.041691097139));
#8384=CARTESIAN_POINT('Ctrl Pts',(-1034.94201644116,100.,923.167595182165));
#8385=CARTESIAN_POINT('Ctrl Pts',(-1034.94201644116,99.5,923.167595182165));
#8386=CARTESIAN_POINT('',(-1034.07912238294,100.,922.550269876226));
#8387=CARTESIAN_POINT('Ctrl Pts',(-1034.07912238294,100.,922.550269876226));
#8388=CARTESIAN_POINT('Ctrl Pts',(-1034.25632783188,100.,922.627366885673));
#8389=CARTESIAN_POINT('Ctrl Pts',(-1034.5886431631,100.,922.771947757102));
#8390=CARTESIAN_POINT('Ctrl Pts',(-1034.82956495929,100.,923.041691097139));
#8391=CARTESIAN_POINT('Ctrl Pts',(-1034.94201644116,100.,923.167595182165));
#8392=CARTESIAN_POINT('',(-1034.07912238294,99.5,922.550269876226));
#8393=CARTESIAN_POINT('',(-1034.07912238294,100.,922.550269876226));
#8394=CARTESIAN_POINT('Ctrl Pts',(-1034.07912238294,99.5,922.550269876226));
#8395=CARTESIAN_POINT('Ctrl Pts',(-1034.25632783188,99.5,922.627366885673));
#8396=CARTESIAN_POINT('Ctrl Pts',(-1034.5886431631,99.5,922.771947757102));
#8397=CARTESIAN_POINT('Ctrl Pts',(-1034.82956495929,99.5,923.041691097139));
#8398=CARTESIAN_POINT('Ctrl Pts',(-1034.94201644116,99.5,923.167595182165));
#8399=CARTESIAN_POINT('Ctrl Pts',(-1032.74215682202,100.,922.325166974767));
#8400=CARTESIAN_POINT('Ctrl Pts',(-1032.74215682202,99.5,922.325166974767));
#8401=CARTESIAN_POINT('Ctrl Pts',(-1032.98174179708,100.,922.33250894313));
#8402=CARTESIAN_POINT('Ctrl Pts',(-1032.98174179708,99.5,922.33250894313));
#8403=CARTESIAN_POINT('Ctrl Pts',(-1033.43797018138,100.,922.346489846411));
#8404=CARTESIAN_POINT('Ctrl Pts',(-1033.43797018138,99.5,922.346489846411));
#8405=CARTESIAN_POINT('Ctrl Pts',(-1033.87269167783,100.,922.484659159864));
#8406=CARTESIAN_POINT('Ctrl Pts',(-1033.87269167783,99.5,922.484659159864));
#8407=CARTESIAN_POINT('Ctrl Pts',(-1034.07912238294,100.,922.550269876226));
#8408=CARTESIAN_POINT('Ctrl Pts',(-1034.07912238294,99.5,922.550269876226));
#8409=CARTESIAN_POINT('',(-1032.74215682202,100.,922.325166974767));
#8410=CARTESIAN_POINT('Ctrl Pts',(-1032.74215682202,100.,922.325166974767));
#8411=CARTESIAN_POINT('Ctrl Pts',(-1032.98174179708,100.,922.33250894313));
#8412=CARTESIAN_POINT('Ctrl Pts',(-1033.43797018138,100.,922.346489846411));
#8413=CARTESIAN_POINT('Ctrl Pts',(-1033.87269167783,100.,922.484659159864));
#8414=CARTESIAN_POINT('Ctrl Pts',(-1034.07912238294,100.,922.550269876226));
#8415=CARTESIAN_POINT('',(-1032.74215682202,99.5,922.325166974767));
#8416=CARTESIAN_POINT('',(-1032.74215682202,100.,922.325166974767));
#8417=CARTESIAN_POINT('Ctrl Pts',(-1032.74215682202,99.5,922.325166974767));
#8418=CARTESIAN_POINT('Ctrl Pts',(-1032.98174179708,99.5,922.33250894313));
#8419=CARTESIAN_POINT('Ctrl Pts',(-1033.43797018138,99.5,922.346489846411));
#8420=CARTESIAN_POINT('Ctrl Pts',(-1033.87269167783,99.5,922.484659159864));
#8421=CARTESIAN_POINT('Ctrl Pts',(-1034.07912238294,99.5,922.550269876226));
#8422=CARTESIAN_POINT('Ctrl Pts',(-1031.20736582929,100.,922.621893201574));
#8423=CARTESIAN_POINT('Ctrl Pts',(-1031.20736582929,99.5,922.621893201574));
#8424=CARTESIAN_POINT('Ctrl Pts',(-1031.44652253182,100.,922.535377580741));
#8425=CARTESIAN_POINT('Ctrl Pts',(-1031.44652253182,99.5,922.535377580741));
#8426=CARTESIAN_POINT('Ctrl Pts',(-1031.9422658365,100.,922.356041023065));
#8427=CARTESIAN_POINT('Ctrl Pts',(-1031.9422658365,99.5,922.356041023065));
#8428=CARTESIAN_POINT('Ctrl Pts',(-1032.4693492303,100.,922.335696753094));
#8429=CARTESIAN_POINT('Ctrl Pts',(-1032.4693492303,99.5,922.335696753094));
#8430=CARTESIAN_POINT('Ctrl Pts',(-1032.74215682202,100.,922.325166974767));
#8431=CARTESIAN_POINT('Ctrl Pts',(-1032.74215682202,99.5,922.325166974767));
#8432=CARTESIAN_POINT('',(-1031.20736582929,100.,922.621893201574));
#8433=CARTESIAN_POINT('Ctrl Pts',(-1031.20736582929,100.,922.621893201574));
#8434=CARTESIAN_POINT('Ctrl Pts',(-1031.44652253182,100.,922.535377580741));
#8435=CARTESIAN_POINT('Ctrl Pts',(-1031.9422658365,100.,922.356041023065));
#8436=CARTESIAN_POINT('Ctrl Pts',(-1032.4693492303,100.,922.335696753094));
#8437=CARTESIAN_POINT('Ctrl Pts',(-1032.74215682202,100.,922.325166974767));
#8438=CARTESIAN_POINT('',(-1031.20736582929,99.5,922.621893201574));
#8439=CARTESIAN_POINT('',(-1031.20736582929,100.,922.621893201574));
#8440=CARTESIAN_POINT('Ctrl Pts',(-1031.20736582929,99.5,922.621893201574));
#8441=CARTESIAN_POINT('Ctrl Pts',(-1031.44652253182,99.5,922.535377580741));
#8442=CARTESIAN_POINT('Ctrl Pts',(-1031.9422658365,99.5,922.356041023065));
#8443=CARTESIAN_POINT('Ctrl Pts',(-1032.4693492303,99.5,922.335696753094));
#8444=CARTESIAN_POINT('Ctrl Pts',(-1032.74215682202,99.5,922.325166974767));
#8445=CARTESIAN_POINT('Ctrl Pts',(-1030.20122512036,100.,923.399519239172));
#8446=CARTESIAN_POINT('Ctrl Pts',(-1030.20122512036,99.5,923.399519239172));
#8447=CARTESIAN_POINT('Ctrl Pts',(-1030.33082643212,100.,923.244104343426));
#8448=CARTESIAN_POINT('Ctrl Pts',(-1030.33082643212,99.5,923.244104343426));
#8449=CARTESIAN_POINT('Ctrl Pts',(-1030.60827683513,100.,922.911392236796));
#8450=CARTESIAN_POINT('Ctrl Pts',(-1030.60827683513,99.5,922.911392236796));
#8451=CARTESIAN_POINT('Ctrl Pts',(-1030.99910138374,100.,922.722533267816));
#8452=CARTESIAN_POINT('Ctrl Pts',(-1030.99910138374,99.5,922.722533267816));
#8453=CARTESIAN_POINT('Ctrl Pts',(-1031.20736582929,100.,922.621893201574));
#8454=CARTESIAN_POINT('Ctrl Pts',(-1031.20736582929,99.5,922.621893201574));
#8455=CARTESIAN_POINT('',(-1030.20122512036,100.,923.399519239172));
#8456=CARTESIAN_POINT('Ctrl Pts',(-1030.20122512036,100.,923.399519239172));
#8457=CARTESIAN_POINT('Ctrl Pts',(-1030.33082643212,100.,923.244104343426));
#8458=CARTESIAN_POINT('Ctrl Pts',(-1030.60827683513,100.,922.911392236796));
#8459=CARTESIAN_POINT('Ctrl Pts',(-1030.99910138374,100.,922.722533267816));
#8460=CARTESIAN_POINT('Ctrl Pts',(-1031.20736582929,100.,922.621893201574));
#8461=CARTESIAN_POINT('',(-1030.20122512036,99.5,923.399519239172));
#8462=CARTESIAN_POINT('',(-1030.20122512036,100.,923.399519239172));
#8463=CARTESIAN_POINT('Ctrl Pts',(-1030.20122512036,99.5,923.399519239172));
#8464=CARTESIAN_POINT('Ctrl Pts',(-1030.33082643212,99.5,923.244104343426));
#8465=CARTESIAN_POINT('Ctrl Pts',(-1030.60827683513,99.5,922.911392236796));
#8466=CARTESIAN_POINT('Ctrl Pts',(-1030.99910138374,99.5,922.722533267816));
#8467=CARTESIAN_POINT('Ctrl Pts',(-1031.20736582929,99.5,922.621893201574));
#8468=CARTESIAN_POINT('Ctrl Pts',(-1029.78853924924,100.,924.630760465368));
#8469=CARTESIAN_POINT('Ctrl Pts',(-1029.78853924924,99.5,924.630760465368));
#8470=CARTESIAN_POINT('Ctrl Pts',(-1029.82375267313,100.,924.398294666164));
#8471=CARTESIAN_POINT('Ctrl Pts',(-1029.82375267313,99.5,924.398294666164));
#8472=CARTESIAN_POINT('Ctrl Pts',(-1029.88965861089,100.,923.963208417869));
#8473=CARTESIAN_POINT('Ctrl Pts',(-1029.88965861089,99.5,923.963208417869));
#8474=CARTESIAN_POINT('Ctrl Pts',(-1030.10223016495,100.,923.578621881505));
#8475=CARTESIAN_POINT('Ctrl Pts',(-1030.10223016495,99.5,923.578621881505));
#8476=CARTESIAN_POINT('Ctrl Pts',(-1030.20122512036,100.,923.399519239172));
#8477=CARTESIAN_POINT('Ctrl Pts',(-1030.20122512036,99.5,923.399519239172));
#8478=CARTESIAN_POINT('',(-1029.78853924924,100.,924.630760465368));
#8479=CARTESIAN_POINT('Ctrl Pts',(-1029.78853924924,100.,924.630760465368));
#8480=CARTESIAN_POINT('Ctrl Pts',(-1029.82375267313,100.,924.398294666164));
#8481=CARTESIAN_POINT('Ctrl Pts',(-1029.88965861089,100.,923.963208417869));
#8482=CARTESIAN_POINT('Ctrl Pts',(-1030.10223016495,100.,923.578621881505));
#8483=CARTESIAN_POINT('Ctrl Pts',(-1030.20122512036,100.,923.399519239172));
#8484=CARTESIAN_POINT('',(-1029.78853924924,99.5,924.630760465368));
#8485=CARTESIAN_POINT('',(-1029.78853924924,100.,924.630760465368));
#8486=CARTESIAN_POINT('Ctrl Pts',(-1029.78853924924,99.5,924.630760465368));
#8487=CARTESIAN_POINT('Ctrl Pts',(-1029.82375267313,99.5,924.398294666164));
#8488=CARTESIAN_POINT('Ctrl Pts',(-1029.88965861089,99.5,923.963208417869));
#8489=CARTESIAN_POINT('Ctrl Pts',(-1030.10223016495,99.5,923.578621881505));
#8490=CARTESIAN_POINT('Ctrl Pts',(-1030.20122512036,99.5,923.399519239172));
#8491=CARTESIAN_POINT('Origin',(-1028.54024394208,100.,924.521619592413));
#8492=CARTESIAN_POINT('',(-1028.54024394208,100.,924.521619592413));
#8493=CARTESIAN_POINT('',(-916.554195433733,100.,914.730462786071));
#8494=CARTESIAN_POINT('',(-1028.54024394208,99.5,924.521619592413));
#8495=CARTESIAN_POINT('',(-1028.54024394208,100.,924.521619592413));
#8496=CARTESIAN_POINT('',(-1028.54024394208,99.5,924.521619592413));
#8497=CARTESIAN_POINT('Ctrl Pts',(-1029.08935769254,100.,922.724210534795));
#8498=CARTESIAN_POINT('Ctrl Pts',(-1029.08935769254,99.5,922.724210534795));
#8499=CARTESIAN_POINT('Ctrl Pts',(-1028.93596518961,100.,923.000083333246));
#8500=CARTESIAN_POINT('Ctrl Pts',(-1028.93596518961,99.5,923.000083333246));
#8501=CARTESIAN_POINT('Ctrl Pts',(-1028.62475870004,100.,923.559780864345));
#8502=CARTESIAN_POINT('Ctrl Pts',(-1028.62475870004,99.5,923.559780864345));
#8503=CARTESIAN_POINT('Ctrl Pts',(-1028.56868110327,100.,924.197984246225));
#8504=CARTESIAN_POINT('Ctrl Pts',(-1028.56868110327,99.5,924.197984246225));
#8505=CARTESIAN_POINT('Ctrl Pts',(-1028.54024394208,100.,924.521619592413));
#8506=CARTESIAN_POINT('Ctrl Pts',(-1028.54024394208,99.5,924.521619592413));
#8507=CARTESIAN_POINT('Ctrl Pts',(-1029.08935769254,100.,922.724210534795));
#8508=CARTESIAN_POINT('Ctrl Pts',(-1028.93596518961,100.,923.000083333246));
#8509=CARTESIAN_POINT('Ctrl Pts',(-1028.62475870004,100.,923.559780864345));
#8510=CARTESIAN_POINT('Ctrl Pts',(-1028.56868110327,100.,924.197984246225));
#8511=CARTESIAN_POINT('Ctrl Pts',(-1028.54024394208,100.,924.521619592413));
#8512=CARTESIAN_POINT('Ctrl Pts',(-1029.08935769254,99.5,922.724210534795));
#8513=CARTESIAN_POINT('Ctrl Pts',(-1028.93596518961,99.5,923.000083333246));
#8514=CARTESIAN_POINT('Ctrl Pts',(-1028.62475870004,99.5,923.559780864345));
#8515=CARTESIAN_POINT('Ctrl Pts',(-1028.56868110327,99.5,924.197984246225));
#8516=CARTESIAN_POINT('Ctrl Pts',(-1028.54024394208,99.5,924.521619592413));
#8517=CARTESIAN_POINT('Origin',(-1027.50000043565,99.5,934.027077470525));
#8518=CARTESIAN_POINT('Ctrl Pts',(-1013.79263146573,100.,922.270595346197));
#8519=CARTESIAN_POINT('Ctrl Pts',(-1013.79263146573,99.5,922.270595346197));
#8520=CARTESIAN_POINT('Ctrl Pts',(-1014.14517644308,100.,922.294158503509));
#8521=CARTESIAN_POINT('Ctrl Pts',(-1014.14517644308,99.5,922.294158503509));
#8522=CARTESIAN_POINT('Ctrl Pts',(-1014.830876501,100.,922.339988849626));
#8523=CARTESIAN_POINT('Ctrl Pts',(-1014.830876501,99.5,922.339988849626));
#8524=CARTESIAN_POINT('Ctrl Pts',(-1015.399186405,100.,922.724820907654));
#8525=CARTESIAN_POINT('Ctrl Pts',(-1015.399186405,99.5,922.724820907654));
#8526=CARTESIAN_POINT('Ctrl Pts',(-1015.67530615979,100.,922.911795888647));
#8527=CARTESIAN_POINT('Ctrl Pts',(-1015.67530615979,99.5,922.911795888647));
#8528=CARTESIAN_POINT('',(-1013.79263146573,100.,922.270595346197));
#8529=CARTESIAN_POINT('',(-1015.67530615979,100.,922.911795888647));
#8530=CARTESIAN_POINT('Ctrl Pts',(-1013.79263146573,100.,922.270595346197));
#8531=CARTESIAN_POINT('Ctrl Pts',(-1014.14517644308,100.,922.294158503509));
#8532=CARTESIAN_POINT('Ctrl Pts',(-1014.830876501,100.,922.339988849626));
#8533=CARTESIAN_POINT('Ctrl Pts',(-1015.399186405,100.,922.724820907654));
#8534=CARTESIAN_POINT('Ctrl Pts',(-1015.67530615979,100.,922.911795888647));
#8535=CARTESIAN_POINT('',(-1013.79263146573,99.5,922.270595346197));
#8536=CARTESIAN_POINT('',(-1013.79263146573,100.,922.270595346197));
#8537=CARTESIAN_POINT('',(-1015.67530615979,99.5,922.911795888647));
#8538=CARTESIAN_POINT('Ctrl Pts',(-1013.79263146573,99.5,922.270595346197));
#8539=CARTESIAN_POINT('Ctrl Pts',(-1014.14517644308,99.5,922.294158503509));
#8540=CARTESIAN_POINT('Ctrl Pts',(-1014.830876501,99.5,922.339988849626));
#8541=CARTESIAN_POINT('Ctrl Pts',(-1015.399186405,99.5,922.724820907654));
#8542=CARTESIAN_POINT('Ctrl Pts',(-1015.67530615979,99.5,922.911795888647));
#8543=CARTESIAN_POINT('',(-1015.67530615979,100.,922.911795888647));
#8544=CARTESIAN_POINT('Ctrl Pts',(-1012.09413273984,100.,922.741264615759));
#8545=CARTESIAN_POINT('Ctrl Pts',(-1012.09413273984,99.5,922.741264615759));
#8546=CARTESIAN_POINT('Ctrl Pts',(-1012.36098178059,100.,922.603986974904));
#8547=CARTESIAN_POINT('Ctrl Pts',(-1012.36098178059,99.5,922.603986974904));
#8548=CARTESIAN_POINT('Ctrl Pts',(-1012.8945624452,100.,922.329492097062));
#8549=CARTESIAN_POINT('Ctrl Pts',(-1012.8945624452,99.5,922.329492097062));
#8550=CARTESIAN_POINT('Ctrl Pts',(-1013.49331904527,100.,922.290224716162));
#8551=CARTESIAN_POINT('Ctrl Pts',(-1013.49331904527,99.5,922.290224716162));
#8552=CARTESIAN_POINT('Ctrl Pts',(-1013.79263146573,100.,922.270595346197));
#8553=CARTESIAN_POINT('Ctrl Pts',(-1013.79263146573,99.5,922.270595346197));
#8554=CARTESIAN_POINT('',(-1012.09413273984,100.,922.741264615759));
#8555=CARTESIAN_POINT('Ctrl Pts',(-1012.09413273984,100.,922.741264615759));
#8556=CARTESIAN_POINT('Ctrl Pts',(-1012.36098178059,100.,922.603986974904));
#8557=CARTESIAN_POINT('Ctrl Pts',(-1012.8945624452,100.,922.329492097062));
#8558=CARTESIAN_POINT('Ctrl Pts',(-1013.49331904527,100.,922.290224716162));
#8559=CARTESIAN_POINT('Ctrl Pts',(-1013.79263146573,100.,922.270595346197));
#8560=CARTESIAN_POINT('',(-1012.09413273984,99.5,922.741264615759));
#8561=CARTESIAN_POINT('',(-1012.09413273984,100.,922.741264615759));
#8562=CARTESIAN_POINT('Ctrl Pts',(-1012.09413273984,99.5,922.741264615759));
#8563=CARTESIAN_POINT('Ctrl Pts',(-1012.36098178059,99.5,922.603986974904));
#8564=CARTESIAN_POINT('Ctrl Pts',(-1012.8945624452,99.5,922.329492097062));
#8565=CARTESIAN_POINT('Ctrl Pts',(-1013.49331904527,99.5,922.290224716162));
#8566=CARTESIAN_POINT('Ctrl Pts',(-1013.79263146573,99.5,922.270595346197));
#8567=CARTESIAN_POINT('Ctrl Pts',(-1010.93792422467,100.,924.163502965673));
#8568=CARTESIAN_POINT('Ctrl Pts',(-1010.93792422467,99.5,924.163502965673));
#8569=CARTESIAN_POINT('Ctrl Pts',(-1011.07491950815,100.,923.868878818942));
#8570=CARTESIAN_POINT('Ctrl Pts',(-1011.07491950815,99.5,923.868878818942));
#8571=CARTESIAN_POINT('Ctrl Pts',(-1011.34095264529,100.,923.296743895446));
#8572=CARTESIAN_POINT('Ctrl Pts',(-1011.34095264529,99.5,923.296743895446));
#8573=CARTESIAN_POINT('Ctrl Pts',(-1011.84812950223,100.,922.922694929989));
#8574=CARTESIAN_POINT('Ctrl Pts',(-1011.84812950223,99.5,922.922694929989));
#8575=CARTESIAN_POINT('Ctrl Pts',(-1012.09413273984,100.,922.741264615759));
#8576=CARTESIAN_POINT('Ctrl Pts',(-1012.09413273984,99.5,922.741264615759));
#8577=CARTESIAN_POINT('',(-1010.93792422467,100.,924.163502965673));
#8578=CARTESIAN_POINT('Ctrl Pts',(-1010.93792422467,100.,924.163502965673));
#8579=CARTESIAN_POINT('Ctrl Pts',(-1011.07491950815,100.,923.868878818942));
#8580=CARTESIAN_POINT('Ctrl Pts',(-1011.34095264529,100.,923.296743895446));
#8581=CARTESIAN_POINT('Ctrl Pts',(-1011.84812950223,100.,922.922694929989));
#8582=CARTESIAN_POINT('Ctrl Pts',(-1012.09413273984,100.,922.741264615759));
#8583=CARTESIAN_POINT('',(-1010.93792422467,99.5,924.163502965673));
#8584=CARTESIAN_POINT('',(-1010.93792422467,100.,924.163502965673));
#8585=CARTESIAN_POINT('Ctrl Pts',(-1010.93792422467,99.5,924.163502965673));
#8586=CARTESIAN_POINT('Ctrl Pts',(-1011.07491950815,99.5,923.868878818942));
#8587=CARTESIAN_POINT('Ctrl Pts',(-1011.34095264529,99.5,923.296743895446));
#8588=CARTESIAN_POINT('Ctrl Pts',(-1011.84812950223,99.5,922.922694929989));
#8589=CARTESIAN_POINT('Ctrl Pts',(-1012.09413273984,99.5,922.741264615759));
#8590=CARTESIAN_POINT('Ctrl Pts',(-1010.56616528684,100.,926.390649591192));
#8591=CARTESIAN_POINT('Ctrl Pts',(-1010.56616528684,99.5,926.390649591192));
#8592=CARTESIAN_POINT('Ctrl Pts',(-1010.57782267061,100.,925.989126718533));
#8593=CARTESIAN_POINT('Ctrl Pts',(-1010.57782267061,99.5,925.989126718533));
#8594=CARTESIAN_POINT('Ctrl Pts',(-1010.59988592058,100.,925.229187809834));
#8595=CARTESIAN_POINT('Ctrl Pts',(-1010.59988592058,99.5,925.229187809834));
#8596=CARTESIAN_POINT('Ctrl Pts',(-1010.82958800319,100.,924.5050390221));
#8597=CARTESIAN_POINT('Ctrl Pts',(-1010.82958800319,99.5,924.5050390221));
#8598=CARTESIAN_POINT('Ctrl Pts',(-1010.93792422467,100.,924.163502965673));
#8599=CARTESIAN_POINT('Ctrl Pts',(-1010.93792422467,99.5,924.163502965673));
#8600=CARTESIAN_POINT('',(-1010.56616528684,100.,926.390649591192));
#8601=CARTESIAN_POINT('Ctrl Pts',(-1010.56616528684,100.,926.390649591192));
#8602=CARTESIAN_POINT('Ctrl Pts',(-1010.57782267061,100.,925.989126718533));
#8603=CARTESIAN_POINT('Ctrl Pts',(-1010.59988592058,100.,925.229187809834));
#8604=CARTESIAN_POINT('Ctrl Pts',(-1010.82958800319,100.,924.5050390221));
#8605=CARTESIAN_POINT('Ctrl Pts',(-1010.93792422467,100.,924.163502965673));
#8606=CARTESIAN_POINT('',(-1010.56616528684,99.5,926.390649591192));
#8607=CARTESIAN_POINT('',(-1010.56616528684,100.,926.390649591192));
#8608=CARTESIAN_POINT('Ctrl Pts',(-1010.56616528684,99.5,926.390649591192));
#8609=CARTESIAN_POINT('Ctrl Pts',(-1010.57782267061,99.5,925.989126718533));
#8610=CARTESIAN_POINT('Ctrl Pts',(-1010.59988592058,99.5,925.229187809834));
#8611=CARTESIAN_POINT('Ctrl Pts',(-1010.82958800319,99.5,924.5050390221));
#8612=CARTESIAN_POINT('Ctrl Pts',(-1010.93792422467,99.5,924.163502965673));
#8613=CARTESIAN_POINT('Ctrl Pts',(-1010.87994559461,100.,928.310841832861));
#8614=CARTESIAN_POINT('Ctrl Pts',(-1010.87994559461,99.5,928.310841832861));
#8615=CARTESIAN_POINT('Ctrl Pts',(-1010.78842611514,100.,927.997780468088));
#8616=CARTESIAN_POINT('Ctrl Pts',(-1010.78842611514,99.5,927.997780468088));
#8617=CARTESIAN_POINT('Ctrl Pts',(-1010.60507709719,100.,927.370597117373));
#8618=CARTESIAN_POINT('Ctrl Pts',(-1010.60507709719,99.5,927.370597117373));
#8619=CARTESIAN_POINT('Ctrl Pts',(-1010.57915050499,100.,926.717666820412));
#8620=CARTESIAN_POINT('Ctrl Pts',(-1010.57915050499,99.5,926.717666820412));
#8621=CARTESIAN_POINT('Ctrl Pts',(-1010.56616528684,100.,926.390649591192));
#8622=CARTESIAN_POINT('Ctrl Pts',(-1010.56616528684,99.5,926.390649591192));
#8623=CARTESIAN_POINT('',(-1010.87994559461,100.,928.310841832861));
#8624=CARTESIAN_POINT('Ctrl Pts',(-1010.87994559461,100.,928.310841832861));
#8625=CARTESIAN_POINT('Ctrl Pts',(-1010.78842611514,100.,927.997780468088));
#8626=CARTESIAN_POINT('Ctrl Pts',(-1010.60507709719,100.,927.370597117373));
#8627=CARTESIAN_POINT('Ctrl Pts',(-1010.57915050499,100.,926.717666820412));
#8628=CARTESIAN_POINT('Ctrl Pts',(-1010.56616528684,100.,926.390649591192));
#8629=CARTESIAN_POINT('',(-1010.87994559461,99.5,928.310841832861));
#8630=CARTESIAN_POINT('',(-1010.87994559461,100.,928.310841832861));
#8631=CARTESIAN_POINT('Ctrl Pts',(-1010.87994559461,99.5,928.310841832861));
#8632=CARTESIAN_POINT('Ctrl Pts',(-1010.78842611514,99.5,927.997780468088));
#8633=CARTESIAN_POINT('Ctrl Pts',(-1010.60507709719,99.5,927.370597117373));
#8634=CARTESIAN_POINT('Ctrl Pts',(-1010.57915050499,99.5,926.717666820412));
#8635=CARTESIAN_POINT('Ctrl Pts',(-1010.56616528684,99.5,926.390649591192));
#8636=CARTESIAN_POINT('Ctrl Pts',(-1011.96794017011,100.,929.794470582708));
#8637=CARTESIAN_POINT('Ctrl Pts',(-1011.96794017011,99.5,929.794470582708));
#8638=CARTESIAN_POINT('Ctrl Pts',(-1011.72860603915,100.,929.593186960821));
#8639=CARTESIAN_POINT('Ctrl Pts',(-1011.72860603915,99.5,929.593186960821));
#8640=CARTESIAN_POINT('Ctrl Pts',(-1011.24571709369,100.,929.187070058379));
#8641=CARTESIAN_POINT('Ctrl Pts',(-1011.24571709369,99.5,929.187070058379));
#8642=CARTESIAN_POINT('Ctrl Pts',(-1011.00257781271,100.,928.604614888247));
#8643=CARTESIAN_POINT('Ctrl Pts',(-1011.00257781271,99.5,928.604614888247));
#8644=CARTESIAN_POINT('Ctrl Pts',(-1010.87994559461,100.,928.310841832861));
#8645=CARTESIAN_POINT('Ctrl Pts',(-1010.87994559461,99.5,928.310841832861));
#8646=CARTESIAN_POINT('',(-1011.96794017011,100.,929.794470582708));
#8647=CARTESIAN_POINT('Ctrl Pts',(-1011.96794017011,100.,929.794470582708));
#8648=CARTESIAN_POINT('Ctrl Pts',(-1011.72860603915,100.,929.593186960821));
#8649=CARTESIAN_POINT('Ctrl Pts',(-1011.24571709369,100.,929.187070058379));
#8650=CARTESIAN_POINT('Ctrl Pts',(-1011.00257781271,100.,928.604614888247));
#8651=CARTESIAN_POINT('Ctrl Pts',(-1010.87994559461,100.,928.310841832861));
#8652=CARTESIAN_POINT('',(-1011.96794017011,99.5,929.794470582708));
#8653=CARTESIAN_POINT('',(-1011.96794017011,100.,929.794470582708));
#8654=CARTESIAN_POINT('Ctrl Pts',(-1011.96794017011,99.5,929.794470582708));
#8655=CARTESIAN_POINT('Ctrl Pts',(-1011.72860603915,99.5,929.593186960821));
#8656=CARTESIAN_POINT('Ctrl Pts',(-1011.24571709369,99.5,929.187070058379));
#8657=CARTESIAN_POINT('Ctrl Pts',(-1011.00257781271,99.5,928.604614888247));
#8658=CARTESIAN_POINT('Ctrl Pts',(-1010.87994559461,99.5,928.310841832861));
#8659=CARTESIAN_POINT('Ctrl Pts',(-1013.89495118314,100.,930.346993718847));
#8660=CARTESIAN_POINT('Ctrl Pts',(-1013.89495118314,99.5,930.346993718847));
#8661=CARTESIAN_POINT('Ctrl Pts',(-1013.53391291347,100.,930.329099743824));
#8662=CARTESIAN_POINT('Ctrl Pts',(-1013.53391291347,99.5,930.329099743824));
#8663=CARTESIAN_POINT('Ctrl Pts',(-1012.84719453845,100.,930.295064234342));
#8664=CARTESIAN_POINT('Ctrl Pts',(-1012.84719453845,99.5,930.295064234342));
#8665=CARTESIAN_POINT('Ctrl Pts',(-1012.25078893062,100.,929.955507364534));
#8666=CARTESIAN_POINT('Ctrl Pts',(-1012.25078893062,99.5,929.955507364534));
#8667=CARTESIAN_POINT('Ctrl Pts',(-1011.96794017011,100.,929.794470582708));
#8668=CARTESIAN_POINT('Ctrl Pts',(-1011.96794017011,99.5,929.794470582708));
#8669=CARTESIAN_POINT('',(-1013.89495118314,100.,930.346993718847));
#8670=CARTESIAN_POINT('Ctrl Pts',(-1013.89495118314,100.,930.346993718847));
#8671=CARTESIAN_POINT('Ctrl Pts',(-1013.53391291347,100.,930.329099743824));
#8672=CARTESIAN_POINT('Ctrl Pts',(-1012.84719453845,100.,930.295064234342));
#8673=CARTESIAN_POINT('Ctrl Pts',(-1012.25078893062,100.,929.955507364534));
#8674=CARTESIAN_POINT('Ctrl Pts',(-1011.96794017011,100.,929.794470582708));
#8675=CARTESIAN_POINT('',(-1013.89495118314,99.5,930.346993718847));
#8676=CARTESIAN_POINT('',(-1013.89495118314,100.,930.346993718847));
#8677=CARTESIAN_POINT('Ctrl Pts',(-1013.89495118314,99.5,930.346993718847));
#8678=CARTESIAN_POINT('Ctrl Pts',(-1013.53391291347,99.5,930.329099743824));
#8679=CARTESIAN_POINT('Ctrl Pts',(-1012.84719453845,99.5,930.295064234342));
#8680=CARTESIAN_POINT('Ctrl Pts',(-1012.25078893062,99.5,929.955507364534));
#8681=CARTESIAN_POINT('Ctrl Pts',(-1011.96794017011,99.5,929.794470582708));
#8682=CARTESIAN_POINT('Ctrl Pts',(-1015.55934413129,100.,929.849039827093));
#8683=CARTESIAN_POINT('Ctrl Pts',(-1015.55934413129,99.5,929.849039827093));
#8684=CARTESIAN_POINT('Ctrl Pts',(-1015.31673648371,100.,929.994171802045));
#8685=CARTESIAN_POINT('Ctrl Pts',(-1015.31673648371,99.5,929.994171802045));
#8686=CARTESIAN_POINT('Ctrl Pts',(-1014.80514898867,100.,930.300212045446));
#8687=CARTESIAN_POINT('Ctrl Pts',(-1014.80514898867,99.5,930.300212045446));
#8688=CARTESIAN_POINT('Ctrl Pts',(-1014.20860108054,100.,930.330872973474));
#8689=CARTESIAN_POINT('Ctrl Pts',(-1014.20860108054,99.5,930.330872973474));
#8690=CARTESIAN_POINT('Ctrl Pts',(-1013.89495118314,100.,930.346993718847));
#8691=CARTESIAN_POINT('Ctrl Pts',(-1013.89495118314,99.5,930.346993718847));
#8692=CARTESIAN_POINT('',(-1015.55934413129,100.,929.849039827093));
#8693=CARTESIAN_POINT('Ctrl Pts',(-1015.55934413129,100.,929.849039827093));
#8694=CARTESIAN_POINT('Ctrl Pts',(-1015.31673648371,100.,929.994171802045));
#8695=CARTESIAN_POINT('Ctrl Pts',(-1014.80514898867,100.,930.300212045446));
#8696=CARTESIAN_POINT('Ctrl Pts',(-1014.20860108054,100.,930.330872973474));
#8697=CARTESIAN_POINT('Ctrl Pts',(-1013.89495118314,100.,930.346993718847));
#8698=CARTESIAN_POINT('',(-1015.55934413129,99.5,929.849039827093));
#8699=CARTESIAN_POINT('',(-1015.55934413129,100.,929.849039827093));
#8700=CARTESIAN_POINT('Ctrl Pts',(-1015.55934413129,99.5,929.849039827093));
#8701=CARTESIAN_POINT('Ctrl Pts',(-1015.31673648371,99.5,929.994171802045));
#8702=CARTESIAN_POINT('Ctrl Pts',(-1014.80514898867,99.5,930.300212045446));
#8703=CARTESIAN_POINT('Ctrl Pts',(-1014.20860108054,99.5,930.330872973474));
#8704=CARTESIAN_POINT('Ctrl Pts',(-1013.89495118314,99.5,930.346993718847));
#8705=CARTESIAN_POINT('Ctrl Pts',(-1016.56889422589,100.,928.259681974157));
#8706=CARTESIAN_POINT('Ctrl Pts',(-1016.56889422589,99.5,928.259681974157));
#8707=CARTESIAN_POINT('Ctrl Pts',(-1016.45095455334,100.,928.589843184896));
#8708=CARTESIAN_POINT('Ctrl Pts',(-1016.45095455334,99.5,928.589843184896));
#8709=CARTESIAN_POINT('Ctrl Pts',(-1016.23380750667,100.,929.197726268582));
#8710=CARTESIAN_POINT('Ctrl Pts',(-1016.23380750667,99.5,929.197726268582));
#8711=CARTESIAN_POINT('Ctrl Pts',(-1015.77085292022,100.,929.64479072032));
#8712=CARTESIAN_POINT('Ctrl Pts',(-1015.77085292022,99.5,929.64479072032));
#8713=CARTESIAN_POINT('Ctrl Pts',(-1015.55934413129,100.,929.849039827093));
#8714=CARTESIAN_POINT('Ctrl Pts',(-1015.55934413129,99.5,929.849039827093));
#8715=CARTESIAN_POINT('',(-1016.56889422589,100.,928.259681974157));
#8716=CARTESIAN_POINT('Ctrl Pts',(-1016.56889422589,100.,928.259681974157));
#8717=CARTESIAN_POINT('Ctrl Pts',(-1016.45095455334,100.,928.589843184896));
#8718=CARTESIAN_POINT('Ctrl Pts',(-1016.23380750667,100.,929.197726268582));
#8719=CARTESIAN_POINT('Ctrl Pts',(-1015.77085292022,100.,929.64479072032));
#8720=CARTESIAN_POINT('Ctrl Pts',(-1015.55934413129,100.,929.849039827093));
#8721=CARTESIAN_POINT('',(-1016.56889422589,99.5,928.259681974157));
#8722=CARTESIAN_POINT('',(-1016.56889422589,100.,928.259681974157));
#8723=CARTESIAN_POINT('Ctrl Pts',(-1016.56889422589,99.5,928.259681974157));
#8724=CARTESIAN_POINT('Ctrl Pts',(-1016.45095455334,99.5,928.589843184896));
#8725=CARTESIAN_POINT('Ctrl Pts',(-1016.23380750667,99.5,929.197726268582));
#8726=CARTESIAN_POINT('Ctrl Pts',(-1015.77085292022,99.5,929.64479072032));
#8727=CARTESIAN_POINT('Ctrl Pts',(-1015.55934413129,99.5,929.849039827093));
#8728=CARTESIAN_POINT('Origin',(-1017.87175877744,100.,928.566638742193));
#8729=CARTESIAN_POINT('',(-1017.87175877744,100.,928.566638742193));
#8730=CARTESIAN_POINT('',(-913.845028617863,100.,904.05779103329));
#8731=CARTESIAN_POINT('',(-1017.87175877744,99.5,928.566638742193));
#8732=CARTESIAN_POINT('',(-1017.87175877744,100.,928.566638742193));
#8733=CARTESIAN_POINT('',(-1017.87175877744,99.5,928.566638742193));
#8734=CARTESIAN_POINT('Ctrl Pts',(-1016.44611104184,100.,930.715343271002));
#8735=CARTESIAN_POINT('Ctrl Pts',(-1016.44611104184,99.5,930.715343271002));
#8736=CARTESIAN_POINT('Ctrl Pts',(-1016.76331951169,100.,930.427668011936));
#8737=CARTESIAN_POINT('Ctrl Pts',(-1016.76331951169,99.5,930.427668011936));
#8738=CARTESIAN_POINT('Ctrl Pts',(-1017.41927444262,100.,929.832784764395));
#8739=CARTESIAN_POINT('Ctrl Pts',(-1017.41927444262,99.5,929.832784764395));
#8740=CARTESIAN_POINT('Ctrl Pts',(-1017.71766482689,100.,928.997825918243));
#8741=CARTESIAN_POINT('Ctrl Pts',(-1017.71766482689,99.5,928.997825918243));
#8742=CARTESIAN_POINT('Ctrl Pts',(-1017.87175877744,100.,928.566638742193));
#8743=CARTESIAN_POINT('Ctrl Pts',(-1017.87175877744,99.5,928.566638742193));
#8744=CARTESIAN_POINT('',(-1016.44611104184,100.,930.715343271002));
#8745=CARTESIAN_POINT('Ctrl Pts',(-1016.44611104184,100.,930.715343271002));
#8746=CARTESIAN_POINT('Ctrl Pts',(-1016.76331951169,100.,930.427668011936));
#8747=CARTESIAN_POINT('Ctrl Pts',(-1017.41927444262,100.,929.832784764395));
#8748=CARTESIAN_POINT('Ctrl Pts',(-1017.71766482689,100.,928.997825918243));
#8749=CARTESIAN_POINT('Ctrl Pts',(-1017.87175877744,100.,928.566638742193));
#8750=CARTESIAN_POINT('',(-1016.44611104184,99.5,930.715343271002));
#8751=CARTESIAN_POINT('',(-1016.44611104184,100.,930.715343271002));
#8752=CARTESIAN_POINT('Ctrl Pts',(-1016.44611104184,99.5,930.715343271002));
#8753=CARTESIAN_POINT('Ctrl Pts',(-1016.76331951169,99.5,930.427668011936));
#8754=CARTESIAN_POINT('Ctrl Pts',(-1017.41927444262,99.5,929.832784764395));
#8755=CARTESIAN_POINT('Ctrl Pts',(-1017.71766482689,99.5,928.997825918243));
#8756=CARTESIAN_POINT('Ctrl Pts',(-1017.87175877744,99.5,928.566638742193));
#8757=CARTESIAN_POINT('Ctrl Pts',(-1013.92223580533,100.,931.479326997503));
#8758=CARTESIAN_POINT('Ctrl Pts',(-1013.92223580533,99.5,931.479326997503));
#8759=CARTESIAN_POINT('Ctrl Pts',(-1014.39439659307,100.,931.453410747051));
#8760=CARTESIAN_POINT('Ctrl Pts',(-1014.39439659307,99.5,931.453410747051));
#8761=CARTESIAN_POINT('Ctrl Pts',(-1015.29935085892,100.,931.403739063146));
#8762=CARTESIAN_POINT('Ctrl Pts',(-1015.29935085892,99.5,931.403739063146));
#8763=CARTESIAN_POINT('Ctrl Pts',(-1016.07510662015,100.,930.938055819417));
#8764=CARTESIAN_POINT('Ctrl Pts',(-1016.07510662015,99.5,930.938055819417));
#8765=CARTESIAN_POINT('Ctrl Pts',(-1016.44611104184,100.,930.715343271002));
#8766=CARTESIAN_POINT('Ctrl Pts',(-1016.44611104184,99.5,930.715343271002));
#8767=CARTESIAN_POINT('',(-1013.92223580533,100.,931.479326997503));
#8768=CARTESIAN_POINT('Ctrl Pts',(-1013.92223580533,100.,931.479326997503));
#8769=CARTESIAN_POINT('Ctrl Pts',(-1014.39439659307,100.,931.453410747051));
#8770=CARTESIAN_POINT('Ctrl Pts',(-1015.29935085892,100.,931.403739063146));
#8771=CARTESIAN_POINT('Ctrl Pts',(-1016.07510662015,100.,930.938055819417));
#8772=CARTESIAN_POINT('Ctrl Pts',(-1016.44611104184,100.,930.715343271002));
#8773=CARTESIAN_POINT('',(-1013.92223580533,99.5,931.479326997503));
#8774=CARTESIAN_POINT('',(-1013.92223580533,100.,931.479326997503));
#8775=CARTESIAN_POINT('Ctrl Pts',(-1013.92223580533,99.5,931.479326997503));
#8776=CARTESIAN_POINT('Ctrl Pts',(-1014.39439659307,99.5,931.453410747051));
#8777=CARTESIAN_POINT('Ctrl Pts',(-1015.29935085892,99.5,931.403739063146));
#8778=CARTESIAN_POINT('Ctrl Pts',(-1016.07510662015,99.5,930.938055819417));
#8779=CARTESIAN_POINT('Ctrl Pts',(-1016.44611104184,99.5,930.715343271002));
#8780=CARTESIAN_POINT('Ctrl Pts',(-1011.49727090054,100.,930.87564400266));
#8781=CARTESIAN_POINT('Ctrl Pts',(-1011.49727090054,99.5,930.87564400266));
#8782=CARTESIAN_POINT('Ctrl Pts',(-1011.87665132654,100.,931.051708679173));
#8783=CARTESIAN_POINT('Ctrl Pts',(-1011.87665132654,99.5,931.051708679173));
#8784=CARTESIAN_POINT('Ctrl Pts',(-1012.64590556833,100.,931.408707854565));
#8785=CARTESIAN_POINT('Ctrl Pts',(-1012.64590556833,99.5,931.408707854565));
#8786=CARTESIAN_POINT('Ctrl Pts',(-1013.4929409259,100.,931.455574182147));
#8787=CARTESIAN_POINT('Ctrl Pts',(-1013.4929409259,99.5,931.455574182147));
#8788=CARTESIAN_POINT('Ctrl Pts',(-1013.92223580533,100.,931.479326997503));
#8789=CARTESIAN_POINT('Ctrl Pts',(-1013.92223580533,99.5,931.479326997503));
#8790=CARTESIAN_POINT('',(-1011.49727090054,100.,930.87564400266));
#8791=CARTESIAN_POINT('Ctrl Pts',(-1011.49727090054,100.,930.87564400266));
#8792=CARTESIAN_POINT('Ctrl Pts',(-1011.87665132654,100.,931.051708679173));
#8793=CARTESIAN_POINT('Ctrl Pts',(-1012.64590556833,100.,931.408707854565));
#8794=CARTESIAN_POINT('Ctrl Pts',(-1013.4929409259,100.,931.455574182147));
#8795=CARTESIAN_POINT('Ctrl Pts',(-1013.92223580533,100.,931.479326997503));
#8796=CARTESIAN_POINT('',(-1011.49727090054,99.5,930.87564400266));
#8797=CARTESIAN_POINT('',(-1011.49727090054,100.,930.87564400266));
#8798=CARTESIAN_POINT('Ctrl Pts',(-1011.49727090054,99.5,930.87564400266));
#8799=CARTESIAN_POINT('Ctrl Pts',(-1011.87665132654,99.5,931.051708679173));
#8800=CARTESIAN_POINT('Ctrl Pts',(-1012.64590556833,99.5,931.408707854565));
#8801=CARTESIAN_POINT('Ctrl Pts',(-1013.4929409259,99.5,931.455574182147));
#8802=CARTESIAN_POINT('Ctrl Pts',(-1013.92223580533,99.5,931.479326997503));
#8803=CARTESIAN_POINT('Ctrl Pts',(-1009.79877098256,100.,929.108931337103));
#8804=CARTESIAN_POINT('Ctrl Pts',(-1009.79877098256,99.5,929.108931337103));
#8805=CARTESIAN_POINT('Ctrl Pts',(-1010.01676604056,100.,929.472202422368));
#8806=CARTESIAN_POINT('Ctrl Pts',(-1010.01676604056,99.5,929.472202422368));
#8807=CARTESIAN_POINT('Ctrl Pts',(-1010.44816537879,100.,930.191094434047));
#8808=CARTESIAN_POINT('Ctrl Pts',(-1010.44816537879,99.5,930.191094434047));
#8809=CARTESIAN_POINT('Ctrl Pts',(-1011.15005881558,100.,930.649085398165));
#8810=CARTESIAN_POINT('Ctrl Pts',(-1011.15005881558,99.5,930.649085398165));
#8811=CARTESIAN_POINT('Ctrl Pts',(-1011.49727090054,100.,930.87564400266));
#8812=CARTESIAN_POINT('Ctrl Pts',(-1011.49727090054,99.5,930.87564400266));
#8813=CARTESIAN_POINT('',(-1009.79877098256,100.,929.108931337103));
#8814=CARTESIAN_POINT('Ctrl Pts',(-1009.79877098256,100.,929.108931337103));
#8815=CARTESIAN_POINT('Ctrl Pts',(-1010.01676604056,100.,929.472202422368));
#8816=CARTESIAN_POINT('Ctrl Pts',(-1010.44816537879,100.,930.191094434047));
#8817=CARTESIAN_POINT('Ctrl Pts',(-1011.15005881558,100.,930.649085398165));
#8818=CARTESIAN_POINT('Ctrl Pts',(-1011.49727090054,100.,930.87564400266));
#8819=CARTESIAN_POINT('',(-1009.79877098256,99.5,929.108931337103));
#8820=CARTESIAN_POINT('',(-1009.79877098256,100.,929.108931337103));
#8821=CARTESIAN_POINT('Ctrl Pts',(-1009.79877098256,99.5,929.108931337103));
#8822=CARTESIAN_POINT('Ctrl Pts',(-1010.01676604056,99.5,929.472202422368));
#8823=CARTESIAN_POINT('Ctrl Pts',(-1010.44816537879,99.5,930.191094434047));
#8824=CARTESIAN_POINT('Ctrl Pts',(-1011.15005881558,99.5,930.649085398165));
#8825=CARTESIAN_POINT('Ctrl Pts',(-1011.49727090054,99.5,930.87564400266));
#8826=CARTESIAN_POINT('Ctrl Pts',(-1009.20190914327,100.,926.38383081983));
#8827=CARTESIAN_POINT('Ctrl Pts',(-1009.20190914327,99.5,926.38383081983));
#8828=CARTESIAN_POINT('Ctrl Pts',(-1009.22183590671,100.,926.877971468635));
#8829=CARTESIAN_POINT('Ctrl Pts',(-1009.22183590671,99.5,926.877971468635));
#8830=CARTESIAN_POINT('Ctrl Pts',(-1009.25992545589,100.,927.822509933462));
#8831=CARTESIAN_POINT('Ctrl Pts',(-1009.25992545589,99.5,927.822509933462));
#8832=CARTESIAN_POINT('Ctrl Pts',(-1009.62478823387,100.,928.693570866063));
#8833=CARTESIAN_POINT('Ctrl Pts',(-1009.62478823387,99.5,928.693570866063));
#8834=CARTESIAN_POINT('Ctrl Pts',(-1009.79877098256,100.,929.108931337103));
#8835=CARTESIAN_POINT('Ctrl Pts',(-1009.79877098256,99.5,929.108931337103));
#8836=CARTESIAN_POINT('',(-1009.20190914327,100.,926.38383081983));
#8837=CARTESIAN_POINT('Ctrl Pts',(-1009.20190914327,100.,926.38383081983));
#8838=CARTESIAN_POINT('Ctrl Pts',(-1009.22183590671,100.,926.877971468635));
#8839=CARTESIAN_POINT('Ctrl Pts',(-1009.25992545589,100.,927.822509933462));
#8840=CARTESIAN_POINT('Ctrl Pts',(-1009.62478823387,100.,928.693570866063));
#8841=CARTESIAN_POINT('Ctrl Pts',(-1009.79877098256,100.,929.108931337103));
#8842=CARTESIAN_POINT('',(-1009.20190914327,99.5,926.38383081983));
#8843=CARTESIAN_POINT('',(-1009.20190914327,100.,926.38383081983));
#8844=CARTESIAN_POINT('Ctrl Pts',(-1009.20190914327,99.5,926.38383081983));
#8845=CARTESIAN_POINT('Ctrl Pts',(-1009.22183590671,99.5,926.877971468635));
#8846=CARTESIAN_POINT('Ctrl Pts',(-1009.25992545589,99.5,927.822509933462));
#8847=CARTESIAN_POINT('Ctrl Pts',(-1009.62478823387,99.5,928.693570866063));
#8848=CARTESIAN_POINT('Ctrl Pts',(-1009.79877098256,99.5,929.108931337103));
#8849=CARTESIAN_POINT('Ctrl Pts',(-1009.73055823499,100.,923.703066621526));
#8850=CARTESIAN_POINT('Ctrl Pts',(-1009.73055823499,99.5,923.703066621526));
#8851=CARTESIAN_POINT('Ctrl Pts',(-1009.57637723763,100.,924.130137034976));
#8852=CARTESIAN_POINT('Ctrl Pts',(-1009.57637723763,99.5,924.130137034976));
#8853=CARTESIAN_POINT('Ctrl Pts',(-1009.26357207394,100.,924.99658512442));
#8854=CARTESIAN_POINT('Ctrl Pts',(-1009.26357207394,99.5,924.99658512442));
#8855=CARTESIAN_POINT('Ctrl Pts',(-1009.22265717558,100.,925.917057375918));
#8856=CARTESIAN_POINT('Ctrl Pts',(-1009.22265717558,99.5,925.917057375918));
#8857=CARTESIAN_POINT('Ctrl Pts',(-1009.20190914327,100.,926.38383081983));
#8858=CARTESIAN_POINT('Ctrl Pts',(-1009.20190914327,99.5,926.38383081983));
#8859=CARTESIAN_POINT('',(-1009.73055823499,100.,923.703066621526));
#8860=CARTESIAN_POINT('Ctrl Pts',(-1009.73055823499,100.,923.703066621526));
#8861=CARTESIAN_POINT('Ctrl Pts',(-1009.57637723763,100.,924.130137034976));
#8862=CARTESIAN_POINT('Ctrl Pts',(-1009.26357207394,100.,924.99658512442));
#8863=CARTESIAN_POINT('Ctrl Pts',(-1009.22265717558,100.,925.917057375918));
#8864=CARTESIAN_POINT('Ctrl Pts',(-1009.20190914327,100.,926.38383081983));
#8865=CARTESIAN_POINT('',(-1009.73055823499,99.5,923.703066621526));
#8866=CARTESIAN_POINT('',(-1009.73055823499,100.,923.703066621526));
#8867=CARTESIAN_POINT('Ctrl Pts',(-1009.73055823499,99.5,923.703066621526));
#8868=CARTESIAN_POINT('Ctrl Pts',(-1009.57637723763,99.5,924.130137034976));
#8869=CARTESIAN_POINT('Ctrl Pts',(-1009.26357207394,99.5,924.99658512442));
#8870=CARTESIAN_POINT('Ctrl Pts',(-1009.22265717558,99.5,925.917057375918));
#8871=CARTESIAN_POINT('Ctrl Pts',(-1009.20190914327,99.5,926.38383081983));
#8872=CARTESIAN_POINT('Ctrl Pts',(-1011.27216799909,100.,921.796516690954));
#8873=CARTESIAN_POINT('Ctrl Pts',(-1011.27216799909,99.5,921.796516690954));
#8874=CARTESIAN_POINT('Ctrl Pts',(-1010.95218413304,100.,922.046581000631));
#8875=CARTESIAN_POINT('Ctrl Pts',(-1010.95218413304,99.5,922.046581000631));
#8876=CARTESIAN_POINT('Ctrl Pts',(-1010.29191140278,100.,922.562577780502));
#8877=CARTESIAN_POINT('Ctrl Pts',(-1010.29191140278,99.5,922.562577780502));
#8878=CARTESIAN_POINT('Ctrl Pts',(-1009.92147325006,100.,923.315188799209));
#8879=CARTESIAN_POINT('Ctrl Pts',(-1009.92147325006,99.5,923.315188799209));
#8880=CARTESIAN_POINT('Ctrl Pts',(-1009.73055823499,100.,923.703066621526));
#8881=CARTESIAN_POINT('Ctrl Pts',(-1009.73055823499,99.5,923.703066621526));
#8882=CARTESIAN_POINT('',(-1011.27216799909,100.,921.796516690954));
#8883=CARTESIAN_POINT('Ctrl Pts',(-1011.27216799909,100.,921.796516690954));
#8884=CARTESIAN_POINT('Ctrl Pts',(-1010.95218413304,100.,922.046581000631));
#8885=CARTESIAN_POINT('Ctrl Pts',(-1010.29191140278,100.,922.562577780502));
#8886=CARTESIAN_POINT('Ctrl Pts',(-1009.92147325006,100.,923.315188799209));
#8887=CARTESIAN_POINT('Ctrl Pts',(-1009.73055823499,100.,923.703066621526));
#8888=CARTESIAN_POINT('',(-1011.27216799909,99.5,921.796516690954));
#8889=CARTESIAN_POINT('',(-1011.27216799909,100.,921.796516690954));
#8890=CARTESIAN_POINT('Ctrl Pts',(-1011.27216799909,99.5,921.796516690954));
#8891=CARTESIAN_POINT('Ctrl Pts',(-1010.95218413304,99.5,922.046581000631));
#8892=CARTESIAN_POINT('Ctrl Pts',(-1010.29191140278,99.5,922.562577780502));
#8893=CARTESIAN_POINT('Ctrl Pts',(-1009.92147325006,99.5,923.315188799209));
#8894=CARTESIAN_POINT('Ctrl Pts',(-1009.73055823499,99.5,923.703066621526));
#8895=CARTESIAN_POINT('Ctrl Pts',(-1013.90177233869,100.,921.138264451727));
#8896=CARTESIAN_POINT('Ctrl Pts',(-1013.90177233869,99.5,921.138264451727));
#8897=CARTESIAN_POINT('Ctrl Pts',(-1013.40351512996,100.,921.156199519361));
#8898=CARTESIAN_POINT('Ctrl Pts',(-1013.40351512996,99.5,921.156199519361));
#8899=CARTESIAN_POINT('Ctrl Pts',(-1012.47817037692,100.,921.189507859792));
#8900=CARTESIAN_POINT('Ctrl Pts',(-1012.47817037692,99.5,921.189507859792));
#8901=CARTESIAN_POINT('Ctrl Pts',(-1011.65301411981,100.,921.60482804851));
#8902=CARTESIAN_POINT('Ctrl Pts',(-1011.65301411981,99.5,921.60482804851));
#8903=CARTESIAN_POINT('Ctrl Pts',(-1011.27216799909,100.,921.796516690954));
#8904=CARTESIAN_POINT('Ctrl Pts',(-1011.27216799909,99.5,921.796516690954));
#8905=CARTESIAN_POINT('',(-1013.90177233869,100.,921.138264451727));
#8906=CARTESIAN_POINT('Ctrl Pts',(-1013.90177233869,100.,921.138264451727));
#8907=CARTESIAN_POINT('Ctrl Pts',(-1013.40351512996,100.,921.156199519361));
#8908=CARTESIAN_POINT('Ctrl Pts',(-1012.47817037692,100.,921.189507859792));
#8909=CARTESIAN_POINT('Ctrl Pts',(-1011.65301411981,100.,921.60482804851));
#8910=CARTESIAN_POINT('Ctrl Pts',(-1011.27216799909,100.,921.796516690954));
#8911=CARTESIAN_POINT('',(-1013.90177233869,99.5,921.138264451727));
#8912=CARTESIAN_POINT('',(-1013.90177233869,100.,921.138264451727));
#8913=CARTESIAN_POINT('Ctrl Pts',(-1013.90177233869,99.5,921.138264451727));
#8914=CARTESIAN_POINT('Ctrl Pts',(-1013.40351512996,99.5,921.156199519361));
#8915=CARTESIAN_POINT('Ctrl Pts',(-1012.47817037692,99.5,921.189507859792));
#8916=CARTESIAN_POINT('Ctrl Pts',(-1011.65301411981,99.5,921.60482804851));
#8917=CARTESIAN_POINT('Ctrl Pts',(-1011.27216799909,99.5,921.796516690954));
#8918=CARTESIAN_POINT('Ctrl Pts',(-1016.54501898938,100.,921.99433497022));
#8919=CARTESIAN_POINT('Ctrl Pts',(-1016.54501898938,99.5,921.99433497022));
#8920=CARTESIAN_POINT('Ctrl Pts',(-1016.15631094718,100.,921.744726205971));
#8921=CARTESIAN_POINT('Ctrl Pts',(-1016.15631094718,99.5,921.744726205971));
#8922=CARTESIAN_POINT('Ctrl Pts',(-1015.35165957653,100.,921.228019545758));
#8923=CARTESIAN_POINT('Ctrl Pts',(-1015.35165957653,99.5,921.228019545758));
#8924=CARTESIAN_POINT('Ctrl Pts',(-1014.39585192467,100.,921.168850388717));
#8925=CARTESIAN_POINT('Ctrl Pts',(-1014.39585192467,99.5,921.168850388717));
#8926=CARTESIAN_POINT('Ctrl Pts',(-1013.90177233869,100.,921.138264451727));
#8927=CARTESIAN_POINT('Ctrl Pts',(-1013.90177233869,99.5,921.138264451727));
#8928=CARTESIAN_POINT('',(-1016.54501898938,100.,921.99433497022));
#8929=CARTESIAN_POINT('Ctrl Pts',(-1016.54501898938,100.,921.99433497022));
#8930=CARTESIAN_POINT('Ctrl Pts',(-1016.15631094718,100.,921.744726205971));
#8931=CARTESIAN_POINT('Ctrl Pts',(-1015.35165957653,100.,921.228019545758));
#8932=CARTESIAN_POINT('Ctrl Pts',(-1014.39585192467,100.,921.168850388717));
#8933=CARTESIAN_POINT('Ctrl Pts',(-1013.90177233869,100.,921.138264451727));
#8934=CARTESIAN_POINT('',(-1016.54501898938,99.5,921.99433497022));
#8935=CARTESIAN_POINT('',(-1016.54501898938,100.,921.99433497022));
#8936=CARTESIAN_POINT('Ctrl Pts',(-1016.54501898938,99.5,921.99433497022));
#8937=CARTESIAN_POINT('Ctrl Pts',(-1016.15631094718,99.5,921.744726205971));
#8938=CARTESIAN_POINT('Ctrl Pts',(-1015.35165957653,99.5,921.228019545758));
#8939=CARTESIAN_POINT('Ctrl Pts',(-1014.39585192467,99.5,921.168850388717));
#8940=CARTESIAN_POINT('Ctrl Pts',(-1013.90177233869,99.5,921.138264451727));
#8941=CARTESIAN_POINT('Ctrl Pts',(-1018.04229243451,100.,924.480692659124));
#8942=CARTESIAN_POINT('Ctrl Pts',(-1018.04229243451,99.5,924.480692659124));
#8943=CARTESIAN_POINT('Ctrl Pts',(-1017.88647671845,100.,923.978241388427));
#8944=CARTESIAN_POINT('Ctrl Pts',(-1017.88647671845,99.5,923.978241388427));
#8945=CARTESIAN_POINT('Ctrl Pts',(-1017.59071382967,100.,923.024509357687));
#8946=CARTESIAN_POINT('Ctrl Pts',(-1017.59071382967,99.5,923.024509357687));
#8947=CARTESIAN_POINT('Ctrl Pts',(-1016.88088921447,100.,922.325220129133));
#8948=CARTESIAN_POINT('Ctrl Pts',(-1016.88088921447,99.5,922.325220129133));
#8949=CARTESIAN_POINT('Ctrl Pts',(-1016.54501898938,100.,921.99433497022));
#8950=CARTESIAN_POINT('Ctrl Pts',(-1016.54501898938,99.5,921.99433497022));
#8951=CARTESIAN_POINT('',(-1018.04229243451,100.,924.480692659124));
#8952=CARTESIAN_POINT('Ctrl Pts',(-1018.04229243451,100.,924.480692659124));
#8953=CARTESIAN_POINT('Ctrl Pts',(-1017.88647671845,100.,923.978241388427));
#8954=CARTESIAN_POINT('Ctrl Pts',(-1017.59071382967,100.,923.024509357687));
#8955=CARTESIAN_POINT('Ctrl Pts',(-1016.88088921447,100.,922.325220129133));
#8956=CARTESIAN_POINT('Ctrl Pts',(-1016.54501898938,100.,921.99433497022));
#8957=CARTESIAN_POINT('',(-1018.04229243451,99.5,924.480692659124));
#8958=CARTESIAN_POINT('',(-1018.04229243451,100.,924.480692659124));
#8959=CARTESIAN_POINT('Ctrl Pts',(-1018.04229243451,99.5,924.480692659124));
#8960=CARTESIAN_POINT('Ctrl Pts',(-1017.88647671845,99.5,923.978241388427));
#8961=CARTESIAN_POINT('Ctrl Pts',(-1017.59071382967,99.5,923.024509357687));
#8962=CARTESIAN_POINT('Ctrl Pts',(-1016.88088921447,99.5,922.325220129133));
#8963=CARTESIAN_POINT('Ctrl Pts',(-1016.54501898938,99.5,921.99433497022));
#8964=CARTESIAN_POINT('Origin',(-1016.71896203214,100.,924.814934049352));
#8965=CARTESIAN_POINT('',(-1016.71896203214,100.,924.814934049352));
#8966=CARTESIAN_POINT('',(-920.153653059616,100.,949.205005539352));
#8967=CARTESIAN_POINT('',(-1016.71896203214,99.5,924.814934049352));
#8968=CARTESIAN_POINT('',(-1016.71896203214,100.,924.814934049352));
#8969=CARTESIAN_POINT('',(-1016.71896203214,99.5,924.814934049352));
#8970=CARTESIAN_POINT('Ctrl Pts',(-1015.67530615979,100.,922.911795888647));
#8971=CARTESIAN_POINT('Ctrl Pts',(-1015.67530615979,99.5,922.911795888647));
#8972=CARTESIAN_POINT('Ctrl Pts',(-1015.91401963793,100.,923.164140234758));
#8973=CARTESIAN_POINT('Ctrl Pts',(-1015.91401963793,99.5,923.164140234758));
#8974=CARTESIAN_POINT('Ctrl Pts',(-1016.42642076631,100.,923.705800172409));
#8975=CARTESIAN_POINT('Ctrl Pts',(-1016.42642076631,99.5,923.705800172409));
#8976=CARTESIAN_POINT('Ctrl Pts',(-1016.61710975563,100.,924.428773792603));
#8977=CARTESIAN_POINT('Ctrl Pts',(-1016.61710975563,99.5,924.428773792603));
#8978=CARTESIAN_POINT('Ctrl Pts',(-1016.71896203214,100.,924.814934049352));
#8979=CARTESIAN_POINT('Ctrl Pts',(-1016.71896203214,99.5,924.814934049352));
#8980=CARTESIAN_POINT('Ctrl Pts',(-1015.67530615979,100.,922.911795888647));
#8981=CARTESIAN_POINT('Ctrl Pts',(-1015.91401963793,100.,923.164140234758));
#8982=CARTESIAN_POINT('Ctrl Pts',(-1016.42642076631,100.,923.705800172409));
#8983=CARTESIAN_POINT('Ctrl Pts',(-1016.61710975563,100.,924.428773792603));
#8984=CARTESIAN_POINT('Ctrl Pts',(-1016.71896203214,100.,924.814934049352));
#8985=CARTESIAN_POINT('Ctrl Pts',(-1015.67530615979,99.5,922.911795888647));
#8986=CARTESIAN_POINT('Ctrl Pts',(-1015.91401963793,99.5,923.164140234758));
#8987=CARTESIAN_POINT('Ctrl Pts',(-1016.42642076631,99.5,923.705800172409));
#8988=CARTESIAN_POINT('Ctrl Pts',(-1016.61710975563,99.5,924.428773792603));
#8989=CARTESIAN_POINT('Ctrl Pts',(-1016.71896203214,99.5,924.814934049352));
#8990=CARTESIAN_POINT('Origin',(-1027.50000043565,99.5,934.027077470525));
#8991=CARTESIAN_POINT('Origin',(-1035.62414630109,100.,941.151906762823));
#8992=CARTESIAN_POINT('',(-1035.62414630109,100.,941.151906762823));
#8993=CARTESIAN_POINT('',(-1035.62414630109,100.,939.917254958852));
#8994=CARTESIAN_POINT('',(-1035.62414630109,100.,920.575953381411));
#8995=CARTESIAN_POINT('',(-1035.62414630109,99.5,941.151906762823));
#8996=CARTESIAN_POINT('',(-1035.62414630109,100.,941.151906762823));
#8997=CARTESIAN_POINT('',(-1035.62414630109,99.5,939.917254958852));
#8998=CARTESIAN_POINT('',(-1035.62414630109,99.5,941.151906762823));
#8999=CARTESIAN_POINT('',(-1035.62414630109,100.,939.917254958852));
#9000=CARTESIAN_POINT('Origin',(-1031.8519781416,100.,941.151906762823));
#9001=CARTESIAN_POINT('',(-1031.8519781416,100.,941.151906762823));
#9002=CARTESIAN_POINT('',(-918.425989070802,100.,941.151906762823));
#9003=CARTESIAN_POINT('',(-1031.8519781416,99.5,941.151906762823));
#9004=CARTESIAN_POINT('',(-1031.8519781416,100.,941.151906762823));
#9005=CARTESIAN_POINT('',(-1031.8519781416,99.5,941.151906762823));
#9006=CARTESIAN_POINT('Origin',(-1031.8519781416,100.,939.917254958852));
#9007=CARTESIAN_POINT('',(-1031.8519781416,100.,939.917254958852));
#9008=CARTESIAN_POINT('',(-1031.8519781416,100.,919.958627479426));
#9009=CARTESIAN_POINT('',(-1031.8519781416,99.5,939.917254958852));
#9010=CARTESIAN_POINT('',(-1031.8519781416,100.,939.917254958852));
#9011=CARTESIAN_POINT('',(-1031.8519781416,99.5,939.917254958852));
#9012=CARTESIAN_POINT('Origin',(-1035.62414630109,100.,939.917254958852));
#9013=CARTESIAN_POINT('',(-920.312073150544,100.,939.917254958852));
#9014=CARTESIAN_POINT('',(-1035.62414630109,99.5,939.917254958852));
#9015=CARTESIAN_POINT('Origin',(-1027.50000043565,99.5,934.027077470525));
#9016=CARTESIAN_POINT('Origin',(-1023.20941193753,100.,941.151906762823));
#9017=CARTESIAN_POINT('',(-1023.20941193753,100.,941.151906762823));
#9018=CARTESIAN_POINT('',(-1023.20941193753,100.,939.917254958852));
#9019=CARTESIAN_POINT('',(-1023.20941193753,100.,920.575953381411));
#9020=CARTESIAN_POINT('',(-1023.20941193753,99.5,941.151906762823));
#9021=CARTESIAN_POINT('',(-1023.20941193753,100.,941.151906762823));
#9022=CARTESIAN_POINT('',(-1023.20941193753,99.5,939.917254958852));
#9023=CARTESIAN_POINT('',(-1023.20941193753,99.5,941.151906762823));
#9024=CARTESIAN_POINT('',(-1023.20941193753,100.,939.917254958852));
#9025=CARTESIAN_POINT('Origin',(-1019.43724139386,100.,941.151906762823));
#9026=CARTESIAN_POINT('',(-1019.43724139386,100.,941.151906762823));
#9027=CARTESIAN_POINT('',(-912.218620696931,100.,941.151906762823));
#9028=CARTESIAN_POINT('',(-1019.43724139386,99.5,941.151906762823));
#9029=CARTESIAN_POINT('',(-1019.43724139386,100.,941.151906762823));
#9030=CARTESIAN_POINT('',(-1019.43724139386,99.5,941.151906762823));
#9031=CARTESIAN_POINT('Origin',(-1019.43724139386,100.,939.917254958852));
#9032=CARTESIAN_POINT('',(-1019.43724139386,100.,939.917254958852));
#9033=CARTESIAN_POINT('',(-1019.43724139386,100.,919.958627479426));
#9034=CARTESIAN_POINT('',(-1019.43724139386,99.5,939.917254958852));
#9035=CARTESIAN_POINT('',(-1019.43724139386,100.,939.917254958852));
#9036=CARTESIAN_POINT('',(-1019.43724139386,99.5,939.917254958852));
#9037=CARTESIAN_POINT('Origin',(-1023.20941193753,100.,939.917254958852));
#9038=CARTESIAN_POINT('',(-914.104705968766,100.,939.917254958852));
#9039=CARTESIAN_POINT('',(-1023.20941193753,99.5,939.917254958852));
#9040=CARTESIAN_POINT('Origin',(-1027.50000043565,99.5,934.027077470525));
#9041=CARTESIAN_POINT('Origin',(-805.,100.,900.));
#9042=CARTESIAN_POINT('',(-807.5,100.,957.5));
#9043=CARTESIAN_POINT('',(-1247.5,100.,957.5));
#9044=CARTESIAN_POINT('',(-916.25,100.,957.5));
#9045=CARTESIAN_POINT('',(-807.5,100.,900.));
#9046=CARTESIAN_POINT('',(-807.5,100.,900.));
#9047=CARTESIAN_POINT('',(-1247.5,100.,900.));
#9048=CARTESIAN_POINT('',(-1250.,100.,900.));
#9049=CARTESIAN_POINT('',(-1247.5,100.,900.));
#9050=CARTESIAN_POINT('',(-953.5,100.,950.));
#9051=CARTESIAN_POINT('Origin',(-955.,100.,950.));
#9052=CARTESIAN_POINT('',(-1098.5,100.,950.));
#9053=CARTESIAN_POINT('Origin',(-1100.,100.,950.));
#9054=CARTESIAN_POINT('',(-989.5,100.,950.));
#9055=CARTESIAN_POINT('Origin',(-991.,100.,950.));
#9056=CARTESIAN_POINT('',(-1062.5,100.,950.));
#9057=CARTESIAN_POINT('Origin',(-1064.,100.,950.));
#9058=CARTESIAN_POINT('',(-1208.5,100.,952.5));
#9059=CARTESIAN_POINT('Origin',(-1210.,100.,952.5));
#9060=CARTESIAN_POINT('',(-813.5,100.,952.5));
#9061=CARTESIAN_POINT('Origin',(-815.,100.,952.5));
#9062=CARTESIAN_POINT('',(-1238.5,100.,952.5));
#9063=CARTESIAN_POINT('Origin',(-1240.,100.,952.5));
#9064=CARTESIAN_POINT('',(-843.5,100.,952.5));
#9065=CARTESIAN_POINT('Origin',(-845.,100.,952.5));
#9066=CARTESIAN_POINT('Origin',(-1247.5,17.5,957.5));
#9067=CARTESIAN_POINT('',(-1247.5,97.5,960.));
#9068=CARTESIAN_POINT('',(-1250.,97.5,957.5));
#9069=CARTESIAN_POINT('Origin',(-1247.5,97.5,957.5));
#9070=CARTESIAN_POINT('',(-1250.,-227.5,957.5));
#9071=CARTESIAN_POINT('',(-1250.,17.5,957.5));
#9072=CARTESIAN_POINT('',(-1247.5,-227.5,960.));
#9073=CARTESIAN_POINT('Origin',(-1247.5,-227.5,957.5));
#9074=CARTESIAN_POINT('',(-1247.5,-227.5,960.));
#9075=CARTESIAN_POINT('Origin',(-916.25,97.5,957.5));
#9076=CARTESIAN_POINT('',(-807.5,97.5,960.));
#9077=CARTESIAN_POINT('Origin',(-807.5,97.5,957.5));
#9078=CARTESIAN_POINT('Origin',(-1247.5,97.5,957.5));
#9079=CARTESIAN_POINT('',(-1247.5,97.5,960.));
#9080=CARTESIAN_POINT('Origin',(-1247.5,97.5,957.5));
#9081=CARTESIAN_POINT('Origin',(-1247.5,97.5,957.5));
#9082=CARTESIAN_POINT('Origin',(-807.5,-147.5,957.5));
#9083=CARTESIAN_POINT('',(-807.5,-227.5,960.));
#9084=CARTESIAN_POINT('',(-805.,-227.5,957.5));
#9085=CARTESIAN_POINT('Origin',(-807.5,-227.5,957.5));
#9086=CARTESIAN_POINT('',(-805.,97.5,957.5));
#9087=CARTESIAN_POINT('',(-805.,-147.5,957.5));
#9088=CARTESIAN_POINT('Origin',(-807.5,97.5,957.5));
#9089=CARTESIAN_POINT('',(-807.5,97.5,960.));
#9090=CARTESIAN_POINT('Origin',(-807.5,97.5,957.5));
#9091=CARTESIAN_POINT('Origin',(-807.5,97.5,957.5));
#9092=CARTESIAN_POINT('Origin',(-1138.75,-227.5,957.5));
#9093=CARTESIAN_POINT('',(-1247.5,-230.,957.5));
#9094=CARTESIAN_POINT('Origin',(-1247.5,-227.5,957.5));
#9095=CARTESIAN_POINT('',(-807.5,-230.,957.5));
#9096=CARTESIAN_POINT('',(-1138.75,-230.,957.5));
#9097=CARTESIAN_POINT('Origin',(-807.5,-227.5,957.5));
#9098=CARTESIAN_POINT('',(-807.5,-227.5,960.));
#9099=CARTESIAN_POINT('Origin',(-807.5,-227.5,957.5));
#9100=CARTESIAN_POINT('Origin',(-807.5,-227.5,957.5));
#9101=CARTESIAN_POINT('Origin',(-1247.5,-227.5,957.5));
#9102=CARTESIAN_POINT('Origin',(-1247.5,-227.5,957.5));
#9103=CARTESIAN_POINT('Origin',(-807.5,97.5,900.));
#9104=CARTESIAN_POINT('',(-805.,97.5,900.));
#9105=CARTESIAN_POINT('',(-805.,97.5,900.));
#9106=CARTESIAN_POINT('Origin',(-807.5,97.5,900.));
#9107=CARTESIAN_POINT('Origin',(-805.,-230.,900.));
#9108=CARTESIAN_POINT('',(-805.,-227.5,900.));
#9109=CARTESIAN_POINT('',(-805.,-227.5,900.));
#9110=CARTESIAN_POINT('',(-805.,100.,900.));
#9111=CARTESIAN_POINT('Origin',(-807.5,-227.5,900.));
#9112=CARTESIAN_POINT('',(-807.5,-230.,900.));
#9113=CARTESIAN_POINT('',(-807.5,-230.,900.));
#9114=CARTESIAN_POINT('Origin',(-807.5,-227.5,900.));
#9115=CARTESIAN_POINT('Origin',(-1250.,-230.,900.));
#9116=CARTESIAN_POINT('',(-1247.5,-230.,900.));
#9117=CARTESIAN_POINT('',(-1247.5,-230.,900.));
#9118=CARTESIAN_POINT('',(-805.,-230.,900.));
#9119=CARTESIAN_POINT('Origin',(-1027.5,-65.,900.));
#9120=CARTESIAN_POINT('',(-1250.,-227.5,900.));
#9121=CARTESIAN_POINT('Origin',(-1247.5,-227.5,900.));
#9122=CARTESIAN_POINT('',(-1250.,97.5,900.));
#9123=CARTESIAN_POINT('',(-1250.,-230.,900.));
#9124=CARTESIAN_POINT('Origin',(-1247.5,97.5,900.));
#9125=CARTESIAN_POINT('Origin',(-1247.5,-227.5,900.));
#9126=CARTESIAN_POINT('',(-1250.,-227.5,900.));
#9127=CARTESIAN_POINT('Origin',(-805.,100.,900.));
#9128=CARTESIAN_POINT('Origin',(-1247.5,97.5,900.));
#9129=CARTESIAN_POINT('',(-1250.,97.5,900.));
#9130=CARTESIAN_POINT('Origin',(-845.,100.,952.5));
#9131=CARTESIAN_POINT('',(-843.5,97.5,952.5));
#9132=CARTESIAN_POINT('',(-843.5,100.,952.5));
#9133=CARTESIAN_POINT('Origin',(-845.,97.5,952.5));
#9134=CARTESIAN_POINT('Origin',(-1240.,100.,952.5));
#9135=CARTESIAN_POINT('',(-1238.5,97.5,952.5));
#9136=CARTESIAN_POINT('',(-1238.5,100.,952.5));
#9137=CARTESIAN_POINT('Origin',(-1240.,97.5,952.5));
#9138=CARTESIAN_POINT('Origin',(-815.,100.,952.5));
#9139=CARTESIAN_POINT('',(-813.5,97.5,952.5));
#9140=CARTESIAN_POINT('',(-813.5,100.,952.5));
#9141=CARTESIAN_POINT('Origin',(-815.,97.5,952.5));
#9142=CARTESIAN_POINT('Origin',(-1210.,100.,952.5));
#9143=CARTESIAN_POINT('',(-1208.5,97.5,952.5));
#9144=CARTESIAN_POINT('',(-1208.5,100.,952.5));
#9145=CARTESIAN_POINT('Origin',(-1210.,97.5,952.5));
#9146=CARTESIAN_POINT('Origin',(-1064.,100.,950.));
#9147=CARTESIAN_POINT('',(-1062.5,97.5,950.));
#9148=CARTESIAN_POINT('',(-1062.5,100.,950.));
#9149=CARTESIAN_POINT('Origin',(-1064.,97.5,950.));
#9150=CARTESIAN_POINT('Origin',(-991.,100.,950.));
#9151=CARTESIAN_POINT('',(-989.5,97.5,950.));
#9152=CARTESIAN_POINT('',(-989.5,100.,950.));
#9153=CARTESIAN_POINT('Origin',(-991.,97.5,950.));
#9154=CARTESIAN_POINT('Origin',(-1100.,100.,950.));
#9155=CARTESIAN_POINT('',(-1098.5,97.5,950.));
#9156=CARTESIAN_POINT('',(-1098.5,100.,950.));
#9157=CARTESIAN_POINT('Origin',(-1100.,97.5,950.));
#9158=CARTESIAN_POINT('Origin',(-955.,100.,950.));
#9159=CARTESIAN_POINT('',(-953.5,97.5,950.));
#9160=CARTESIAN_POINT('',(-953.5,100.,950.));
#9161=CARTESIAN_POINT('Origin',(-955.,97.5,950.));
#9162=CARTESIAN_POINT('Origin',(-807.5,97.5,900.));
#9163=CARTESIAN_POINT('',(-807.5,-227.5,910.));
#9164=CARTESIAN_POINT('',(-807.5,97.5,910.));
#9165=CARTESIAN_POINT('',(-807.5,97.5,910.));
#9166=CARTESIAN_POINT('',(-807.5,-227.5,900.));
#9167=CARTESIAN_POINT('',(-807.5,97.5,900.));
#9168=CARTESIAN_POINT('Origin',(-807.5,-227.5,900.));
#9169=CARTESIAN_POINT('',(-1247.5,-227.5,910.));
#9170=CARTESIAN_POINT('',(-807.5,-227.5,910.));
#9171=CARTESIAN_POINT('',(-1247.5,-227.5,900.));
#9172=CARTESIAN_POINT('Origin',(-1247.5,97.5,900.));
#9173=CARTESIAN_POINT('',(-1247.5,97.5,910.));
#9174=CARTESIAN_POINT('',(-1247.5,97.5,910.));
#9175=CARTESIAN_POINT('',(-1247.5,97.5,900.));
#9176=CARTESIAN_POINT('Origin',(-1247.5,-227.5,900.));
#9177=CARTESIAN_POINT('',(-1247.5,-227.5,910.));
#9178=CARTESIAN_POINT('Origin',(-1250.,100.,900.));
#9179=CARTESIAN_POINT('Origin',(-1027.5,-65.,910.));
#9180=CARTESIAN_POINT('Origin',(-1717.5,17.5,937.5));
#9181=CARTESIAN_POINT('',(-1717.5,97.5,940.));
#9182=CARTESIAN_POINT('',(-1720.,97.5,937.5));
#9183=CARTESIAN_POINT('Origin',(-1717.5,97.5,937.5));
#9184=CARTESIAN_POINT('',(-1720.,-227.5,937.5));
#9185=CARTESIAN_POINT('',(-1720.,17.5,937.5));
#9186=CARTESIAN_POINT('',(-1717.5,-227.5,940.));
#9187=CARTESIAN_POINT('Origin',(-1717.5,-227.5,937.5));
#9188=CARTESIAN_POINT('',(-1717.5,-227.5,940.));
#9189=CARTESIAN_POINT('Origin',(-1386.25,97.5,937.5));
#9190=CARTESIAN_POINT('',(-1277.5,97.5,940.));
#9191=CARTESIAN_POINT('',(-1277.5,100.,937.5));
#9192=CARTESIAN_POINT('Origin',(-1277.5,97.5,937.5));
#9193=CARTESIAN_POINT('',(-1717.5,100.,937.5));
#9194=CARTESIAN_POINT('',(-1386.25,100.,937.5));
#9195=CARTESIAN_POINT('Origin',(-1717.5,97.5,937.5));
#9196=CARTESIAN_POINT('',(-1717.5,97.5,940.));
#9197=CARTESIAN_POINT('Origin',(-1717.5,97.5,937.5));
#9198=CARTESIAN_POINT('Origin',(-1717.5,97.5,937.5));
#9199=CARTESIAN_POINT('Origin',(-1277.5,-147.5,937.5));
#9200=CARTESIAN_POINT('',(-1277.5,-227.5,940.));
#9201=CARTESIAN_POINT('',(-1275.,-227.5,937.5));
#9202=CARTESIAN_POINT('Origin',(-1277.5,-227.5,937.5));
#9203=CARTESIAN_POINT('',(-1275.,97.5,937.5));
#9204=CARTESIAN_POINT('',(-1275.,-147.5,937.5));
#9205=CARTESIAN_POINT('Origin',(-1277.5,97.5,937.5));
#9206=CARTESIAN_POINT('',(-1277.5,97.5,940.));
#9207=CARTESIAN_POINT('Origin',(-1277.5,97.5,937.5));
#9208=CARTESIAN_POINT('Origin',(-1277.5,97.5,937.5));
#9209=CARTESIAN_POINT('Origin',(-1608.75,-227.5,937.5));
#9210=CARTESIAN_POINT('',(-1717.5,-230.,937.5));
#9211=CARTESIAN_POINT('Origin',(-1717.5,-227.5,937.5));
#9212=CARTESIAN_POINT('',(-1277.5,-230.,937.5));
#9213=CARTESIAN_POINT('',(-1608.75,-230.,937.5));
#9214=CARTESIAN_POINT('Origin',(-1277.5,-227.5,937.5));
#9215=CARTESIAN_POINT('',(-1277.5,-227.5,940.));
#9216=CARTESIAN_POINT('Origin',(-1277.5,-227.5,937.5));
#9217=CARTESIAN_POINT('Origin',(-1277.5,-227.5,937.5));
#9218=CARTESIAN_POINT('Origin',(-1717.5,-227.5,937.5));
#9219=CARTESIAN_POINT('Origin',(-1717.5,-227.5,937.5));
#9220=CARTESIAN_POINT('Origin',(-1277.5,97.5,900.));
#9221=CARTESIAN_POINT('',(-1275.,97.5,900.));
#9222=CARTESIAN_POINT('',(-1275.,97.5,900.));
#9223=CARTESIAN_POINT('',(-1277.5,100.,900.));
#9224=CARTESIAN_POINT('Origin',(-1277.5,97.5,900.));
#9225=CARTESIAN_POINT('',(-1277.5,100.,900.));
#9226=CARTESIAN_POINT('Origin',(-1275.,-230.,900.));
#9227=CARTESIAN_POINT('',(-1275.,-227.5,900.));
#9228=CARTESIAN_POINT('',(-1275.,-227.5,900.));
#9229=CARTESIAN_POINT('',(-1275.,-230.,900.));
#9230=CARTESIAN_POINT('Origin',(-1277.5,-227.5,900.));
#9231=CARTESIAN_POINT('',(-1277.5,-230.,900.));
#9232=CARTESIAN_POINT('',(-1277.5,-230.,900.));
#9233=CARTESIAN_POINT('Origin',(-1277.5,-227.5,900.));
#9234=CARTESIAN_POINT('Origin',(-1720.,-230.,900.));
#9235=CARTESIAN_POINT('',(-1717.5,-230.,900.));
#9236=CARTESIAN_POINT('',(-1717.5,-230.,900.));
#9237=CARTESIAN_POINT('',(-1720.,-230.,900.));
#9238=CARTESIAN_POINT('Origin',(-1497.5,-65.,900.));
#9239=CARTESIAN_POINT('',(-1720.,-227.5,900.));
#9240=CARTESIAN_POINT('Origin',(-1717.5,-227.5,900.));
#9241=CARTESIAN_POINT('',(-1720.,97.5,900.));
#9242=CARTESIAN_POINT('',(-1720.,100.,900.));
#9243=CARTESIAN_POINT('',(-1717.5,100.,900.));
#9244=CARTESIAN_POINT('Origin',(-1717.5,97.5,900.));
#9245=CARTESIAN_POINT('',(-1275.,100.,900.));
#9246=CARTESIAN_POINT('Origin',(-1717.5,-227.5,900.));
#9247=CARTESIAN_POINT('',(-1720.,-227.5,900.));
#9248=CARTESIAN_POINT('Origin',(-1720.,100.,900.));
#9249=CARTESIAN_POINT('',(-1720.,97.5,900.));
#9250=CARTESIAN_POINT('Origin',(-1717.5,97.5,900.));
#9251=CARTESIAN_POINT('',(-1717.5,100.,900.));
#9252=CARTESIAN_POINT('Origin',(-1315.,100.,907.474874438856));
#9253=CARTESIAN_POINT('',(-1313.5,100.,907.474874438856));
#9254=CARTESIAN_POINT('Origin',(-1315.,100.,907.474874438856));
#9255=CARTESIAN_POINT('',(-1313.5,85.,907.474874438856));
#9256=CARTESIAN_POINT('',(-1313.5,100.,907.474874438856));
#9257=CARTESIAN_POINT('Origin',(-1315.,85.,907.474874438856));
#9258=CARTESIAN_POINT('Origin',(-1315.,85.,907.474874438856));
#9259=CARTESIAN_POINT('Origin',(-1680.,100.,907.5));
#9260=CARTESIAN_POINT('',(-1678.5,100.,907.5));
#9261=CARTESIAN_POINT('Origin',(-1680.,100.,907.5));
#9262=CARTESIAN_POINT('',(-1678.5,85.,907.5));
#9263=CARTESIAN_POINT('',(-1678.5,100.,907.5));
#9264=CARTESIAN_POINT('Origin',(-1680.,85.,907.5));
#9265=CARTESIAN_POINT('Origin',(-1680.,85.,907.5));
#9266=CARTESIAN_POINT('Origin',(-1285.,100.,907.5));
#9267=CARTESIAN_POINT('',(-1283.5,100.,907.5));
#9268=CARTESIAN_POINT('Origin',(-1285.,100.,907.5));
#9269=CARTESIAN_POINT('',(-1283.5,85.,907.5));
#9270=CARTESIAN_POINT('',(-1283.5,100.,907.5));
#9271=CARTESIAN_POINT('Origin',(-1285.,85.,907.5));
#9272=CARTESIAN_POINT('Origin',(-1285.,85.,907.5));
#9273=CARTESIAN_POINT('Origin',(-1710.,100.,907.5));
#9274=CARTESIAN_POINT('',(-1708.5,100.,907.5));
#9275=CARTESIAN_POINT('Origin',(-1710.,100.,907.5));
#9276=CARTESIAN_POINT('',(-1708.5,85.,907.5));
#9277=CARTESIAN_POINT('',(-1708.5,100.,907.5));
#9278=CARTESIAN_POINT('Origin',(-1710.,85.,907.5));
#9279=CARTESIAN_POINT('Origin',(-1710.,85.,907.5));
#9280=CARTESIAN_POINT('Origin',(-1277.5,97.5,900.));
#9281=CARTESIAN_POINT('',(-1277.5,-227.5,910.));
#9282=CARTESIAN_POINT('',(-1277.5,97.5,910.));
#9283=CARTESIAN_POINT('',(-1277.5,97.5,910.));
#9284=CARTESIAN_POINT('',(-1277.5,-227.5,900.));
#9285=CARTESIAN_POINT('',(-1277.5,97.5,900.));
#9286=CARTESIAN_POINT('Origin',(-1277.5,-227.5,900.));
#9287=CARTESIAN_POINT('',(-1717.5,-227.5,910.));
#9288=CARTESIAN_POINT('',(-1277.5,-227.5,910.));
#9289=CARTESIAN_POINT('',(-1717.5,-227.5,900.));
#9290=CARTESIAN_POINT('Origin',(-1717.5,97.5,900.));
#9291=CARTESIAN_POINT('',(-1717.5,97.5,910.));
#9292=CARTESIAN_POINT('',(-1717.5,97.5,910.));
#9293=CARTESIAN_POINT('',(-1717.5,97.5,900.));
#9294=CARTESIAN_POINT('Origin',(-1717.5,-227.5,900.));
#9295=CARTESIAN_POINT('',(-1717.5,-227.5,910.));
#9296=CARTESIAN_POINT('Origin',(-1275.,100.,900.));
#9297=CARTESIAN_POINT('Origin',(-1497.5,-65.,910.));
#9298=CARTESIAN_POINT('Origin',(292.054549790913,272.,127.556718687416));
#9299=CARTESIAN_POINT('',(513.304549790913,270.,127.556718687416));
#9300=CARTESIAN_POINT('',(515.754039533696,272.,129.556718687416));
#9301=CARTESIAN_POINT('Ctrl Pts',(513.304549790913,270.,127.556718687416));
#9302=CARTESIAN_POINT('Ctrl Pts',(513.591235871005,270.,127.813138512732));
#9303=CARTESIAN_POINT('Ctrl Pts',(513.902345772196,270.05164420065,128.091564480765));
#9304=CARTESIAN_POINT('Ctrl Pts',(514.49812609966,270.280274253521,128.617234224032));
#9305=CARTESIAN_POINT('Ctrl Pts',(514.782873249772,270.457140704874,128.864442963446));
#9306=CARTESIAN_POINT('Ctrl Pts',(515.184730282898,270.837221306716,129.196694740494));
#9307=CARTESIAN_POINT('Ctrl Pts',(515.346386734396,271.034035991383,129.324896034124));
#9308=CARTESIAN_POINT('Ctrl Pts',(515.605193087941,271.487483554635,129.505273177577));
#9309=CARTESIAN_POINT('Ctrl Pts',(515.701916408094,271.744649876954,129.556718687416));
#9310=CARTESIAN_POINT('Ctrl Pts',(515.754039533696,272.,129.556718687416));
#9311=CARTESIAN_POINT('',(70.8550600481295,272.,129.556718687416));
#9312=CARTESIAN_POINT('',(292.054549790913,272.,129.556718687416));
#9313=CARTESIAN_POINT('',(73.3045497909127,270.,127.556718687416));
#9314=CARTESIAN_POINT('Ctrl Pts',(70.8550600481295,272.,129.556718687416));
#9315=CARTESIAN_POINT('Ctrl Pts',(70.9071831737312,271.744649876954,129.556718687416));
#9316=CARTESIAN_POINT('Ctrl Pts',(71.0039064938849,271.487483554635,129.505273177577));
#9317=CARTESIAN_POINT('Ctrl Pts',(71.2627128474295,271.034035991383,129.324896034124));
#9318=CARTESIAN_POINT('Ctrl Pts',(71.4243692989273,270.837221306716,129.196694740494));
#9319=CARTESIAN_POINT('Ctrl Pts',(71.8262263320534,270.457140704874,128.864442963446));
#9320=CARTESIAN_POINT('Ctrl Pts',(72.1109734821659,270.280274253521,128.617234224032));
#9321=CARTESIAN_POINT('Ctrl Pts',(72.7067538096292,270.05164420065,128.091564480765));
#9322=CARTESIAN_POINT('Ctrl Pts',(73.0178637108204,270.,127.813138512732));
#9323=CARTESIAN_POINT('Ctrl Pts',(73.3045497909127,270.,127.556718687416));
#9324=CARTESIAN_POINT('',(292.054549790913,270.,127.556718687416));
#9325=CARTESIAN_POINT('Origin',(73.3045497909127,272.5,72.0567186874162));
#9326=CARTESIAN_POINT('',(70.8045497909127,272.5,129.556718687416));
#9327=CARTESIAN_POINT('Origin',(73.3045497909127,272.5,129.556718687416));
#9328=CARTESIAN_POINT('',(70.8045497909127,272.5,72.0567186874162));
#9329=CARTESIAN_POINT('',(70.8045497909127,272.5,72.0567186874162));
#9330=CARTESIAN_POINT('',(73.3045497909127,270.,72.0567186874162));
#9331=CARTESIAN_POINT('Origin',(73.3045497909127,272.5,72.0567186874162));
#9332=CARTESIAN_POINT('',(73.3045497909127,270.,72.0567186874162));
#9333=CARTESIAN_POINT('Origin',(513.304549790913,270.,129.556718687416));
#9334=CARTESIAN_POINT('',(515.804549790913,272.5,129.556718687416));
#9335=CARTESIAN_POINT('Origin',(513.304549790913,272.5,129.556718687416));
#9336=CARTESIAN_POINT('',(515.804549790913,275.000099323672,129.556718687416));
#9337=CARTESIAN_POINT('',(515.804549790913,352.5,129.556718687416));
#9338=CARTESIAN_POINT('',(513.304549790913,275.000099323672,129.556718687416));
#9339=CARTESIAN_POINT('',(70.8045497909127,275.000099323672,129.556718687416));
#9340=CARTESIAN_POINT('',(513.304549790913,272.5,129.556718687416));
#9341=CARTESIAN_POINT('',(513.304549790913,433.750049661836,129.556718687416));
#9342=CARTESIAN_POINT('',(73.3045497909127,272.5,129.556718687416));
#9343=CARTESIAN_POINT('',(513.304549790913,272.5,129.556718687416));
#9344=CARTESIAN_POINT('',(73.3045497909126,275.000099323672,129.556718687416));
#9345=CARTESIAN_POINT('',(73.3045497909126,271.250049661836,129.556718687416));
#9346=CARTESIAN_POINT('',(70.8045497909127,275.000099323672,129.556718687416));
#9347=CARTESIAN_POINT('',(70.8045497909127,275.000099323672,129.556718687416));
#9348=CARTESIAN_POINT('',(70.8045497909127,517.5,129.556718687416));
#9349=CARTESIAN_POINT('Origin',(70.8045497909127,275.000099323672,129.556718687416));
#9350=CARTESIAN_POINT('',(513.304549790913,275.000099323672,132.056718687416));
#9351=CARTESIAN_POINT('Origin',(513.304549790913,275.000099323672,129.556718687416));
#9352=CARTESIAN_POINT('',(513.304549790913,275.000099323672,100.806718687416));
#9353=CARTESIAN_POINT('Origin',(70.8045497909127,275.000099323672,129.556718687416));
#9354=CARTESIAN_POINT('',(73.3045497909126,275.000099323672,132.056718687416));
#9355=CARTESIAN_POINT('Origin',(73.3045497909127,275.000099323672,129.556718687416));
#9356=CARTESIAN_POINT('',(73.3045497909126,275.000099323672,100.806718687416));
#9357=CARTESIAN_POINT('Origin',(73.3045497909127,517.5,129.556718687416));
#9358=CARTESIAN_POINT('',(73.3045497909126,597.5,132.056718687416));
#9359=CARTESIAN_POINT('',(73.3045497909126,272.5,132.056718687416));
#9360=CARTESIAN_POINT('',(70.8045497909127,597.5,129.556718687416));
#9361=CARTESIAN_POINT('Origin',(73.3045497909127,597.5,129.556718687416));
#9362=CARTESIAN_POINT('',(70.8045497909127,517.5,129.556718687416));
#9363=CARTESIAN_POINT('Origin',(73.3045497909126,272.5,72.0567186874162));
#9364=CARTESIAN_POINT('',(73.3045497909126,272.5,82.0567186874162));
#9365=CARTESIAN_POINT('',(73.3045497909126,272.5,72.0567186874162));
#9366=CARTESIAN_POINT('',(73.3045497909126,597.5,82.0567186874162));
#9367=CARTESIAN_POINT('',(73.3045497909126,272.5,82.0567186874162));
#9368=CARTESIAN_POINT('',(73.3045497909126,597.5,72.0567186874162));
#9369=CARTESIAN_POINT('Origin',(292.21314599013,600.,117.792527213201));
#9370=CARTESIAN_POINT('',(292.21314599013,600.,117.792527213201));
#9371=CARTESIAN_POINT('',(292.21314599013,600.,108.97260917674));
#9372=CARTESIAN_POINT('',(292.21314599013,600.,94.9246229503088));
#9373=CARTESIAN_POINT('',(292.21314599013,599.5,117.792527213201));
#9374=CARTESIAN_POINT('',(292.21314599013,600.,117.792527213201));
#9375=CARTESIAN_POINT('',(292.21314599013,599.5,108.97260917674));
#9376=CARTESIAN_POINT('',(292.21314599013,599.5,117.792527213201));
#9377=CARTESIAN_POINT('',(292.21314599013,600.,108.97260917674));
#9378=CARTESIAN_POINT('Origin',(288.904825944659,600.,117.792527213201));
#9379=CARTESIAN_POINT('',(288.904825944659,600.,117.792527213201));
#9380=CARTESIAN_POINT('',(402.354687867786,600.,117.792527213201));
#9381=CARTESIAN_POINT('',(288.904825944659,599.5,117.792527213201));
#9382=CARTESIAN_POINT('',(288.904825944659,600.,117.792527213201));
#9383=CARTESIAN_POINT('',(288.904825944659,599.5,117.792527213201));
#9384=CARTESIAN_POINT('Origin',(288.904825944659,600.,118.97260917674));
#9385=CARTESIAN_POINT('',(288.904825944659,600.,118.97260917674));
#9386=CARTESIAN_POINT('',(288.904825944659,600.,95.5146639320783));
#9387=CARTESIAN_POINT('',(288.904825944659,599.5,118.97260917674));
#9388=CARTESIAN_POINT('',(288.904825944659,600.,118.97260917674));
#9389=CARTESIAN_POINT('',(288.904825944659,599.5,118.97260917674));
#9390=CARTESIAN_POINT('Origin',(296.831154126879,600.,118.97260917674));
#9391=CARTESIAN_POINT('',(296.831154126879,600.,118.97260917674));
#9392=CARTESIAN_POINT('',(406.317851958896,600.,118.97260917674));
#9393=CARTESIAN_POINT('',(296.831154126879,599.5,118.97260917674));
#9394=CARTESIAN_POINT('',(296.831154126879,600.,118.97260917674));
#9395=CARTESIAN_POINT('',(296.831154126879,599.5,118.97260917674));
#9396=CARTESIAN_POINT('Origin',(296.831154126879,600.,117.792527213201));
#9397=CARTESIAN_POINT('',(296.831154126879,600.,117.792527213201));
#9398=CARTESIAN_POINT('',(296.831154126879,600.,94.9246229503088));
#9399=CARTESIAN_POINT('',(296.831154126879,599.5,117.792527213201));
#9400=CARTESIAN_POINT('',(296.831154126879,600.,117.792527213201));
#9401=CARTESIAN_POINT('',(296.831154126879,599.5,117.792527213201));
#9402=CARTESIAN_POINT('Origin',(293.536474008319,600.,117.792527213201));
#9403=CARTESIAN_POINT('',(293.536474008319,600.,117.792527213201));
#9404=CARTESIAN_POINT('',(404.670511899616,600.,117.792527213201));
#9405=CARTESIAN_POINT('',(293.536474008319,599.5,117.792527213201));
#9406=CARTESIAN_POINT('',(293.536474008319,600.,117.792527213201));
#9407=CARTESIAN_POINT('',(293.536474008319,599.5,117.792527213201));
#9408=CARTESIAN_POINT('Origin',(293.536474008319,600.,108.97260917674));
#9409=CARTESIAN_POINT('',(293.536474008319,600.,108.97260917674));
#9410=CARTESIAN_POINT('',(293.536474008319,600.,90.5146639320783));
#9411=CARTESIAN_POINT('',(293.536474008319,599.5,108.97260917674));
#9412=CARTESIAN_POINT('',(293.536474008319,600.,108.97260917674));
#9413=CARTESIAN_POINT('',(293.536474008319,599.5,108.97260917674));
#9414=CARTESIAN_POINT('Origin',(292.21314599013,600.,108.97260917674));
#9415=CARTESIAN_POINT('',(404.008847890521,600.,108.97260917674));
#9416=CARTESIAN_POINT('',(292.21314599013,599.5,108.97260917674));
#9417=CARTESIAN_POINT('Origin',(293.304549355265,599.5,106.083796157942));
#9418=CARTESIAN_POINT('Origin',(275.006458062884,600.,94.5455957795236));
#9419=CARTESIAN_POINT('',(275.006458062884,600.,94.5455957795236));
#9420=CARTESIAN_POINT('',(275.006458062884,600.,93.365514412031));
#9421=CARTESIAN_POINT('',(275.006458062884,600.,83.3011572334699));
#9422=CARTESIAN_POINT('',(275.006458062884,599.5,94.5455957795236));
#9423=CARTESIAN_POINT('',(275.006458062884,600.,94.5455957795236));
#9424=CARTESIAN_POINT('',(275.006458062884,599.5,93.365514412031));
#9425=CARTESIAN_POINT('',(275.006458062884,599.5,94.5455957795236));
#9426=CARTESIAN_POINT('',(275.006458062884,600.,93.365514412031));
#9427=CARTESIAN_POINT('Origin',(281.145612497088,600.,94.5455957795236));
#9428=CARTESIAN_POINT('',(281.145612497088,600.,94.5455957795236));
#9429=CARTESIAN_POINT('',(398.475081144,600.,94.5455957795236));
#9430=CARTESIAN_POINT('',(281.145612497088,599.5,94.5455957795236));
#9431=CARTESIAN_POINT('',(281.145612497088,600.,94.5455957795236));
#9432=CARTESIAN_POINT('',(281.145612497088,599.5,94.5455957795236));
#9433=CARTESIAN_POINT('Origin',(281.145612497088,600.,97.9494167710398));
#9434=CARTESIAN_POINT('',(281.145612497088,600.,97.9494167710398));
#9435=CARTESIAN_POINT('',(281.145612497088,600.,85.003067729228));
#9436=CARTESIAN_POINT('',(281.145612497088,599.5,97.9494167710398));
#9437=CARTESIAN_POINT('',(281.145612497088,600.,97.9494167710398));
#9438=CARTESIAN_POINT('',(281.145612497088,599.5,97.9494167710398));
#9439=CARTESIAN_POINT('Origin',(275.613557595965,600.,97.9494167710398));
#9440=CARTESIAN_POINT('',(275.613557595965,600.,97.9494167710398));
#9441=CARTESIAN_POINT('',(395.709053693439,600.,97.9494167710398));
#9442=CARTESIAN_POINT('',(275.613557595965,599.5,97.9494167710398));
#9443=CARTESIAN_POINT('',(275.613557595965,600.,97.9494167710398));
#9444=CARTESIAN_POINT('',(275.613557595965,599.5,97.9494167710398));
#9445=CARTESIAN_POINT('Origin',(275.613557595965,600.,99.1226769829843));
#9446=CARTESIAN_POINT('',(275.613557595965,600.,99.1226769829843));
#9447=CARTESIAN_POINT('',(275.613557595965,600.,85.5896978352003));
#9448=CARTESIAN_POINT('',(275.613557595965,599.5,99.1226769829843));
#9449=CARTESIAN_POINT('',(275.613557595965,600.,99.1226769829843));
#9450=CARTESIAN_POINT('',(275.613557595965,599.5,99.1226769829843));
#9451=CARTESIAN_POINT('Origin',(281.145612497088,600.,99.1226769829843));
#9452=CARTESIAN_POINT('',(281.145612497088,600.,99.1226769829843));
#9453=CARTESIAN_POINT('',(398.475081144,600.,99.1226769829843));
#9454=CARTESIAN_POINT('',(281.145612497088,599.5,99.1226769829843));
#9455=CARTESIAN_POINT('',(281.145612497088,600.,99.1226769829843));
#9456=CARTESIAN_POINT('',(281.145612497088,599.5,99.1226769829843));
#9457=CARTESIAN_POINT('Origin',(281.145612497088,600.,102.185433044538));
#9458=CARTESIAN_POINT('',(281.145612497088,600.,102.185433044538));
#9459=CARTESIAN_POINT('',(281.145612497088,600.,87.1210758659772));
#9460=CARTESIAN_POINT('',(281.145612497088,599.5,102.185433044538));
#9461=CARTESIAN_POINT('',(281.145612497088,600.,102.185433044538));
#9462=CARTESIAN_POINT('',(281.145612497088,599.5,102.185433044538));
#9463=CARTESIAN_POINT('Origin',(275.238382119891,600.,102.185433044538));
#9464=CARTESIAN_POINT('',(275.238382119891,600.,102.185433044538));
#9465=CARTESIAN_POINT('',(395.521465955402,600.,102.185433044538));
#9466=CARTESIAN_POINT('',(275.238382119891,599.5,102.185433044538));
#9467=CARTESIAN_POINT('',(275.238382119891,600.,102.185433044538));
#9468=CARTESIAN_POINT('',(275.238382119891,599.5,102.185433044538));
#9469=CARTESIAN_POINT('Origin',(275.238382119891,600.,103.365514412031));
#9470=CARTESIAN_POINT('',(275.238382119891,600.,103.365514412031));
#9471=CARTESIAN_POINT('',(275.238382119891,600.,87.7111165497236));
#9472=CARTESIAN_POINT('',(275.238382119891,599.5,103.365514412031));
#9473=CARTESIAN_POINT('',(275.238382119891,600.,103.365514412031));
#9474=CARTESIAN_POINT('',(275.238382119891,599.5,103.365514412031));
#9475=CARTESIAN_POINT('Origin',(282.468940515277,600.,103.365514412031));
#9476=CARTESIAN_POINT('',(282.468940515277,600.,103.365514412031));
#9477=CARTESIAN_POINT('',(399.136745153095,600.,103.365514412031));
#9478=CARTESIAN_POINT('',(282.468940515277,599.5,103.365514412031));
#9479=CARTESIAN_POINT('',(282.468940515277,600.,103.365514412031));
#9480=CARTESIAN_POINT('',(282.468940515277,599.5,103.365514412031));
#9481=CARTESIAN_POINT('Origin',(282.468940515277,600.,93.365514412031));
#9482=CARTESIAN_POINT('',(282.468940515277,600.,93.365514412031));
#9483=CARTESIAN_POINT('',(282.468940515277,600.,82.7111165497236));
#9484=CARTESIAN_POINT('',(282.468940515277,599.5,93.365514412031));
#9485=CARTESIAN_POINT('',(282.468940515277,600.,93.365514412031));
#9486=CARTESIAN_POINT('',(282.468940515277,599.5,93.365514412031));
#9487=CARTESIAN_POINT('Origin',(275.006458062884,600.,93.365514412031));
#9488=CARTESIAN_POINT('',(395.405503926898,600.,93.365514412031));
#9489=CARTESIAN_POINT('',(275.006458062884,599.5,93.365514412031));
#9490=CARTESIAN_POINT('Origin',(293.304549355265,599.5,106.083796157942));
#9491=CARTESIAN_POINT('Ctrl Pts',(297.707688112017,600.,102.315037384138));
#9492=CARTESIAN_POINT('Ctrl Pts',(297.707688112017,599.5,102.315037384138));
#9493=CARTESIAN_POINT('Ctrl Pts',(297.77831398322,600.,101.993851099999));
#9494=CARTESIAN_POINT('Ctrl Pts',(297.77831398322,599.5,101.993851099999));
#9495=CARTESIAN_POINT('Ctrl Pts',(297.920620920516,600.,101.346679806833));
#9496=CARTESIAN_POINT('Ctrl Pts',(297.920620920516,599.5,101.346679806833));
#9497=CARTESIAN_POINT('Ctrl Pts',(298.137385423683,600.,100.720493022994));
#9498=CARTESIAN_POINT('Ctrl Pts',(298.137385423683,599.5,100.720493022994));
#9499=CARTESIAN_POINT('Ctrl Pts',(298.246571321246,600.,100.405078067884));
#9500=CARTESIAN_POINT('Ctrl Pts',(298.246571321246,599.5,100.405078067884));
#9501=CARTESIAN_POINT('',(297.707688112017,600.,102.315037384138));
#9502=CARTESIAN_POINT('',(298.246571321246,600.,100.405078067884));
#9503=CARTESIAN_POINT('Ctrl Pts',(297.707688112017,600.,102.315037384138));
#9504=CARTESIAN_POINT('Ctrl Pts',(297.77831398322,600.,101.993851099999));
#9505=CARTESIAN_POINT('Ctrl Pts',(297.920620920516,600.,101.346679806833));
#9506=CARTESIAN_POINT('Ctrl Pts',(298.137385423683,600.,100.720493022994));
#9507=CARTESIAN_POINT('Ctrl Pts',(298.246571321246,600.,100.405078067884));
#9508=CARTESIAN_POINT('',(297.707688112017,599.5,102.315037384138));
#9509=CARTESIAN_POINT('',(297.707688112017,600.,102.315037384138));
#9510=CARTESIAN_POINT('',(298.246571321246,599.5,100.405078067884));
#9511=CARTESIAN_POINT('Ctrl Pts',(297.707688112017,599.5,102.315037384138));
#9512=CARTESIAN_POINT('Ctrl Pts',(297.77831398322,599.5,101.993851099999));
#9513=CARTESIAN_POINT('Ctrl Pts',(297.920620920516,599.5,101.346679806833));
#9514=CARTESIAN_POINT('Ctrl Pts',(298.137385423683,599.5,100.720493022994));
#9515=CARTESIAN_POINT('Ctrl Pts',(298.246571321246,599.5,100.405078067884));
#9516=CARTESIAN_POINT('',(298.246571321246,600.,100.405078067884));
#9517=CARTESIAN_POINT('Ctrl Pts',(296.998276014086,600.,100.241367950544));
#9518=CARTESIAN_POINT('Ctrl Pts',(296.998276014086,599.5,100.241367950544));
#9519=CARTESIAN_POINT('Ctrl Pts',(297.141282135087,600.,100.623033688906));
#9520=CARTESIAN_POINT('Ctrl Pts',(297.141282135087,599.5,100.623033688906));
#9521=CARTESIAN_POINT('Ctrl Pts',(297.39773416793,600.,101.307472605121));
#9522=CARTESIAN_POINT('Ctrl Pts',(297.39773416793,599.5,101.307472605121));
#9523=CARTESIAN_POINT('Ctrl Pts',(297.612626735436,600.,102.006022136179));
#9524=CARTESIAN_POINT('Ctrl Pts',(297.612626735436,599.5,102.006022136179));
#9525=CARTESIAN_POINT('Ctrl Pts',(297.707688112017,600.,102.315037384138));
#9526=CARTESIAN_POINT('Ctrl Pts',(297.707688112017,599.5,102.315037384138));
#9527=CARTESIAN_POINT('',(296.998276014086,600.,100.241367950544));
#9528=CARTESIAN_POINT('Ctrl Pts',(296.998276014086,600.,100.241367950544));
#9529=CARTESIAN_POINT('Ctrl Pts',(297.141282135087,600.,100.623033688906));
#9530=CARTESIAN_POINT('Ctrl Pts',(297.39773416793,600.,101.307472605121));
#9531=CARTESIAN_POINT('Ctrl Pts',(297.612626735436,600.,102.006022136179));
#9532=CARTESIAN_POINT('Ctrl Pts',(297.707688112017,600.,102.315037384138));
#9533=CARTESIAN_POINT('',(296.998276014086,599.5,100.241367950544));
#9534=CARTESIAN_POINT('',(296.998276014086,600.,100.241367950544));
#9535=CARTESIAN_POINT('Ctrl Pts',(296.998276014086,599.5,100.241367950544));
#9536=CARTESIAN_POINT('Ctrl Pts',(297.141282135087,599.5,100.623033688906));
#9537=CARTESIAN_POINT('Ctrl Pts',(297.39773416793,599.5,101.307472605121));
#9538=CARTESIAN_POINT('Ctrl Pts',(297.612626735436,599.5,102.006022136179));
#9539=CARTESIAN_POINT('Ctrl Pts',(297.707688112017,599.5,102.315037384138));
#9540=CARTESIAN_POINT('Origin',(295.954620141741,600.,97.4719263459299));
#9541=CARTESIAN_POINT('',(295.954620141741,600.,97.4719263459299));
#9542=CARTESIAN_POINT('',(305.430887604726,600.,122.618116832527));
#9543=CARTESIAN_POINT('',(295.954620141741,599.5,97.4719263459299));
#9544=CARTESIAN_POINT('',(295.954620141741,600.,97.4719263459299));
#9545=CARTESIAN_POINT('',(295.954620141741,599.5,97.4719263459299));
#9546=CARTESIAN_POINT('Origin',(299.344796437976,600.,97.4719263459299));
#9547=CARTESIAN_POINT('',(299.344796437976,600.,97.4719263459299));
#9548=CARTESIAN_POINT('',(407.574673114444,600.,97.4719263459299));
#9549=CARTESIAN_POINT('',(299.344796437976,599.5,97.4719263459299));
#9550=CARTESIAN_POINT('',(299.344796437976,600.,97.4719263459299));
#9551=CARTESIAN_POINT('',(299.344796437976,599.5,97.4719263459299));
#9552=CARTESIAN_POINT('Origin',(298.246571321246,600.,100.405078067884));
#9553=CARTESIAN_POINT('',(316.275757645613,600.,52.2525289163726));
#9554=CARTESIAN_POINT('',(298.246571321246,599.5,100.405078067884));
#9555=CARTESIAN_POINT('Origin',(299.726788301226,600.,96.3941646958444));
#9556=CARTESIAN_POINT('',(299.726788301226,600.,96.3941646958444));
#9557=CARTESIAN_POINT('',(300.825015802142,600.,93.365514412031));
#9558=CARTESIAN_POINT('',(316.181544031,600.,51.01586141213));
#9559=CARTESIAN_POINT('',(299.726788301226,599.5,96.3941646958444));
#9560=CARTESIAN_POINT('',(299.726788301226,600.,96.3941646958444));
#9561=CARTESIAN_POINT('',(300.825015802142,599.5,93.365514412031));
#9562=CARTESIAN_POINT('',(299.726788301226,599.5,96.3941646958444));
#9563=CARTESIAN_POINT('',(300.825015802142,600.,93.365514412031));
#9564=CARTESIAN_POINT('Origin',(295.545341272113,600.,96.3941646958444));
#9565=CARTESIAN_POINT('',(295.545341272113,600.,96.3941646958444));
#9566=CARTESIAN_POINT('',(405.674945531513,600.,96.3941646958444));
#9567=CARTESIAN_POINT('',(295.545341272113,599.5,96.3941646958444));
#9568=CARTESIAN_POINT('',(295.545341272113,600.,96.3941646958444));
#9569=CARTESIAN_POINT('',(295.545341272113,599.5,96.3941646958444));
#9570=CARTESIAN_POINT('Origin',(294.378902215716,600.,93.365514412031));
#9571=CARTESIAN_POINT('',(294.378902215716,600.,93.365514412031));
#9572=CARTESIAN_POINT('',(305.106258228222,600.,121.219014047249));
#9573=CARTESIAN_POINT('',(294.378902215716,599.5,93.365514412031));
#9574=CARTESIAN_POINT('',(294.378902215716,600.,93.365514412031));
#9575=CARTESIAN_POINT('',(294.378902215716,599.5,93.365514412031));
#9576=CARTESIAN_POINT('Origin',(292.871400613543,600.,93.365514412031));
#9577=CARTESIAN_POINT('',(292.871400613543,600.,93.365514412031));
#9578=CARTESIAN_POINT('',(404.337975202228,600.,93.365514412031));
#9579=CARTESIAN_POINT('',(292.871400613543,599.5,93.365514412031));
#9580=CARTESIAN_POINT('',(292.871400613543,600.,93.365514412031));
#9581=CARTESIAN_POINT('',(292.871400613543,599.5,93.365514412031));
#9582=CARTESIAN_POINT('Origin',(296.964170236346,600.,103.365514412031));
#9583=CARTESIAN_POINT('',(296.964170236346,600.,103.365514412031));
#9584=CARTESIAN_POINT('',(307.175437501641,600.,128.315042986529));
#9585=CARTESIAN_POINT('',(296.964170236346,599.5,103.365514412031));
#9586=CARTESIAN_POINT('',(296.964170236346,600.,103.365514412031));
#9587=CARTESIAN_POINT('',(296.964170236346,599.5,103.365514412031));
#9588=CARTESIAN_POINT('Origin',(298.389817971942,600.,103.365514412031));
#9589=CARTESIAN_POINT('',(298.389817971942,600.,103.365514412031));
#9590=CARTESIAN_POINT('',(407.097183881427,600.,103.365514412031));
#9591=CARTESIAN_POINT('',(298.389817971942,599.5,103.365514412031));
#9592=CARTESIAN_POINT('',(298.389817971942,600.,103.365514412031));
#9593=CARTESIAN_POINT('',(298.389817971942,599.5,103.365514412031));
#9594=CARTESIAN_POINT('Origin',(302.230197686907,600.,93.365514412031));
#9595=CARTESIAN_POINT('',(302.230197686907,600.,93.365514412031));
#9596=CARTESIAN_POINT('',(319.521242571841,600.,48.3412038795304));
#9597=CARTESIAN_POINT('',(302.230197686907,599.5,93.365514412031));
#9598=CARTESIAN_POINT('',(302.230197686907,600.,93.365514412031));
#9599=CARTESIAN_POINT('',(302.230197686907,599.5,93.365514412031));
#9600=CARTESIAN_POINT('Origin',(300.825015802142,600.,93.365514412031));
#9601=CARTESIAN_POINT('',(408.314782796527,600.,93.365514412031));
#9602=CARTESIAN_POINT('',(300.825015802142,599.5,93.365514412031));
#9603=CARTESIAN_POINT('Origin',(293.304549355265,599.5,106.083796157942));
#9604=CARTESIAN_POINT('Ctrl Pts',(290.275899667498,600.,93.5906173134897));
#9605=CARTESIAN_POINT('Ctrl Pts',(290.275899667498,599.5,93.5906173134897));
#9606=CARTESIAN_POINT('Ctrl Pts',(290.564049139987,600.,93.7373263747479));
#9607=CARTESIAN_POINT('Ctrl Pts',(290.564049139987,599.5,93.7373263747479));
#9608=CARTESIAN_POINT('Ctrl Pts',(291.132816901319,600.,94.0269100537271));
#9609=CARTESIAN_POINT('Ctrl Pts',(291.132816901319,599.5,94.0269100537271));
#9610=CARTESIAN_POINT('Ctrl Pts',(291.52278826595,600.,94.5318180332865));
#9611=CARTESIAN_POINT('Ctrl Pts',(291.52278826595,599.5,94.5318180332865));
#9612=CARTESIAN_POINT('Ctrl Pts',(291.715192098376,600.,94.7809292222116));
#9613=CARTESIAN_POINT('Ctrl Pts',(291.715192098376,599.5,94.7809292222116));
#9614=CARTESIAN_POINT('',(290.275899667498,600.,93.5906173134897));
#9615=CARTESIAN_POINT('',(291.715192098376,600.,94.7809292222116));
#9616=CARTESIAN_POINT('Ctrl Pts',(290.275899667498,600.,93.5906173134897));
#9617=CARTESIAN_POINT('Ctrl Pts',(290.564049139987,600.,93.7373263747479));
#9618=CARTESIAN_POINT('Ctrl Pts',(291.132816901319,600.,94.0269100537271));
#9619=CARTESIAN_POINT('Ctrl Pts',(291.52278826595,600.,94.5318180332865));
#9620=CARTESIAN_POINT('Ctrl Pts',(291.715192098376,600.,94.7809292222116));
#9621=CARTESIAN_POINT('',(290.275899667498,599.5,93.5906173134897));
#9622=CARTESIAN_POINT('',(290.275899667498,600.,93.5906173134897));
#9623=CARTESIAN_POINT('',(291.715192098376,599.5,94.7809292222116));
#9624=CARTESIAN_POINT('Ctrl Pts',(290.275899667498,599.5,93.5906173134897));
#9625=CARTESIAN_POINT('Ctrl Pts',(290.564049139987,599.5,93.7373263747479));
#9626=CARTESIAN_POINT('Ctrl Pts',(291.132816901319,599.5,94.0269100537271));
#9627=CARTESIAN_POINT('Ctrl Pts',(291.52278826595,599.5,94.5318180332865));
#9628=CARTESIAN_POINT('Ctrl Pts',(291.715192098376,599.5,94.7809292222116));
#9629=CARTESIAN_POINT('',(291.715192098376,600.,94.7809292222116));
#9630=CARTESIAN_POINT('Ctrl Pts',(288.001004953143,600.,93.1949831391428));
#9631=CARTESIAN_POINT('Ctrl Pts',(288.001004953143,599.5,93.1949831391428));
#9632=CARTESIAN_POINT('Ctrl Pts',(288.420881435129,600.,93.2056397508249));
#9633=CARTESIAN_POINT('Ctrl Pts',(288.420881435129,599.5,93.2056397508249));
#9634=CARTESIAN_POINT('Ctrl Pts',(289.199596688615,600.,93.2254038157902));
#9635=CARTESIAN_POINT('Ctrl Pts',(289.199596688615,599.5,93.2254038157902));
#9636=CARTESIAN_POINT('Ctrl Pts',(289.936382396036,600.,93.4754115650409));
#9637=CARTESIAN_POINT('Ctrl Pts',(289.936382396036,599.5,93.4754115650409));
#9638=CARTESIAN_POINT('Ctrl Pts',(290.275899667498,600.,93.5906173134897));
#9639=CARTESIAN_POINT('Ctrl Pts',(290.275899667498,599.5,93.5906173134897));
#9640=CARTESIAN_POINT('',(288.001004953143,600.,93.1949831391428));
#9641=CARTESIAN_POINT('Ctrl Pts',(288.001004953143,600.,93.1949831391428));
#9642=CARTESIAN_POINT('Ctrl Pts',(288.420881435129,600.,93.2056397508249));
#9643=CARTESIAN_POINT('Ctrl Pts',(289.199596688615,600.,93.2254038157902));
#9644=CARTESIAN_POINT('Ctrl Pts',(289.936382396036,600.,93.4754115650409));
#9645=CARTESIAN_POINT('Ctrl Pts',(290.275899667498,600.,93.5906173134897));
#9646=CARTESIAN_POINT('',(288.001004953143,599.5,93.1949831391428));
#9647=CARTESIAN_POINT('',(288.001004953143,600.,93.1949831391428));
#9648=CARTESIAN_POINT('Ctrl Pts',(288.001004953143,599.5,93.1949831391428));
#9649=CARTESIAN_POINT('Ctrl Pts',(288.420881435129,599.5,93.2056397508249));
#9650=CARTESIAN_POINT('Ctrl Pts',(289.199596688615,599.5,93.2254038157902));
#9651=CARTESIAN_POINT('Ctrl Pts',(289.936382396036,599.5,93.4754115650409));
#9652=CARTESIAN_POINT('Ctrl Pts',(290.275899667498,599.5,93.5906173134897));
#9653=CARTESIAN_POINT('Ctrl Pts',(286.073991555926,600.,93.5872055436228));
#9654=CARTESIAN_POINT('Ctrl Pts',(286.073991555926,599.5,93.5872055436228));
#9655=CARTESIAN_POINT('Ctrl Pts',(286.373874494238,600.,93.472841730614));
#9656=CARTESIAN_POINT('Ctrl Pts',(286.373874494238,599.5,93.472841730614));
#9657=CARTESIAN_POINT('Ctrl Pts',(286.994268119444,600.,93.2362474750549));
#9658=CARTESIAN_POINT('Ctrl Pts',(286.994268119444,599.5,93.2362474750549));
#9659=CARTESIAN_POINT('Ctrl Pts',(287.658069003184,600.,93.2090394682267));
#9660=CARTESIAN_POINT('Ctrl Pts',(287.658069003184,599.5,93.2090394682267));
#9661=CARTESIAN_POINT('Ctrl Pts',(288.001004953143,600.,93.1949831391428));
#9662=CARTESIAN_POINT('Ctrl Pts',(288.001004953143,599.5,93.1949831391428));
#9663=CARTESIAN_POINT('',(286.073991555926,600.,93.5872055436228));
#9664=CARTESIAN_POINT('Ctrl Pts',(286.073991555926,600.,93.5872055436228));
#9665=CARTESIAN_POINT('Ctrl Pts',(286.373874494238,600.,93.472841730614));
#9666=CARTESIAN_POINT('Ctrl Pts',(286.994268119444,600.,93.2362474750549));
#9667=CARTESIAN_POINT('Ctrl Pts',(287.658069003184,600.,93.2090394682267));
#9668=CARTESIAN_POINT('Ctrl Pts',(288.001004953143,600.,93.1949831391428));
#9669=CARTESIAN_POINT('',(286.073991555926,599.5,93.5872055436228));
#9670=CARTESIAN_POINT('',(286.073991555926,600.,93.5872055436228));
#9671=CARTESIAN_POINT('Ctrl Pts',(286.073991555926,599.5,93.5872055436228));
#9672=CARTESIAN_POINT('Ctrl Pts',(286.373874494238,599.5,93.472841730614));
#9673=CARTESIAN_POINT('Ctrl Pts',(286.994268119444,599.5,93.2362474750549));
#9674=CARTESIAN_POINT('Ctrl Pts',(287.658069003184,599.5,93.2090394682267));
#9675=CARTESIAN_POINT('Ctrl Pts',(288.001004953143,599.5,93.1949831391428));
#9676=CARTESIAN_POINT('Ctrl Pts',(284.760896463153,600.,94.6854330445383));
#9677=CARTESIAN_POINT('Ctrl Pts',(284.760896463153,599.5,94.6854330445383));
#9678=CARTESIAN_POINT('Ctrl Pts',(284.933920890906,600.,94.461348962223));
#9679=CARTESIAN_POINT('Ctrl Pts',(284.933920890906,599.5,94.461348962223));
#9680=CARTESIAN_POINT('Ctrl Pts',(285.290663938713,600.,93.9993307401261));
#9681=CARTESIAN_POINT('Ctrl Pts',(285.290663938713,599.5,93.9993307401261));
#9682=CARTESIAN_POINT('Ctrl Pts',(285.807715745,600.,93.7272988691874));
#9683=CARTESIAN_POINT('Ctrl Pts',(285.807715745,599.5,93.7272988691874));
#9684=CARTESIAN_POINT('Ctrl Pts',(286.073991555926,600.,93.5872055436228));
#9685=CARTESIAN_POINT('Ctrl Pts',(286.073991555926,599.5,93.5872055436228));
#9686=CARTESIAN_POINT('',(284.760896463153,600.,94.6854330445383));
#9687=CARTESIAN_POINT('Ctrl Pts',(284.760896463153,600.,94.6854330445383));
#9688=CARTESIAN_POINT('Ctrl Pts',(284.933920890906,600.,94.461348962223));
#9689=CARTESIAN_POINT('Ctrl Pts',(285.290663938713,600.,93.9993307401261));
#9690=CARTESIAN_POINT('Ctrl Pts',(285.807715745,600.,93.7272988691874));
#9691=CARTESIAN_POINT('Ctrl Pts',(286.073991555926,600.,93.5872055436228));
#9692=CARTESIAN_POINT('',(284.760896463153,599.5,94.6854330445383));
#9693=CARTESIAN_POINT('',(284.760896463153,600.,94.6854330445383));
#9694=CARTESIAN_POINT('Ctrl Pts',(284.760896463153,599.5,94.6854330445383));
#9695=CARTESIAN_POINT('Ctrl Pts',(284.933920890906,599.5,94.461348962223));
#9696=CARTESIAN_POINT('Ctrl Pts',(285.290663938713,599.5,93.9993307401261));
#9697=CARTESIAN_POINT('Ctrl Pts',(285.807715745,599.5,93.7272988691874));
#9698=CARTESIAN_POINT('Ctrl Pts',(286.073991555926,599.5,93.5872055436228));
#9699=CARTESIAN_POINT('Ctrl Pts',(284.303867120501,600.,96.18952526103));
#9700=CARTESIAN_POINT('Ctrl Pts',(284.303867120501,599.5,96.18952526103));
#9701=CARTESIAN_POINT('Ctrl Pts',(284.323950647366,600.,95.9257393949775));
#9702=CARTESIAN_POINT('Ctrl Pts',(284.323950647366,599.5,95.9257393949775));
#9703=CARTESIAN_POINT('Ctrl Pts',(284.364685275585,600.,95.3907128901615));
#9704=CARTESIAN_POINT('Ctrl Pts',(284.364685275585,599.5,95.3907128901615));
#9705=CARTESIAN_POINT('Ctrl Pts',(284.627604940043,600.,94.9227000066826));
#9706=CARTESIAN_POINT('Ctrl Pts',(284.627604940043,599.5,94.9227000066826));
#9707=CARTESIAN_POINT('Ctrl Pts',(284.760896463153,600.,94.6854330445383));
#9708=CARTESIAN_POINT('Ctrl Pts',(284.760896463153,599.5,94.6854330445383));
#9709=CARTESIAN_POINT('',(284.303867120501,600.,96.18952526103));
#9710=CARTESIAN_POINT('Ctrl Pts',(284.303867120501,600.,96.18952526103));
#9711=CARTESIAN_POINT('Ctrl Pts',(284.323950647366,600.,95.9257393949775));
#9712=CARTESIAN_POINT('Ctrl Pts',(284.364685275585,600.,95.3907128901615));
#9713=CARTESIAN_POINT('Ctrl Pts',(284.627604940043,600.,94.9227000066826));
#9714=CARTESIAN_POINT('Ctrl Pts',(284.760896463153,600.,94.6854330445383));
#9715=CARTESIAN_POINT('',(284.303867120501,599.5,96.18952526103));
#9716=CARTESIAN_POINT('',(284.303867120501,600.,96.18952526103));
#9717=CARTESIAN_POINT('Ctrl Pts',(284.303867120501,599.5,96.18952526103));
#9718=CARTESIAN_POINT('Ctrl Pts',(284.323950647366,599.5,95.9257393949775));
#9719=CARTESIAN_POINT('Ctrl Pts',(284.364685275585,599.5,95.3907128901615));
#9720=CARTESIAN_POINT('Ctrl Pts',(284.627604940043,599.5,94.9227000066826));
#9721=CARTESIAN_POINT('Ctrl Pts',(284.760896463153,599.5,94.6854330445383));
#9722=CARTESIAN_POINT('Ctrl Pts',(284.719964761492,600.,97.6117612267587));
#9723=CARTESIAN_POINT('Ctrl Pts',(284.719964761492,599.5,97.6117612267587));
#9724=CARTESIAN_POINT('Ctrl Pts',(284.598618877181,600.,97.395481570198));
#9725=CARTESIAN_POINT('Ctrl Pts',(284.598618877181,599.5,97.395481570198));
#9726=CARTESIAN_POINT('Ctrl Pts',(284.350761812169,600.,96.9537159412998));
#9727=CARTESIAN_POINT('Ctrl Pts',(284.350761812169,599.5,96.9537159412998));
#9728=CARTESIAN_POINT('Ctrl Pts',(284.319714358827,600.,96.4477700944223));
#9729=CARTESIAN_POINT('Ctrl Pts',(284.319714358827,599.5,96.4477700944223));
#9730=CARTESIAN_POINT('Ctrl Pts',(284.303867120501,600.,96.18952526103));
#9731=CARTESIAN_POINT('Ctrl Pts',(284.303867120501,599.5,96.18952526103));
#9732=CARTESIAN_POINT('',(284.719964761492,600.,97.6117612267587));
#9733=CARTESIAN_POINT('Ctrl Pts',(284.719964761492,600.,97.6117612267587));
#9734=CARTESIAN_POINT('Ctrl Pts',(284.598618877181,600.,97.395481570198));
#9735=CARTESIAN_POINT('Ctrl Pts',(284.350761812169,600.,96.9537159412998));
#9736=CARTESIAN_POINT('Ctrl Pts',(284.319714358827,600.,96.4477700944223));
#9737=CARTESIAN_POINT('Ctrl Pts',(284.303867120501,600.,96.18952526103));
#9738=CARTESIAN_POINT('',(284.719964761492,599.5,97.6117612267587));
#9739=CARTESIAN_POINT('',(284.719964761492,600.,97.6117612267587));
#9740=CARTESIAN_POINT('Ctrl Pts',(284.719964761492,599.5,97.6117612267587));
#9741=CARTESIAN_POINT('Ctrl Pts',(284.598618877181,599.5,97.395481570198));
#9742=CARTESIAN_POINT('Ctrl Pts',(284.350761812169,599.5,96.9537159412998));
#9743=CARTESIAN_POINT('Ctrl Pts',(284.319714358827,599.5,96.4477700944223));
#9744=CARTESIAN_POINT('Ctrl Pts',(284.303867120501,599.5,96.18952526103));
#9745=CARTESIAN_POINT('Ctrl Pts',(286.009189386126,600.,98.6315442467783));
#9746=CARTESIAN_POINT('Ctrl Pts',(286.009189386126,599.5,98.6315442467783));
#9747=CARTESIAN_POINT('Ctrl Pts',(285.742707745242,600.,98.4962635942077));
#9748=CARTESIAN_POINT('Ctrl Pts',(285.742707745242,599.5,98.4962635942077));
#9749=CARTESIAN_POINT('Ctrl Pts',(285.243306370497,600.,98.2427401482924));
#9750=CARTESIAN_POINT('Ctrl Pts',(285.243306370497,599.5,98.2427401482924));
#9751=CARTESIAN_POINT('Ctrl Pts',(284.886417137172,600.,97.8124483853675));
#9752=CARTESIAN_POINT('Ctrl Pts',(284.886417137172,599.5,97.8124483853675));
#9753=CARTESIAN_POINT('Ctrl Pts',(284.719964761492,600.,97.6117612267587));
#9754=CARTESIAN_POINT('Ctrl Pts',(284.719964761492,599.5,97.6117612267587));
#9755=CARTESIAN_POINT('',(286.009189386126,600.,98.6315442467783));
#9756=CARTESIAN_POINT('Ctrl Pts',(286.009189386126,600.,98.6315442467783));
#9757=CARTESIAN_POINT('Ctrl Pts',(285.742707745242,600.,98.4962635942077));
#9758=CARTESIAN_POINT('Ctrl Pts',(285.243306370497,600.,98.2427401482924));
#9759=CARTESIAN_POINT('Ctrl Pts',(284.886417137172,600.,97.8124483853675));
#9760=CARTESIAN_POINT('Ctrl Pts',(284.719964761492,600.,97.6117612267587));
#9761=CARTESIAN_POINT('',(286.009189386126,599.5,98.6315442467783));
#9762=CARTESIAN_POINT('',(286.009189386126,600.,98.6315442467783));
#9763=CARTESIAN_POINT('Ctrl Pts',(286.009189386126,599.5,98.6315442467783));
#9764=CARTESIAN_POINT('Ctrl Pts',(285.742707745242,599.5,98.4962635942077));
#9765=CARTESIAN_POINT('Ctrl Pts',(285.243306370497,599.5,98.2427401482924));
#9766=CARTESIAN_POINT('Ctrl Pts',(284.886417137172,599.5,97.8124483853675));
#9767=CARTESIAN_POINT('Ctrl Pts',(284.719964761492,599.5,97.6117612267587));
#9768=CARTESIAN_POINT('Ctrl Pts',(288.222696084735,600.,99.2693354035471));
#9769=CARTESIAN_POINT('Ctrl Pts',(288.222696084735,599.5,99.2693354035471));
#9770=CARTESIAN_POINT('Ctrl Pts',(287.765812772825,600.,99.1672631946705));
#9771=CARTESIAN_POINT('Ctrl Pts',(287.765812772825,599.5,99.1672631946705));
#9772=CARTESIAN_POINT('Ctrl Pts',(287.014616575201,600.,98.9994386031557));
#9773=CARTESIAN_POINT('Ctrl Pts',(287.014616575201,599.5,98.9994386031557));
#9774=CARTESIAN_POINT('Ctrl Pts',(286.292219138912,600.,98.735107239572));
#9775=CARTESIAN_POINT('Ctrl Pts',(286.292219138912,599.5,98.735107239572));
#9776=CARTESIAN_POINT('Ctrl Pts',(286.009189386126,600.,98.6315442467783));
#9777=CARTESIAN_POINT('Ctrl Pts',(286.009189386126,599.5,98.6315442467783));
#9778=CARTESIAN_POINT('',(288.222696084735,600.,99.2693354035471));
#9779=CARTESIAN_POINT('Ctrl Pts',(288.222696084735,600.,99.2693354035471));
#9780=CARTESIAN_POINT('Ctrl Pts',(287.765812772825,600.,99.1672631946705));
#9781=CARTESIAN_POINT('Ctrl Pts',(287.014616575201,600.,98.9994386031557));
#9782=CARTESIAN_POINT('Ctrl Pts',(286.292219138912,600.,98.735107239572));
#9783=CARTESIAN_POINT('Ctrl Pts',(286.009189386126,600.,98.6315442467783));
#9784=CARTESIAN_POINT('',(288.222696084735,599.5,99.2693354035471));
#9785=CARTESIAN_POINT('',(288.222696084735,600.,99.2693354035471));
#9786=CARTESIAN_POINT('Ctrl Pts',(288.222696084735,599.5,99.2693354035471));
#9787=CARTESIAN_POINT('Ctrl Pts',(287.765812772825,599.5,99.1672631946705));
#9788=CARTESIAN_POINT('Ctrl Pts',(287.014616575201,599.5,98.9994386031557));
#9789=CARTESIAN_POINT('Ctrl Pts',(286.292219138912,599.5,98.735107239572));
#9790=CARTESIAN_POINT('Ctrl Pts',(286.009189386126,599.5,98.6315442467783));
#9791=CARTESIAN_POINT('Ctrl Pts',(290.217921037432,600.,99.9821592713449));
#9792=CARTESIAN_POINT('Ctrl Pts',(290.217921037432,599.5,99.9821592713449));
#9793=CARTESIAN_POINT('Ctrl Pts',(289.991427796539,600.,99.8559299529179));
#9794=CARTESIAN_POINT('Ctrl Pts',(289.991427796539,599.5,99.8559299529179));
#9795=CARTESIAN_POINT('Ctrl Pts',(289.368868181263,600.,99.5089647383871));
#9796=CARTESIAN_POINT('Ctrl Pts',(289.368868181263,599.5,99.5089647383871));
#9797=CARTESIAN_POINT('Ctrl Pts',(288.668355464428,600.,99.3625090735784));
#9798=CARTESIAN_POINT('Ctrl Pts',(288.668355464428,599.5,99.3625090735784));
#9799=CARTESIAN_POINT('Ctrl Pts',(288.222696084735,600.,99.2693354035471));
#9800=CARTESIAN_POINT('Ctrl Pts',(288.222696084735,599.5,99.2693354035471));
#9801=CARTESIAN_POINT('',(290.217921037432,600.,99.9821592713449));
#9802=CARTESIAN_POINT('Ctrl Pts',(290.217921037432,600.,99.9821592713449));
#9803=CARTESIAN_POINT('Ctrl Pts',(289.991427796539,600.,99.8559299529179));
#9804=CARTESIAN_POINT('Ctrl Pts',(289.368868181263,600.,99.5089647383871));
#9805=CARTESIAN_POINT('Ctrl Pts',(288.668355464428,600.,99.3625090735784));
#9806=CARTESIAN_POINT('Ctrl Pts',(288.222696084735,600.,99.2693354035471));
#9807=CARTESIAN_POINT('',(290.217921037432,599.5,99.9821592713449));
#9808=CARTESIAN_POINT('',(290.217921037432,600.,99.9821592713449));
#9809=CARTESIAN_POINT('Ctrl Pts',(290.217921037432,599.5,99.9821592713449));
#9810=CARTESIAN_POINT('Ctrl Pts',(289.991427796539,599.5,99.8559299529179));
#9811=CARTESIAN_POINT('Ctrl Pts',(289.368868181263,599.5,99.5089647383871));
#9812=CARTESIAN_POINT('Ctrl Pts',(288.668355464428,599.5,99.3625090735784));
#9813=CARTESIAN_POINT('Ctrl Pts',(288.222696084735,599.5,99.2693354035471));
#9814=CARTESIAN_POINT('Ctrl Pts',(290.606734056231,600.,100.868923797712));
#9815=CARTESIAN_POINT('Ctrl Pts',(290.606734056231,599.5,100.868923797712));
#9816=CARTESIAN_POINT('Ctrl Pts',(290.591140906528,600.,100.697801796758));
#9817=CARTESIAN_POINT('Ctrl Pts',(290.591140906528,599.5,100.697801796758));
#9818=CARTESIAN_POINT('Ctrl Pts',(290.560240242574,600.,100.358692409154));
#9819=CARTESIAN_POINT('Ctrl Pts',(290.560240242574,599.5,100.358692409154));
#9820=CARTESIAN_POINT('Ctrl Pts',(290.331322091416,600.,100.106894471842));
#9821=CARTESIAN_POINT('Ctrl Pts',(290.331322091416,599.5,100.106894471842));
#9822=CARTESIAN_POINT('Ctrl Pts',(290.217921037432,600.,99.9821592713449));
#9823=CARTESIAN_POINT('Ctrl Pts',(290.217921037432,599.5,99.9821592713449));
#9824=CARTESIAN_POINT('',(290.606734056231,600.,100.868923797712));
#9825=CARTESIAN_POINT('Ctrl Pts',(290.606734056231,600.,100.868923797712));
#9826=CARTESIAN_POINT('Ctrl Pts',(290.591140906528,600.,100.697801796758));
#9827=CARTESIAN_POINT('Ctrl Pts',(290.560240242574,600.,100.358692409154));
#9828=CARTESIAN_POINT('Ctrl Pts',(290.331322091416,600.,100.106894471842));
#9829=CARTESIAN_POINT('Ctrl Pts',(290.217921037432,600.,99.9821592713449));
#9830=CARTESIAN_POINT('',(290.606734056231,599.5,100.868923797712));
#9831=CARTESIAN_POINT('',(290.606734056231,600.,100.868923797712));
#9832=CARTESIAN_POINT('Ctrl Pts',(290.606734056231,599.5,100.868923797712));
#9833=CARTESIAN_POINT('Ctrl Pts',(290.591140906528,599.5,100.697801796758));
#9834=CARTESIAN_POINT('Ctrl Pts',(290.560240242574,599.5,100.358692409154));
#9835=CARTESIAN_POINT('Ctrl Pts',(290.331322091416,599.5,100.106894471842));
#9836=CARTESIAN_POINT('Ctrl Pts',(290.217921037432,599.5,99.9821592713449));
#9837=CARTESIAN_POINT('Ctrl Pts',(290.057622689959,600.,101.92963375102));
#9838=CARTESIAN_POINT('Ctrl Pts',(290.057622689959,599.5,101.92963375102));
#9839=CARTESIAN_POINT('Ctrl Pts',(290.217717878799,600.,101.779473975214));
#9840=CARTESIAN_POINT('Ctrl Pts',(290.217717878799,599.5,101.779473975214));
#9841=CARTESIAN_POINT('Ctrl Pts',(290.526663973034,600.,101.489700893444));
#9842=CARTESIAN_POINT('Ctrl Pts',(290.526663973034,599.5,101.489700893444));
#9843=CARTESIAN_POINT('Ctrl Pts',(290.580699581587,600.,101.070767044442));
#9844=CARTESIAN_POINT('Ctrl Pts',(290.580699581587,599.5,101.070767044442));
#9845=CARTESIAN_POINT('Ctrl Pts',(290.606734056231,600.,100.868923797712));
#9846=CARTESIAN_POINT('Ctrl Pts',(290.606734056231,599.5,100.868923797712));
#9847=CARTESIAN_POINT('',(290.057622689959,600.,101.92963375102));
#9848=CARTESIAN_POINT('Ctrl Pts',(290.057622689959,600.,101.92963375102));
#9849=CARTESIAN_POINT('Ctrl Pts',(290.217717878799,600.,101.779473975214));
#9850=CARTESIAN_POINT('Ctrl Pts',(290.526663973034,600.,101.489700893444));
#9851=CARTESIAN_POINT('Ctrl Pts',(290.580699581587,600.,101.070767044442));
#9852=CARTESIAN_POINT('Ctrl Pts',(290.606734056231,600.,100.868923797712));
#9853=CARTESIAN_POINT('',(290.057622689959,599.5,101.92963375102));
#9854=CARTESIAN_POINT('',(290.057622689959,600.,101.92963375102));
#9855=CARTESIAN_POINT('Ctrl Pts',(290.057622689959,599.5,101.92963375102));
#9856=CARTESIAN_POINT('Ctrl Pts',(290.217717878799,599.5,101.779473975214));
#9857=CARTESIAN_POINT('Ctrl Pts',(290.526663973034,599.5,101.489700893444));
#9858=CARTESIAN_POINT('Ctrl Pts',(290.580699581587,599.5,101.070767044442));
#9859=CARTESIAN_POINT('Ctrl Pts',(290.606734056231,599.5,100.868923797712));
#9860=CARTESIAN_POINT('Ctrl Pts',(288.307964105364,600.,102.369606628523));
#9861=CARTESIAN_POINT('Ctrl Pts',(288.307964105364,599.5,102.369606628523));
#9862=CARTESIAN_POINT('Ctrl Pts',(288.662508519086,600.,102.364221121581));
#9863=CARTESIAN_POINT('Ctrl Pts',(288.662508519086,599.5,102.364221121581));
#9864=CARTESIAN_POINT('Ctrl Pts',(289.283676161592,600.,102.354785624867));
#9865=CARTESIAN_POINT('Ctrl Pts',(289.283676161592,599.5,102.354785624867));
#9866=CARTESIAN_POINT('Ctrl Pts',(289.825189434592,600.,102.057316259361));
#9867=CARTESIAN_POINT('Ctrl Pts',(289.825189434592,599.5,102.057316259361));
#9868=CARTESIAN_POINT('Ctrl Pts',(290.057622689959,600.,101.92963375102));
#9869=CARTESIAN_POINT('Ctrl Pts',(290.057622689959,599.5,101.92963375102));
#9870=CARTESIAN_POINT('',(288.307964105364,600.,102.369606628523));
#9871=CARTESIAN_POINT('Ctrl Pts',(288.307964105364,600.,102.369606628523));
#9872=CARTESIAN_POINT('Ctrl Pts',(288.662508519086,600.,102.364221121581));
#9873=CARTESIAN_POINT('Ctrl Pts',(289.283676161592,600.,102.354785624867));
#9874=CARTESIAN_POINT('Ctrl Pts',(289.825189434592,600.,102.057316259361));
#9875=CARTESIAN_POINT('Ctrl Pts',(290.057622689959,600.,101.92963375102));
#9876=CARTESIAN_POINT('',(288.307964105364,599.5,102.369606628523));
#9877=CARTESIAN_POINT('',(288.307964105364,600.,102.369606628523));
#9878=CARTESIAN_POINT('Ctrl Pts',(288.307964105364,599.5,102.369606628523));
#9879=CARTESIAN_POINT('Ctrl Pts',(288.662508519086,599.5,102.364221121581));
#9880=CARTESIAN_POINT('Ctrl Pts',(289.283676161592,599.5,102.354785624867));
#9881=CARTESIAN_POINT('Ctrl Pts',(289.825189434592,599.5,102.057316259361));
#9882=CARTESIAN_POINT('Ctrl Pts',(290.057622689959,599.5,101.92963375102));
#9883=CARTESIAN_POINT('Ctrl Pts',(286.565124292132,600.,101.885295047865));
#9884=CARTESIAN_POINT('Ctrl Pts',(286.565124292132,599.5,101.885295047865));
#9885=CARTESIAN_POINT('Ctrl Pts',(286.802807820537,600.,102.026106506843));
#9886=CARTESIAN_POINT('Ctrl Pts',(286.802807820537,599.5,102.026106506843));
#9887=CARTESIAN_POINT('Ctrl Pts',(287.337389263527,600.,102.342809954637));
#9888=CARTESIAN_POINT('Ctrl Pts',(287.337389263527,599.5,102.342809954637));
#9889=CARTESIAN_POINT('Ctrl Pts',(287.961399101838,600.,102.360038289246));
#9890=CARTESIAN_POINT('Ctrl Pts',(287.961399101838,599.5,102.360038289246));
#9891=CARTESIAN_POINT('Ctrl Pts',(288.307964105364,600.,102.369606628523));
#9892=CARTESIAN_POINT('Ctrl Pts',(288.307964105364,599.5,102.369606628523));
#9893=CARTESIAN_POINT('',(286.565124292132,600.,101.885295047865));
#9894=CARTESIAN_POINT('Ctrl Pts',(286.565124292132,600.,101.885295047865));
#9895=CARTESIAN_POINT('Ctrl Pts',(286.802807820537,600.,102.026106506843));
#9896=CARTESIAN_POINT('Ctrl Pts',(287.337389263527,600.,102.342809954637));
#9897=CARTESIAN_POINT('Ctrl Pts',(287.961399101838,600.,102.360038289246));
#9898=CARTESIAN_POINT('Ctrl Pts',(288.307964105364,600.,102.369606628523));
#9899=CARTESIAN_POINT('',(286.565124292132,599.5,101.885295047865));
#9900=CARTESIAN_POINT('',(286.565124292132,600.,101.885295047865));
#9901=CARTESIAN_POINT('Ctrl Pts',(286.565124292132,599.5,101.885295047865));
#9902=CARTESIAN_POINT('Ctrl Pts',(286.802807820537,599.5,102.026106506843));
#9903=CARTESIAN_POINT('Ctrl Pts',(287.337389263527,599.5,102.342809954637));
#9904=CARTESIAN_POINT('Ctrl Pts',(287.961399101838,599.5,102.360038289246));
#9905=CARTESIAN_POINT('Ctrl Pts',(288.307964105364,599.5,102.369606628523));
#9906=CARTESIAN_POINT('Ctrl Pts',(285.872766275164,600.,100.452826156721));
#9907=CARTESIAN_POINT('Ctrl Pts',(285.872766275164,599.5,100.452826156721));
#9908=CARTESIAN_POINT('Ctrl Pts',(285.920454731209,600.,100.743725057795));
#9909=CARTESIAN_POINT('Ctrl Pts',(285.920454731209,599.5,100.743725057795));
#9910=CARTESIAN_POINT('Ctrl Pts',(286.010262108846,600.,101.291548779298));
#9911=CARTESIAN_POINT('Ctrl Pts',(286.010262108846,599.5,101.291548779298));
#9912=CARTESIAN_POINT('Ctrl Pts',(286.387978439266,600.,101.695735023232));
#9913=CARTESIAN_POINT('Ctrl Pts',(286.387978439266,599.5,101.695735023232));
#9914=CARTESIAN_POINT('Ctrl Pts',(286.565124292132,600.,101.885295047865));
#9915=CARTESIAN_POINT('Ctrl Pts',(286.565124292132,599.5,101.885295047865));
#9916=CARTESIAN_POINT('',(285.872766275164,600.,100.452826156721));
#9917=CARTESIAN_POINT('Ctrl Pts',(285.872766275164,600.,100.452826156721));
#9918=CARTESIAN_POINT('Ctrl Pts',(285.920454731209,600.,100.743725057795));
#9919=CARTESIAN_POINT('Ctrl Pts',(286.010262108846,600.,101.291548779298));
#9920=CARTESIAN_POINT('Ctrl Pts',(286.387978439266,600.,101.695735023232));
#9921=CARTESIAN_POINT('Ctrl Pts',(286.565124292132,600.,101.885295047865));
#9922=CARTESIAN_POINT('',(285.872766275164,599.5,100.452826156721));
#9923=CARTESIAN_POINT('',(285.872766275164,600.,100.452826156721));
#9924=CARTESIAN_POINT('Ctrl Pts',(285.872766275164,599.5,100.452826156721));
#9925=CARTESIAN_POINT('Ctrl Pts',(285.920454731209,599.5,100.743725057795));
#9926=CARTESIAN_POINT('Ctrl Pts',(286.010262108846,599.5,101.291548779298));
#9927=CARTESIAN_POINT('Ctrl Pts',(286.387978439266,599.5,101.695735023232));
#9928=CARTESIAN_POINT('Ctrl Pts',(286.565124292132,599.5,101.885295047865));
#9929=CARTESIAN_POINT('Origin',(284.604007501361,600.,100.54832471858));
#9930=CARTESIAN_POINT('',(284.604007501361,600.,100.54832471858));
#9931=CARTESIAN_POINT('',(400.619269625515,600.,91.8159392444277));
#9932=CARTESIAN_POINT('',(284.604007501361,599.5,100.54832471858));
#9933=CARTESIAN_POINT('',(284.604007501361,600.,100.54832471858));
#9934=CARTESIAN_POINT('',(284.604007501361,599.5,100.54832471858));
#9935=CARTESIAN_POINT('Ctrl Pts',(285.095140237567,600.,102.12404026042));
#9936=CARTESIAN_POINT('Ctrl Pts',(285.095140237567,599.5,102.12404026042));
#9937=CARTESIAN_POINT('Ctrl Pts',(284.960345911793,600.,101.882324896348));
#9938=CARTESIAN_POINT('Ctrl Pts',(284.960345911793,599.5,101.882324896348));
#9939=CARTESIAN_POINT('Ctrl Pts',(284.68669165096,600.,101.39160365191));
#9940=CARTESIAN_POINT('Ctrl Pts',(284.68669165096,599.5,101.39160365191));
#9941=CARTESIAN_POINT('Ctrl Pts',(284.631840520825,600.,100.832188059733));
#9942=CARTESIAN_POINT('Ctrl Pts',(284.631840520825,599.5,100.832188059733));
#9943=CARTESIAN_POINT('Ctrl Pts',(284.604007501361,600.,100.54832471858));
#9944=CARTESIAN_POINT('Ctrl Pts',(284.604007501361,599.5,100.54832471858));
#9945=CARTESIAN_POINT('',(285.095140237567,600.,102.12404026042));
#9946=CARTESIAN_POINT('Ctrl Pts',(285.095140237567,600.,102.12404026042));
#9947=CARTESIAN_POINT('Ctrl Pts',(284.960345911793,600.,101.882324896348));
#9948=CARTESIAN_POINT('Ctrl Pts',(284.68669165096,600.,101.39160365191));
#9949=CARTESIAN_POINT('Ctrl Pts',(284.631840520825,600.,100.832188059733));
#9950=CARTESIAN_POINT('Ctrl Pts',(284.604007501361,600.,100.54832471858));
#9951=CARTESIAN_POINT('',(285.095140237567,599.5,102.12404026042));
#9952=CARTESIAN_POINT('',(285.095140237567,600.,102.12404026042));
#9953=CARTESIAN_POINT('Ctrl Pts',(285.095140237567,599.5,102.12404026042));
#9954=CARTESIAN_POINT('Ctrl Pts',(284.960345911793,599.5,101.882324896348));
#9955=CARTESIAN_POINT('Ctrl Pts',(284.68669165096,599.5,101.39160365191));
#9956=CARTESIAN_POINT('Ctrl Pts',(284.631840520825,599.5,100.832188059733));
#9957=CARTESIAN_POINT('Ctrl Pts',(284.604007501361,599.5,100.54832471858));
#9958=CARTESIAN_POINT('Ctrl Pts',(286.401416558978,600.,103.17792905818));
#9959=CARTESIAN_POINT('Ctrl Pts',(286.401416558978,599.5,103.17792905818));
#9960=CARTESIAN_POINT('Ctrl Pts',(286.136884006552,600.,103.047790833161));
#9961=CARTESIAN_POINT('Ctrl Pts',(286.136884006552,599.5,103.047790833161));
#9962=CARTESIAN_POINT('Ctrl Pts',(285.621805276566,600.,102.794395056154));
#9963=CARTESIAN_POINT('Ctrl Pts',(285.621805276566,599.5,102.794395056154));
#9964=CARTESIAN_POINT('Ctrl Pts',(285.267488225564,600.,102.343409862982));
#9965=CARTESIAN_POINT('Ctrl Pts',(285.267488225564,599.5,102.343409862982));
#9966=CARTESIAN_POINT('Ctrl Pts',(285.095140237567,600.,102.12404026042));
#9967=CARTESIAN_POINT('Ctrl Pts',(285.095140237567,599.5,102.12404026042));
#9968=CARTESIAN_POINT('',(286.401416558978,600.,103.17792905818));
#9969=CARTESIAN_POINT('Ctrl Pts',(286.401416558978,600.,103.17792905818));
#9970=CARTESIAN_POINT('Ctrl Pts',(286.136884006552,600.,103.047790833161));
#9971=CARTESIAN_POINT('Ctrl Pts',(285.621805276566,600.,102.794395056154));
#9972=CARTESIAN_POINT('Ctrl Pts',(285.267488225564,600.,102.343409862982));
#9973=CARTESIAN_POINT('Ctrl Pts',(285.095140237567,600.,102.12404026042));
#9974=CARTESIAN_POINT('',(286.401416558978,599.5,103.17792905818));
#9975=CARTESIAN_POINT('',(286.401416558978,600.,103.17792905818));
#9976=CARTESIAN_POINT('Ctrl Pts',(286.401416558978,599.5,103.17792905818));
#9977=CARTESIAN_POINT('Ctrl Pts',(286.136884006552,599.5,103.047790833161));
#9978=CARTESIAN_POINT('Ctrl Pts',(285.621805276566,599.5,102.794395056154));
#9979=CARTESIAN_POINT('Ctrl Pts',(285.267488225564,599.5,102.343409862982));
#9980=CARTESIAN_POINT('Ctrl Pts',(285.095140237567,599.5,102.12404026042));
#9981=CARTESIAN_POINT('Ctrl Pts',(288.362533349749,600.,103.536045684919));
#9982=CARTESIAN_POINT('Ctrl Pts',(288.362533349749,599.5,103.536045684919));
#9983=CARTESIAN_POINT('Ctrl Pts',(288.010415391226,600.,103.524218281916));
#9984=CARTESIAN_POINT('Ctrl Pts',(288.010415391226,599.5,103.524218281916));
#9985=CARTESIAN_POINT('Ctrl Pts',(287.33854803233,600.,103.501650713789));
#9986=CARTESIAN_POINT('Ctrl Pts',(287.33854803233,599.5,103.501650713789));
#9987=CARTESIAN_POINT('Ctrl Pts',(286.703597037347,600.,103.282313947101));
#9988=CARTESIAN_POINT('Ctrl Pts',(286.703597037347,599.5,103.282313947101));
#9989=CARTESIAN_POINT('Ctrl Pts',(286.401416558978,600.,103.17792905818));
#9990=CARTESIAN_POINT('Ctrl Pts',(286.401416558978,599.5,103.17792905818));
#9991=CARTESIAN_POINT('',(288.362533349749,600.,103.536045684919));
#9992=CARTESIAN_POINT('Ctrl Pts',(288.362533349749,600.,103.536045684919));
#9993=CARTESIAN_POINT('Ctrl Pts',(288.010415391226,600.,103.524218281916));
#9994=CARTESIAN_POINT('Ctrl Pts',(287.33854803233,600.,103.501650713789));
#9995=CARTESIAN_POINT('Ctrl Pts',(286.703597037347,600.,103.282313947101));
#9996=CARTESIAN_POINT('Ctrl Pts',(286.401416558978,600.,103.17792905818));
#9997=CARTESIAN_POINT('',(288.362533349749,599.5,103.536045684919));
#9998=CARTESIAN_POINT('',(288.362533349749,600.,103.536045684919));
#9999=CARTESIAN_POINT('Ctrl Pts',(288.362533349749,599.5,103.536045684919));
#10000=CARTESIAN_POINT('Ctrl Pts',(288.010415391226,599.5,103.524218281916));
#10001=CARTESIAN_POINT('Ctrl Pts',(287.33854803233,599.5,103.501650713789));
#10002=CARTESIAN_POINT('Ctrl Pts',(286.703597037347,599.5,103.282313947101));
#10003=CARTESIAN_POINT('Ctrl Pts',(286.401416558978,599.5,103.17792905818));
#10004=CARTESIAN_POINT('Ctrl Pts',(290.197459954974,600.,103.194983139143));
#10005=CARTESIAN_POINT('Ctrl Pts',(290.197459954974,599.5,103.194983139143));
#10006=CARTESIAN_POINT('Ctrl Pts',(289.90966876188,600.,103.294432367718));
#10007=CARTESIAN_POINT('Ctrl Pts',(289.90966876188,599.5,103.294432367718));
#10008=CARTESIAN_POINT('Ctrl Pts',(289.315363360617,600.,103.499800756718));
#10009=CARTESIAN_POINT('Ctrl Pts',(289.315363360617,599.5,103.499800756718));
#10010=CARTESIAN_POINT('Ctrl Pts',(288.686744693778,600.,103.523712932222));
#10011=CARTESIAN_POINT('Ctrl Pts',(288.686744693778,599.5,103.523712932222));
#10012=CARTESIAN_POINT('Ctrl Pts',(288.362533349749,600.,103.536045684919));
#10013=CARTESIAN_POINT('Ctrl Pts',(288.362533349749,599.5,103.536045684919));
#10014=CARTESIAN_POINT('',(290.197459954974,600.,103.194983139143));
#10015=CARTESIAN_POINT('Ctrl Pts',(290.197459954974,600.,103.194983139143));
#10016=CARTESIAN_POINT('Ctrl Pts',(289.90966876188,600.,103.294432367718));
#10017=CARTESIAN_POINT('Ctrl Pts',(289.315363360617,600.,103.499800756718));
#10018=CARTESIAN_POINT('Ctrl Pts',(288.686744693778,600.,103.523712932222));
#10019=CARTESIAN_POINT('Ctrl Pts',(288.362533349749,600.,103.536045684919));
#10020=CARTESIAN_POINT('',(290.197459954974,599.5,103.194983139143));
#10021=CARTESIAN_POINT('',(290.197459954974,600.,103.194983139143));
#10022=CARTESIAN_POINT('Ctrl Pts',(290.197459954974,599.5,103.194983139143));
#10023=CARTESIAN_POINT('Ctrl Pts',(289.90966876188,599.5,103.294432367718));
#10024=CARTESIAN_POINT('Ctrl Pts',(289.315363360617,599.5,103.499800756718));
#10025=CARTESIAN_POINT('Ctrl Pts',(288.686744693778,599.5,103.523712932222));
#10026=CARTESIAN_POINT('Ctrl Pts',(288.362533349749,599.5,103.536045684919));
#10027=CARTESIAN_POINT('Ctrl Pts',(291.452574033496,600.,102.195663585768));
#10028=CARTESIAN_POINT('Ctrl Pts',(291.452574033496,599.5,102.195663585768));
#10029=CARTESIAN_POINT('Ctrl Pts',(291.28842625128,600.,102.403644881961));
#10030=CARTESIAN_POINT('Ctrl Pts',(291.28842625128,599.5,102.403644881961));
#10031=CARTESIAN_POINT('Ctrl Pts',(290.948549482813,600.,102.834281287145));
#10032=CARTESIAN_POINT('Ctrl Pts',(290.948549482813,599.5,102.834281287145));
#10033=CARTESIAN_POINT('Ctrl Pts',(290.453446627162,600.,103.072048570995));
#10034=CARTESIAN_POINT('Ctrl Pts',(290.453446627162,599.5,103.072048570995));
#10035=CARTESIAN_POINT('Ctrl Pts',(290.197459954974,600.,103.194983139143));
#10036=CARTESIAN_POINT('Ctrl Pts',(290.197459954974,599.5,103.194983139143));
#10037=CARTESIAN_POINT('',(291.452574033496,600.,102.195663585768));
#10038=CARTESIAN_POINT('Ctrl Pts',(291.452574033496,600.,102.195663585768));
#10039=CARTESIAN_POINT('Ctrl Pts',(291.28842625128,600.,102.403644881961));
#10040=CARTESIAN_POINT('Ctrl Pts',(290.948549482813,600.,102.834281287145));
#10041=CARTESIAN_POINT('Ctrl Pts',(290.453446627162,600.,103.072048570995));
#10042=CARTESIAN_POINT('Ctrl Pts',(290.197459954974,600.,103.194983139143));
#10043=CARTESIAN_POINT('',(291.452574033496,599.5,102.195663585768));
#10044=CARTESIAN_POINT('',(291.452574033496,600.,102.195663585768));
#10045=CARTESIAN_POINT('Ctrl Pts',(291.452574033496,599.5,102.195663585768));
#10046=CARTESIAN_POINT('Ctrl Pts',(291.28842625128,599.5,102.403644881961));
#10047=CARTESIAN_POINT('Ctrl Pts',(290.948549482813,599.5,102.834281287145));
#10048=CARTESIAN_POINT('Ctrl Pts',(290.453446627162,599.5,103.072048570995));
#10049=CARTESIAN_POINT('Ctrl Pts',(290.197459954974,599.5,103.194983139143));
#10050=CARTESIAN_POINT('Ctrl Pts',(291.882313985583,600.,100.780248775587));
#10051=CARTESIAN_POINT('Ctrl Pts',(291.882313985583,599.5,100.780248775587));
#10052=CARTESIAN_POINT('Ctrl Pts',(291.863702911629,600.,101.029588742455));
#10053=CARTESIAN_POINT('Ctrl Pts',(291.863702911629,599.5,101.029588742455));
#10054=CARTESIAN_POINT('Ctrl Pts',(291.826105299096,600.,101.533298925245));
#10055=CARTESIAN_POINT('Ctrl Pts',(291.826105299096,599.5,101.533298925245));
#10056=CARTESIAN_POINT('Ctrl Pts',(291.577910645345,600.,101.973410323445));
#10057=CARTESIAN_POINT('Ctrl Pts',(291.577910645345,599.5,101.973410323445));
#10058=CARTESIAN_POINT('Ctrl Pts',(291.452574033496,600.,102.195663585768));
#10059=CARTESIAN_POINT('Ctrl Pts',(291.452574033496,599.5,102.195663585768));
#10060=CARTESIAN_POINT('',(291.882313985583,600.,100.780248775587));
#10061=CARTESIAN_POINT('Ctrl Pts',(291.882313985583,600.,100.780248775587));
#10062=CARTESIAN_POINT('Ctrl Pts',(291.863702911629,600.,101.029588742455));
#10063=CARTESIAN_POINT('Ctrl Pts',(291.826105299096,600.,101.533298925245));
#10064=CARTESIAN_POINT('Ctrl Pts',(291.577910645345,600.,101.973410323445));
#10065=CARTESIAN_POINT('Ctrl Pts',(291.452574033496,600.,102.195663585768));
#10066=CARTESIAN_POINT('',(291.882313985583,599.5,100.780248775587));
#10067=CARTESIAN_POINT('',(291.882313985583,600.,100.780248775587));
#10068=CARTESIAN_POINT('Ctrl Pts',(291.882313985583,599.5,100.780248775587));
#10069=CARTESIAN_POINT('Ctrl Pts',(291.863702911629,599.5,101.029588742455));
#10070=CARTESIAN_POINT('Ctrl Pts',(291.826105299096,599.5,101.533298925245));
#10071=CARTESIAN_POINT('Ctrl Pts',(291.577910645345,599.5,101.973410323445));
#10072=CARTESIAN_POINT('Ctrl Pts',(291.452574033496,599.5,102.195663585768));
#10073=CARTESIAN_POINT('Ctrl Pts',(291.531018514392,600.,99.5353628541086));
#10074=CARTESIAN_POINT('Ctrl Pts',(291.531018514392,599.5,99.5353628541086));
#10075=CARTESIAN_POINT('Ctrl Pts',(291.633475285675,600.,99.7276018593461));
#10076=CARTESIAN_POINT('Ctrl Pts',(291.633475285675,599.5,99.7276018593461));
#10077=CARTESIAN_POINT('Ctrl Pts',(291.840950340217,600.,100.116886018873));
#10078=CARTESIAN_POINT('Ctrl Pts',(291.840950340217,599.5,100.116886018873));
#10079=CARTESIAN_POINT('Ctrl Pts',(291.868413084347,600.,100.557315325619));
#10080=CARTESIAN_POINT('Ctrl Pts',(291.868413084347,599.5,100.557315325619));
#10081=CARTESIAN_POINT('Ctrl Pts',(291.882313985583,600.,100.780248775587));
#10082=CARTESIAN_POINT('Ctrl Pts',(291.882313985583,599.5,100.780248775587));
#10083=CARTESIAN_POINT('',(291.531018514392,600.,99.5353628541086));
#10084=CARTESIAN_POINT('Ctrl Pts',(291.531018514392,600.,99.5353628541086));
#10085=CARTESIAN_POINT('Ctrl Pts',(291.633475285675,600.,99.7276018593461));
#10086=CARTESIAN_POINT('Ctrl Pts',(291.840950340217,600.,100.116886018873));
#10087=CARTESIAN_POINT('Ctrl Pts',(291.868413084347,600.,100.557315325619));
#10088=CARTESIAN_POINT('Ctrl Pts',(291.882313985583,600.,100.780248775587));
#10089=CARTESIAN_POINT('',(291.531018514392,599.5,99.5353628541086));
#10090=CARTESIAN_POINT('',(291.531018514392,600.,99.5353628541086));
#10091=CARTESIAN_POINT('Ctrl Pts',(291.531018514392,599.5,99.5353628541086));
#10092=CARTESIAN_POINT('Ctrl Pts',(291.633475285675,599.5,99.7276018593461));
#10093=CARTESIAN_POINT('Ctrl Pts',(291.840950340217,599.5,100.116886018873));
#10094=CARTESIAN_POINT('Ctrl Pts',(291.868413084347,599.5,100.557315325619));
#10095=CARTESIAN_POINT('Ctrl Pts',(291.882313985583,599.5,100.780248775587));
#10096=CARTESIAN_POINT('Ctrl Pts',(290.463487405535,600.,98.6042596245859));
#10097=CARTESIAN_POINT('Ctrl Pts',(290.463487405535,599.5,98.6042596245859));
#10098=CARTESIAN_POINT('Ctrl Pts',(290.683396523478,600.,98.7312996085255));
#10099=CARTESIAN_POINT('Ctrl Pts',(290.683396523478,599.5,98.7312996085255));
#10100=CARTESIAN_POINT('Ctrl Pts',(291.100610489651,600.,98.9723212453634));
#10101=CARTESIAN_POINT('Ctrl Pts',(291.100610489651,599.5,98.9723212453634));
#10102=CARTESIAN_POINT('Ctrl Pts',(291.39282650463,600.,99.3545859005684));
#10103=CARTESIAN_POINT('Ctrl Pts',(291.39282650463,599.5,99.3545859005684));
#10104=CARTESIAN_POINT('Ctrl Pts',(291.531018514392,600.,99.5353628541086));
#10105=CARTESIAN_POINT('Ctrl Pts',(291.531018514392,599.5,99.5353628541086));
#10106=CARTESIAN_POINT('',(290.463487405535,600.,98.6042596245859));
#10107=CARTESIAN_POINT('Ctrl Pts',(290.463487405535,600.,98.6042596245859));
#10108=CARTESIAN_POINT('Ctrl Pts',(290.683396523478,600.,98.7312996085255));
#10109=CARTESIAN_POINT('Ctrl Pts',(291.100610489651,600.,98.9723212453634));
#10110=CARTESIAN_POINT('Ctrl Pts',(291.39282650463,600.,99.3545859005684));
#10111=CARTESIAN_POINT('Ctrl Pts',(291.531018514392,600.,99.5353628541086));
#10112=CARTESIAN_POINT('',(290.463487405535,599.5,98.6042596245859));
#10113=CARTESIAN_POINT('',(290.463487405535,600.,98.6042596245859));
#10114=CARTESIAN_POINT('Ctrl Pts',(290.463487405535,599.5,98.6042596245859));
#10115=CARTESIAN_POINT('Ctrl Pts',(290.683396523478,599.5,98.7312996085255));
#10116=CARTESIAN_POINT('Ctrl Pts',(291.100610489651,599.5,98.9723212453634));
#10117=CARTESIAN_POINT('Ctrl Pts',(291.39282650463,599.5,99.3545859005684));
#10118=CARTESIAN_POINT('Ctrl Pts',(291.531018514392,599.5,99.5353628541086));
#10119=CARTESIAN_POINT('Ctrl Pts',(288.533064622637,600.,97.9801107789133));
#10120=CARTESIAN_POINT('Ctrl Pts',(288.533064622637,599.5,97.9801107789133));
#10121=CARTESIAN_POINT('Ctrl Pts',(288.927883513414,600.,98.0744423633755));
#10122=CARTESIAN_POINT('Ctrl Pts',(288.927883513414,599.5,98.0744423633755));
#10123=CARTESIAN_POINT('Ctrl Pts',(289.588224320816,600.,98.2322134227208));
#10124=CARTESIAN_POINT('Ctrl Pts',(289.588224320816,599.5,98.2322134227208));
#10125=CARTESIAN_POINT('Ctrl Pts',(290.212476617678,600.,98.4975630074429));
#10126=CARTESIAN_POINT('Ctrl Pts',(290.212476617678,599.5,98.4975630074429));
#10127=CARTESIAN_POINT('Ctrl Pts',(290.463487405535,600.,98.6042596245859));
#10128=CARTESIAN_POINT('Ctrl Pts',(290.463487405535,599.5,98.6042596245859));
#10129=CARTESIAN_POINT('',(288.533064622637,600.,97.9801107789133));
#10130=CARTESIAN_POINT('Ctrl Pts',(288.533064622637,600.,97.9801107789133));
#10131=CARTESIAN_POINT('Ctrl Pts',(288.927883513414,600.,98.0744423633755));
#10132=CARTESIAN_POINT('Ctrl Pts',(289.588224320816,600.,98.2322134227208));
#10133=CARTESIAN_POINT('Ctrl Pts',(290.212476617678,600.,98.4975630074429));
#10134=CARTESIAN_POINT('Ctrl Pts',(290.463487405535,600.,98.6042596245859));
#10135=CARTESIAN_POINT('',(288.533064622637,599.5,97.9801107789133));
#10136=CARTESIAN_POINT('',(288.533064622637,600.,97.9801107789133));
#10137=CARTESIAN_POINT('Ctrl Pts',(288.533064622637,599.5,97.9801107789133));
#10138=CARTESIAN_POINT('Ctrl Pts',(288.927883513414,599.5,98.0744423633755));
#10139=CARTESIAN_POINT('Ctrl Pts',(289.588224320816,599.5,98.2322134227208));
#10140=CARTESIAN_POINT('Ctrl Pts',(290.212476617678,599.5,98.4975630074429));
#10141=CARTESIAN_POINT('Ctrl Pts',(290.463487405535,599.5,98.6042596245859));
#10142=CARTESIAN_POINT('Ctrl Pts',(286.752712030169,600.,97.4923898125742));
#10143=CARTESIAN_POINT('Ctrl Pts',(286.752712030169,599.5,97.4923898125742));
#10144=CARTESIAN_POINT('Ctrl Pts',(286.967562756062,600.,97.5612681877117));
#10145=CARTESIAN_POINT('Ctrl Pts',(286.967562756062,599.5,97.5612681877117));
#10146=CARTESIAN_POINT('Ctrl Pts',(287.553867027859,600.,97.7492297848141));
#10147=CARTESIAN_POINT('Ctrl Pts',(287.553867027859,599.5,97.7492297848141));
#10148=CARTESIAN_POINT('Ctrl Pts',(288.153295946257,600.,97.8905666766832));
#10149=CARTESIAN_POINT('Ctrl Pts',(288.153295946257,599.5,97.8905666766832));
#10150=CARTESIAN_POINT('Ctrl Pts',(288.533064622637,600.,97.9801107789133));
#10151=CARTESIAN_POINT('Ctrl Pts',(288.533064622637,599.5,97.9801107789133));
#10152=CARTESIAN_POINT('',(286.752712030169,600.,97.4923898125742));
#10153=CARTESIAN_POINT('Ctrl Pts',(286.752712030169,600.,97.4923898125742));
#10154=CARTESIAN_POINT('Ctrl Pts',(286.967562756062,600.,97.5612681877117));
#10155=CARTESIAN_POINT('Ctrl Pts',(287.553867027859,600.,97.7492297848141));
#10156=CARTESIAN_POINT('Ctrl Pts',(288.153295946257,600.,97.8905666766832));
#10157=CARTESIAN_POINT('Ctrl Pts',(288.533064622637,600.,97.9801107789133));
#10158=CARTESIAN_POINT('',(286.752712030169,599.5,97.4923898125742));
#10159=CARTESIAN_POINT('',(286.752712030169,600.,97.4923898125742));
#10160=CARTESIAN_POINT('Ctrl Pts',(286.752712030169,599.5,97.4923898125742));
#10161=CARTESIAN_POINT('Ctrl Pts',(286.967562756062,599.5,97.5612681877117));
#10162=CARTESIAN_POINT('Ctrl Pts',(287.553867027859,599.5,97.7492297848141));
#10163=CARTESIAN_POINT('Ctrl Pts',(288.153295946257,599.5,97.8905666766832));
#10164=CARTESIAN_POINT('Ctrl Pts',(288.533064622637,599.5,97.9801107789133));
#10165=CARTESIAN_POINT('Ctrl Pts',(285.852300424334,600.,96.9023491288278));
#10166=CARTESIAN_POINT('Ctrl Pts',(285.852300424334,599.5,96.9023491288278));
#10167=CARTESIAN_POINT('Ctrl Pts',(285.967378027314,600.,97.0181009952561));
#10168=CARTESIAN_POINT('Ctrl Pts',(285.967378027314,599.5,97.0181009952561));
#10169=CARTESIAN_POINT('Ctrl Pts',(286.225167061659,600.,97.2774004688087));
#10170=CARTESIAN_POINT('Ctrl Pts',(286.225167061659,599.5,97.2774004688087));
#10171=CARTESIAN_POINT('Ctrl Pts',(286.564730482052,600.,97.4157820690033));
#10172=CARTESIAN_POINT('Ctrl Pts',(286.564730482052,599.5,97.4157820690033));
#10173=CARTESIAN_POINT('Ctrl Pts',(286.752712030169,600.,97.4923898125742));
#10174=CARTESIAN_POINT('Ctrl Pts',(286.752712030169,599.5,97.4923898125742));
#10175=CARTESIAN_POINT('',(285.852300424334,600.,96.9023491288278));
#10176=CARTESIAN_POINT('Ctrl Pts',(285.852300424334,600.,96.9023491288278));
#10177=CARTESIAN_POINT('Ctrl Pts',(285.967378027314,600.,97.0181009952561));
#10178=CARTESIAN_POINT('Ctrl Pts',(286.225167061659,600.,97.2774004688087));
#10179=CARTESIAN_POINT('Ctrl Pts',(286.564730482052,600.,97.4157820690033));
#10180=CARTESIAN_POINT('Ctrl Pts',(286.752712030169,600.,97.4923898125742));
#10181=CARTESIAN_POINT('',(285.852300424334,599.5,96.9023491288278));
#10182=CARTESIAN_POINT('',(285.852300424334,600.,96.9023491288278));
#10183=CARTESIAN_POINT('Ctrl Pts',(285.852300424334,599.5,96.9023491288278));
#10184=CARTESIAN_POINT('Ctrl Pts',(285.967378027314,599.5,97.0181009952561));
#10185=CARTESIAN_POINT('Ctrl Pts',(286.225167061659,599.5,97.2774004688087));
#10186=CARTESIAN_POINT('Ctrl Pts',(286.564730482052,599.5,97.4157820690033));
#10187=CARTESIAN_POINT('Ctrl Pts',(286.752712030169,599.5,97.4923898125742));
#10188=CARTESIAN_POINT('Ctrl Pts',(285.579449434039,600.,96.0803843880747));
#10189=CARTESIAN_POINT('Ctrl Pts',(285.579449434039,599.5,96.0803843880747));
#10190=CARTESIAN_POINT('Ctrl Pts',(285.590104374023,600.,96.2313716684497));
#10191=CARTESIAN_POINT('Ctrl Pts',(285.590104374023,599.5,96.2313716684497));
#10192=CARTESIAN_POINT('Ctrl Pts',(285.611092577741,600.,96.5287878719975));
#10193=CARTESIAN_POINT('Ctrl Pts',(285.611092577741,599.5,96.5287878719975));
#10194=CARTESIAN_POINT('Ctrl Pts',(285.772723555938,600.,96.7791075535944));
#10195=CARTESIAN_POINT('Ctrl Pts',(285.772723555938,599.5,96.7791075535944));
#10196=CARTESIAN_POINT('Ctrl Pts',(285.852300424334,600.,96.9023491288278));
#10197=CARTESIAN_POINT('Ctrl Pts',(285.852300424334,599.5,96.9023491288278));
#10198=CARTESIAN_POINT('',(285.579449434039,600.,96.0803843880747));
#10199=CARTESIAN_POINT('Ctrl Pts',(285.579449434039,600.,96.0803843880747));
#10200=CARTESIAN_POINT('Ctrl Pts',(285.590104374023,600.,96.2313716684497));
#10201=CARTESIAN_POINT('Ctrl Pts',(285.611092577741,600.,96.5287878719975));
#10202=CARTESIAN_POINT('Ctrl Pts',(285.772723555938,600.,96.7791075535944));
#10203=CARTESIAN_POINT('Ctrl Pts',(285.852300424334,600.,96.9023491288278));
#10204=CARTESIAN_POINT('',(285.579449434039,599.5,96.0803843880747));
#10205=CARTESIAN_POINT('',(285.579449434039,600.,96.0803843880747));
#10206=CARTESIAN_POINT('Ctrl Pts',(285.579449434039,599.5,96.0803843880747));
#10207=CARTESIAN_POINT('Ctrl Pts',(285.590104374023,599.5,96.2313716684497));
#10208=CARTESIAN_POINT('Ctrl Pts',(285.611092577741,599.5,96.5287878719975));
#10209=CARTESIAN_POINT('Ctrl Pts',(285.772723555938,599.5,96.7791075535944));
#10210=CARTESIAN_POINT('Ctrl Pts',(285.852300424334,599.5,96.9023491288278));
#10211=CARTESIAN_POINT('Ctrl Pts',(285.862533349749,600.,95.224313869581));
#10212=CARTESIAN_POINT('Ctrl Pts',(285.862533349749,599.5,95.224313869581));
#10213=CARTESIAN_POINT('Ctrl Pts',(285.779970845048,600.,95.3571483691501));
#10214=CARTESIAN_POINT('Ctrl Pts',(285.779970845048,599.5,95.3571483691501));
#10215=CARTESIAN_POINT('Ctrl Pts',(285.616687956299,600.,95.6198535873784));
#10216=CARTESIAN_POINT('Ctrl Pts',(285.616687956299,599.5,95.6198535873784));
#10217=CARTESIAN_POINT('Ctrl Pts',(285.591768563138,600.,95.9280330582267));
#10218=CARTESIAN_POINT('Ctrl Pts',(285.591768563138,599.5,95.9280330582267));
#10219=CARTESIAN_POINT('Ctrl Pts',(285.579449434039,600.,96.0803843880747));
#10220=CARTESIAN_POINT('Ctrl Pts',(285.579449434039,599.5,96.0803843880747));
#10221=CARTESIAN_POINT('',(285.862533349749,600.,95.224313869581));
#10222=CARTESIAN_POINT('Ctrl Pts',(285.862533349749,600.,95.224313869581));
#10223=CARTESIAN_POINT('Ctrl Pts',(285.779970845048,600.,95.3571483691501));
#10224=CARTESIAN_POINT('Ctrl Pts',(285.616687956299,600.,95.6198535873784));
#10225=CARTESIAN_POINT('Ctrl Pts',(285.591768563138,600.,95.9280330582267));
#10226=CARTESIAN_POINT('Ctrl Pts',(285.579449434039,600.,96.0803843880747));
#10227=CARTESIAN_POINT('',(285.862533349749,599.5,95.224313869581));
#10228=CARTESIAN_POINT('',(285.862533349749,600.,95.224313869581));
#10229=CARTESIAN_POINT('Ctrl Pts',(285.862533349749,599.5,95.224313869581));
#10230=CARTESIAN_POINT('Ctrl Pts',(285.779970845048,599.5,95.3571483691501));
#10231=CARTESIAN_POINT('Ctrl Pts',(285.616687956299,599.5,95.6198535873784));
#10232=CARTESIAN_POINT('Ctrl Pts',(285.591768563138,599.5,95.9280330582267));
#10233=CARTESIAN_POINT('Ctrl Pts',(285.579449434039,599.5,96.0803843880747));
#10234=CARTESIAN_POINT('Ctrl Pts',(286.725427407977,600.,94.6069885636423));
#10235=CARTESIAN_POINT('Ctrl Pts',(286.725427407977,599.5,94.6069885636423));
#10236=CARTESIAN_POINT('Ctrl Pts',(286.548221959032,600.,94.6840855730897));
#10237=CARTESIAN_POINT('Ctrl Pts',(286.548221959032,599.5,94.6840855730897));
#10238=CARTESIAN_POINT('Ctrl Pts',(286.215906627816,600.,94.8286664445181));
#10239=CARTESIAN_POINT('Ctrl Pts',(286.215906627816,599.5,94.8286664445181));
#10240=CARTESIAN_POINT('Ctrl Pts',(285.974984831622,600.,95.0984097845555));
#10241=CARTESIAN_POINT('Ctrl Pts',(285.974984831622,599.5,95.0984097845555));
#10242=CARTESIAN_POINT('Ctrl Pts',(285.862533349749,600.,95.224313869581));
#10243=CARTESIAN_POINT('Ctrl Pts',(285.862533349749,599.5,95.224313869581));
#10244=CARTESIAN_POINT('',(286.725427407977,600.,94.6069885636423));
#10245=CARTESIAN_POINT('Ctrl Pts',(286.725427407977,600.,94.6069885636423));
#10246=CARTESIAN_POINT('Ctrl Pts',(286.548221959032,600.,94.6840855730897));
#10247=CARTESIAN_POINT('Ctrl Pts',(286.215906627816,600.,94.8286664445181));
#10248=CARTESIAN_POINT('Ctrl Pts',(285.974984831622,600.,95.0984097845555));
#10249=CARTESIAN_POINT('Ctrl Pts',(285.862533349749,600.,95.224313869581));
#10250=CARTESIAN_POINT('',(286.725427407977,599.5,94.6069885636423));
#10251=CARTESIAN_POINT('',(286.725427407977,600.,94.6069885636423));
#10252=CARTESIAN_POINT('Ctrl Pts',(286.725427407977,599.5,94.6069885636423));
#10253=CARTESIAN_POINT('Ctrl Pts',(286.548221959032,599.5,94.6840855730897));
#10254=CARTESIAN_POINT('Ctrl Pts',(286.215906627816,599.5,94.8286664445181));
#10255=CARTESIAN_POINT('Ctrl Pts',(285.974984831622,599.5,95.0984097845555));
#10256=CARTESIAN_POINT('Ctrl Pts',(285.862533349749,599.5,95.224313869581));
#10257=CARTESIAN_POINT('Ctrl Pts',(288.06239296889,600.,94.3818856621835));
#10258=CARTESIAN_POINT('Ctrl Pts',(288.06239296889,599.5,94.3818856621835));
#10259=CARTESIAN_POINT('Ctrl Pts',(287.822807993832,600.,94.3892276305465));
#10260=CARTESIAN_POINT('Ctrl Pts',(287.822807993832,599.5,94.3892276305465));
#10261=CARTESIAN_POINT('Ctrl Pts',(287.366579609535,600.,94.4032085338272));
#10262=CARTESIAN_POINT('Ctrl Pts',(287.366579609535,599.5,94.4032085338272));
#10263=CARTESIAN_POINT('Ctrl Pts',(286.931858113085,600.,94.5413778472798));
#10264=CARTESIAN_POINT('Ctrl Pts',(286.931858113085,599.5,94.5413778472798));
#10265=CARTESIAN_POINT('Ctrl Pts',(286.725427407977,600.,94.6069885636423));
#10266=CARTESIAN_POINT('Ctrl Pts',(286.725427407977,599.5,94.6069885636423));
#10267=CARTESIAN_POINT('',(288.06239296889,600.,94.3818856621835));
#10268=CARTESIAN_POINT('Ctrl Pts',(288.06239296889,600.,94.3818856621835));
#10269=CARTESIAN_POINT('Ctrl Pts',(287.822807993832,600.,94.3892276305465));
#10270=CARTESIAN_POINT('Ctrl Pts',(287.366579609535,600.,94.4032085338272));
#10271=CARTESIAN_POINT('Ctrl Pts',(286.931858113085,600.,94.5413778472798));
#10272=CARTESIAN_POINT('Ctrl Pts',(286.725427407977,600.,94.6069885636423));
#10273=CARTESIAN_POINT('',(288.06239296889,599.5,94.3818856621835));
#10274=CARTESIAN_POINT('',(288.06239296889,600.,94.3818856621835));
#10275=CARTESIAN_POINT('Ctrl Pts',(288.06239296889,599.5,94.3818856621835));
#10276=CARTESIAN_POINT('Ctrl Pts',(287.822807993832,599.5,94.3892276305465));
#10277=CARTESIAN_POINT('Ctrl Pts',(287.366579609535,599.5,94.4032085338272));
#10278=CARTESIAN_POINT('Ctrl Pts',(286.931858113085,599.5,94.5413778472798));
#10279=CARTESIAN_POINT('Ctrl Pts',(286.725427407977,599.5,94.6069885636423));
#10280=CARTESIAN_POINT('Ctrl Pts',(289.597183961627,600.,94.6786118889902));
#10281=CARTESIAN_POINT('Ctrl Pts',(289.597183961627,599.5,94.6786118889902));
#10282=CARTESIAN_POINT('Ctrl Pts',(289.358027259092,600.,94.5920962681575));
#10283=CARTESIAN_POINT('Ctrl Pts',(289.358027259092,599.5,94.5920962681575));
#10284=CARTESIAN_POINT('Ctrl Pts',(288.862283954417,600.,94.4127597104815));
#10285=CARTESIAN_POINT('Ctrl Pts',(288.862283954417,599.5,94.4127597104815));
#10286=CARTESIAN_POINT('Ctrl Pts',(288.335200560613,600.,94.39241544051));
#10287=CARTESIAN_POINT('Ctrl Pts',(288.335200560613,599.5,94.39241544051));
#10288=CARTESIAN_POINT('Ctrl Pts',(288.06239296889,600.,94.3818856621835));
#10289=CARTESIAN_POINT('Ctrl Pts',(288.06239296889,599.5,94.3818856621835));
#10290=CARTESIAN_POINT('',(289.597183961627,600.,94.6786118889902));
#10291=CARTESIAN_POINT('Ctrl Pts',(289.597183961627,600.,94.6786118889902));
#10292=CARTESIAN_POINT('Ctrl Pts',(289.358027259092,600.,94.5920962681575));
#10293=CARTESIAN_POINT('Ctrl Pts',(288.862283954417,600.,94.4127597104815));
#10294=CARTESIAN_POINT('Ctrl Pts',(288.335200560613,600.,94.39241544051));
#10295=CARTESIAN_POINT('Ctrl Pts',(288.06239296889,600.,94.3818856621835));
#10296=CARTESIAN_POINT('',(289.597183961627,599.5,94.6786118889902));
#10297=CARTESIAN_POINT('',(289.597183961627,600.,94.6786118889902));
#10298=CARTESIAN_POINT('Ctrl Pts',(289.597183961627,599.5,94.6786118889902));
#10299=CARTESIAN_POINT('Ctrl Pts',(289.358027259092,599.5,94.5920962681575));
#10300=CARTESIAN_POINT('Ctrl Pts',(288.862283954417,599.5,94.4127597104815));
#10301=CARTESIAN_POINT('Ctrl Pts',(288.335200560613,599.5,94.39241544051));
#10302=CARTESIAN_POINT('Ctrl Pts',(288.06239296889,599.5,94.3818856621835));
#10303=CARTESIAN_POINT('Ctrl Pts',(290.60332467055,600.,95.4562379265878));
#10304=CARTESIAN_POINT('Ctrl Pts',(290.60332467055,599.5,95.4562379265878));
#10305=CARTESIAN_POINT('Ctrl Pts',(290.47372335879,600.,95.3008230308421));
#10306=CARTESIAN_POINT('Ctrl Pts',(290.47372335879,599.5,95.3008230308421));
#10307=CARTESIAN_POINT('Ctrl Pts',(290.196272955785,600.,94.9681109242121));
#10308=CARTESIAN_POINT('Ctrl Pts',(290.196272955785,599.5,94.9681109242121));
#10309=CARTESIAN_POINT('Ctrl Pts',(289.805448407173,600.,94.7792519552319));
#10310=CARTESIAN_POINT('Ctrl Pts',(289.805448407173,599.5,94.7792519552319));
#10311=CARTESIAN_POINT('Ctrl Pts',(289.597183961627,600.,94.6786118889902));
#10312=CARTESIAN_POINT('Ctrl Pts',(289.597183961627,599.5,94.6786118889902));
#10313=CARTESIAN_POINT('',(290.60332467055,600.,95.4562379265878));
#10314=CARTESIAN_POINT('Ctrl Pts',(290.60332467055,600.,95.4562379265878));
#10315=CARTESIAN_POINT('Ctrl Pts',(290.47372335879,600.,95.3008230308421));
#10316=CARTESIAN_POINT('Ctrl Pts',(290.196272955785,600.,94.9681109242121));
#10317=CARTESIAN_POINT('Ctrl Pts',(289.805448407173,600.,94.7792519552319));
#10318=CARTESIAN_POINT('Ctrl Pts',(289.597183961627,600.,94.6786118889902));
#10319=CARTESIAN_POINT('',(290.60332467055,599.5,95.4562379265878));
#10320=CARTESIAN_POINT('',(290.60332467055,600.,95.4562379265878));
#10321=CARTESIAN_POINT('Ctrl Pts',(290.60332467055,599.5,95.4562379265878));
#10322=CARTESIAN_POINT('Ctrl Pts',(290.47372335879,599.5,95.3008230308421));
#10323=CARTESIAN_POINT('Ctrl Pts',(290.196272955785,599.5,94.9681109242121));
#10324=CARTESIAN_POINT('Ctrl Pts',(289.805448407173,599.5,94.7792519552319));
#10325=CARTESIAN_POINT('Ctrl Pts',(289.597183961627,599.5,94.6786118889902));
#10326=CARTESIAN_POINT('Ctrl Pts',(291.016010541674,600.,96.6874791527841));
#10327=CARTESIAN_POINT('Ctrl Pts',(291.016010541674,599.5,96.6874791527841));
#10328=CARTESIAN_POINT('Ctrl Pts',(290.980797117778,600.,96.4550133535803));
#10329=CARTESIAN_POINT('Ctrl Pts',(290.980797117778,599.5,96.4550133535803));
#10330=CARTESIAN_POINT('Ctrl Pts',(290.914891180023,600.,96.0199271052854));
#10331=CARTESIAN_POINT('Ctrl Pts',(290.914891180023,599.5,96.0199271052854));
#10332=CARTESIAN_POINT('Ctrl Pts',(290.702319625958,600.,95.6353405689211));
#10333=CARTESIAN_POINT('Ctrl Pts',(290.702319625958,599.5,95.6353405689211));
#10334=CARTESIAN_POINT('Ctrl Pts',(290.60332467055,600.,95.4562379265878));
#10335=CARTESIAN_POINT('Ctrl Pts',(290.60332467055,599.5,95.4562379265878));
#10336=CARTESIAN_POINT('',(291.016010541674,600.,96.6874791527841));
#10337=CARTESIAN_POINT('Ctrl Pts',(291.016010541674,600.,96.6874791527841));
#10338=CARTESIAN_POINT('Ctrl Pts',(290.980797117778,600.,96.4550133535803));
#10339=CARTESIAN_POINT('Ctrl Pts',(290.914891180023,600.,96.0199271052854));
#10340=CARTESIAN_POINT('Ctrl Pts',(290.702319625958,600.,95.6353405689211));
#10341=CARTESIAN_POINT('Ctrl Pts',(290.60332467055,600.,95.4562379265878));
#10342=CARTESIAN_POINT('',(291.016010541674,599.5,96.6874791527841));
#10343=CARTESIAN_POINT('',(291.016010541674,600.,96.6874791527841));
#10344=CARTESIAN_POINT('Ctrl Pts',(291.016010541674,599.5,96.6874791527841));
#10345=CARTESIAN_POINT('Ctrl Pts',(290.980797117778,599.5,96.4550133535803));
#10346=CARTESIAN_POINT('Ctrl Pts',(290.914891180023,599.5,96.0199271052854));
#10347=CARTESIAN_POINT('Ctrl Pts',(290.702319625958,599.5,95.6353405689211));
#10348=CARTESIAN_POINT('Ctrl Pts',(290.60332467055,599.5,95.4562379265878));
#10349=CARTESIAN_POINT('Origin',(292.264305848834,600.,96.5783382798288));
#10350=CARTESIAN_POINT('',(292.264305848834,600.,96.5783382798288));
#10351=CARTESIAN_POINT('',(404.25035435718,600.,86.7871814734875));
#10352=CARTESIAN_POINT('',(292.264305848834,599.5,96.5783382798288));
#10353=CARTESIAN_POINT('',(292.264305848834,600.,96.5783382798288));
#10354=CARTESIAN_POINT('',(292.264305848834,599.5,96.5783382798288));
#10355=CARTESIAN_POINT('Ctrl Pts',(291.715192098376,600.,94.7809292222116));
#10356=CARTESIAN_POINT('Ctrl Pts',(291.715192098376,599.5,94.7809292222116));
#10357=CARTESIAN_POINT('Ctrl Pts',(291.868584601299,600.,95.0568020206623));
#10358=CARTESIAN_POINT('Ctrl Pts',(291.868584601299,599.5,95.0568020206623));
#10359=CARTESIAN_POINT('Ctrl Pts',(292.179791090875,600.,95.6164995517614));
#10360=CARTESIAN_POINT('Ctrl Pts',(292.179791090875,599.5,95.6164995517614));
#10361=CARTESIAN_POINT('Ctrl Pts',(292.235868687643,600.,96.2547029336415));
#10362=CARTESIAN_POINT('Ctrl Pts',(292.235868687643,599.5,96.2547029336415));
#10363=CARTESIAN_POINT('Ctrl Pts',(292.264305848834,600.,96.5783382798288));
#10364=CARTESIAN_POINT('Ctrl Pts',(292.264305848834,599.5,96.5783382798288));
#10365=CARTESIAN_POINT('Ctrl Pts',(291.715192098376,600.,94.7809292222116));
#10366=CARTESIAN_POINT('Ctrl Pts',(291.868584601299,600.,95.0568020206623));
#10367=CARTESIAN_POINT('Ctrl Pts',(292.179791090875,600.,95.6164995517614));
#10368=CARTESIAN_POINT('Ctrl Pts',(292.235868687643,600.,96.2547029336415));
#10369=CARTESIAN_POINT('Ctrl Pts',(292.264305848834,600.,96.5783382798288));
#10370=CARTESIAN_POINT('Ctrl Pts',(291.715192098376,599.5,94.7809292222116));
#10371=CARTESIAN_POINT('Ctrl Pts',(291.868584601299,599.5,95.0568020206623));
#10372=CARTESIAN_POINT('Ctrl Pts',(292.179791090875,599.5,95.6164995517614));
#10373=CARTESIAN_POINT('Ctrl Pts',(292.235868687643,599.5,96.2547029336415));
#10374=CARTESIAN_POINT('Ctrl Pts',(292.264305848834,599.5,96.5783382798288));
#10375=CARTESIAN_POINT('Origin',(293.304549355265,599.5,106.083796157942));
#10376=CARTESIAN_POINT('Ctrl Pts',(307.011918325183,600.,94.327314033613));
#10377=CARTESIAN_POINT('Ctrl Pts',(307.011918325183,599.5,94.327314033613));
#10378=CARTESIAN_POINT('Ctrl Pts',(306.659373347831,600.,94.3508771909255));
#10379=CARTESIAN_POINT('Ctrl Pts',(306.659373347831,599.5,94.3508771909255));
#10380=CARTESIAN_POINT('Ctrl Pts',(305.973673289915,600.,94.3967075370426));
#10381=CARTESIAN_POINT('Ctrl Pts',(305.973673289915,599.5,94.3967075370426));
#10382=CARTESIAN_POINT('Ctrl Pts',(305.405363385914,600.,94.7815395950699));
#10383=CARTESIAN_POINT('Ctrl Pts',(305.405363385914,599.5,94.7815395950699));
#10384=CARTESIAN_POINT('Ctrl Pts',(305.129243631121,600.,94.9685145760629));
#10385=CARTESIAN_POINT('Ctrl Pts',(305.129243631121,599.5,94.9685145760629));
#10386=CARTESIAN_POINT('',(307.011918325183,600.,94.327314033613));
#10387=CARTESIAN_POINT('',(305.129243631121,600.,94.9685145760629));
#10388=CARTESIAN_POINT('Ctrl Pts',(307.011918325183,600.,94.327314033613));
#10389=CARTESIAN_POINT('Ctrl Pts',(306.659373347831,600.,94.3508771909255));
#10390=CARTESIAN_POINT('Ctrl Pts',(305.973673289915,600.,94.3967075370426));
#10391=CARTESIAN_POINT('Ctrl Pts',(305.405363385914,600.,94.7815395950699));
#10392=CARTESIAN_POINT('Ctrl Pts',(305.129243631121,600.,94.9685145760629));
#10393=CARTESIAN_POINT('',(307.011918325183,599.5,94.327314033613));
#10394=CARTESIAN_POINT('',(307.011918325183,600.,94.327314033613));
#10395=CARTESIAN_POINT('',(305.129243631121,599.5,94.9685145760629));
#10396=CARTESIAN_POINT('Ctrl Pts',(307.011918325183,599.5,94.327314033613));
#10397=CARTESIAN_POINT('Ctrl Pts',(306.659373347831,599.5,94.3508771909255));
#10398=CARTESIAN_POINT('Ctrl Pts',(305.973673289915,599.5,94.3967075370426));
#10399=CARTESIAN_POINT('Ctrl Pts',(305.405363385914,599.5,94.7815395950699));
#10400=CARTESIAN_POINT('Ctrl Pts',(305.129243631121,599.5,94.9685145760629));
#10401=CARTESIAN_POINT('',(305.129243631121,600.,94.9685145760629));
#10402=CARTESIAN_POINT('Ctrl Pts',(308.710417051074,600.,94.7979833031748));
#10403=CARTESIAN_POINT('Ctrl Pts',(308.710417051074,599.5,94.7979833031748));
#10404=CARTESIAN_POINT('Ctrl Pts',(308.443568010321,600.,94.6607056623198));
#10405=CARTESIAN_POINT('Ctrl Pts',(308.443568010321,599.5,94.6607056623198));
#10406=CARTESIAN_POINT('Ctrl Pts',(307.90998734571,600.,94.3862107844781));
#10407=CARTESIAN_POINT('Ctrl Pts',(307.90998734571,599.5,94.3862107844781));
#10408=CARTESIAN_POINT('Ctrl Pts',(307.311230745638,600.,94.3469434035784));
#10409=CARTESIAN_POINT('Ctrl Pts',(307.311230745638,599.5,94.3469434035784));
#10410=CARTESIAN_POINT('Ctrl Pts',(307.011918325183,600.,94.327314033613));
#10411=CARTESIAN_POINT('Ctrl Pts',(307.011918325183,599.5,94.327314033613));
#10412=CARTESIAN_POINT('',(308.710417051074,600.,94.7979833031748));
#10413=CARTESIAN_POINT('Ctrl Pts',(308.710417051074,600.,94.7979833031748));
#10414=CARTESIAN_POINT('Ctrl Pts',(308.443568010321,600.,94.6607056623198));
#10415=CARTESIAN_POINT('Ctrl Pts',(307.90998734571,600.,94.3862107844781));
#10416=CARTESIAN_POINT('Ctrl Pts',(307.311230745638,600.,94.3469434035784));
#10417=CARTESIAN_POINT('Ctrl Pts',(307.011918325183,600.,94.327314033613));
#10418=CARTESIAN_POINT('',(308.710417051074,599.5,94.7979833031748));
#10419=CARTESIAN_POINT('',(308.710417051074,600.,94.7979833031748));
#10420=CARTESIAN_POINT('Ctrl Pts',(308.710417051074,599.5,94.7979833031748));
#10421=CARTESIAN_POINT('Ctrl Pts',(308.443568010321,599.5,94.6607056623198));
#10422=CARTESIAN_POINT('Ctrl Pts',(307.90998734571,599.5,94.3862107844781));
#10423=CARTESIAN_POINT('Ctrl Pts',(307.311230745638,599.5,94.3469434035784));
#10424=CARTESIAN_POINT('Ctrl Pts',(307.011918325183,599.5,94.327314033613));
#10425=CARTESIAN_POINT('Ctrl Pts',(309.866625566241,600.,96.2202216530893));
#10426=CARTESIAN_POINT('Ctrl Pts',(309.866625566241,599.5,96.2202216530893));
#10427=CARTESIAN_POINT('Ctrl Pts',(309.729630282763,600.,95.9255975063585));
#10428=CARTESIAN_POINT('Ctrl Pts',(309.729630282763,599.5,95.9255975063585));
#10429=CARTESIAN_POINT('Ctrl Pts',(309.463597145623,600.,95.3534625828621));
#10430=CARTESIAN_POINT('Ctrl Pts',(309.463597145623,599.5,95.3534625828621));
#10431=CARTESIAN_POINT('Ctrl Pts',(308.95642028868,600.,94.9794136174054));
#10432=CARTESIAN_POINT('Ctrl Pts',(308.95642028868,599.5,94.9794136174054));
#10433=CARTESIAN_POINT('Ctrl Pts',(308.710417051074,600.,94.7979833031748));
#10434=CARTESIAN_POINT('Ctrl Pts',(308.710417051074,599.5,94.7979833031748));
#10435=CARTESIAN_POINT('',(309.866625566241,600.,96.2202216530893));
#10436=CARTESIAN_POINT('Ctrl Pts',(309.866625566241,600.,96.2202216530893));
#10437=CARTESIAN_POINT('Ctrl Pts',(309.729630282763,600.,95.9255975063585));
#10438=CARTESIAN_POINT('Ctrl Pts',(309.463597145623,600.,95.3534625828621));
#10439=CARTESIAN_POINT('Ctrl Pts',(308.95642028868,600.,94.9794136174054));
#10440=CARTESIAN_POINT('Ctrl Pts',(308.710417051074,600.,94.7979833031748));
#10441=CARTESIAN_POINT('',(309.866625566241,599.5,96.2202216530893));
#10442=CARTESIAN_POINT('',(309.866625566241,600.,96.2202216530893));
#10443=CARTESIAN_POINT('Ctrl Pts',(309.866625566241,599.5,96.2202216530893));
#10444=CARTESIAN_POINT('Ctrl Pts',(309.729630282763,599.5,95.9255975063585));
#10445=CARTESIAN_POINT('Ctrl Pts',(309.463597145623,599.5,95.3534625828621));
#10446=CARTESIAN_POINT('Ctrl Pts',(308.95642028868,599.5,94.9794136174054));
#10447=CARTESIAN_POINT('Ctrl Pts',(308.710417051074,599.5,94.7979833031748));
#10448=CARTESIAN_POINT('Ctrl Pts',(310.238384504077,600.,98.4473682786081));
#10449=CARTESIAN_POINT('Ctrl Pts',(310.238384504077,599.5,98.4473682786081));
#10450=CARTESIAN_POINT('Ctrl Pts',(310.2267271203,600.,98.0458454059487));
#10451=CARTESIAN_POINT('Ctrl Pts',(310.2267271203,599.5,98.0458454059487));
#10452=CARTESIAN_POINT('Ctrl Pts',(310.204663870337,600.,97.28590649725));
#10453=CARTESIAN_POINT('Ctrl Pts',(310.204663870337,599.5,97.28590649725));
#10454=CARTESIAN_POINT('Ctrl Pts',(309.974961787718,600.,96.5617577095161));
#10455=CARTESIAN_POINT('Ctrl Pts',(309.974961787718,599.5,96.5617577095161));
#10456=CARTESIAN_POINT('Ctrl Pts',(309.866625566241,600.,96.2202216530893));
#10457=CARTESIAN_POINT('Ctrl Pts',(309.866625566241,599.5,96.2202216530893));
#10458=CARTESIAN_POINT('',(310.238384504077,600.,98.4473682786081));
#10459=CARTESIAN_POINT('Ctrl Pts',(310.238384504077,600.,98.4473682786081));
#10460=CARTESIAN_POINT('Ctrl Pts',(310.2267271203,600.,98.0458454059487));
#10461=CARTESIAN_POINT('Ctrl Pts',(310.204663870337,600.,97.28590649725));
#10462=CARTESIAN_POINT('Ctrl Pts',(309.974961787718,600.,96.5617577095161));
#10463=CARTESIAN_POINT('Ctrl Pts',(309.866625566241,600.,96.2202216530893));
#10464=CARTESIAN_POINT('',(310.238384504077,599.5,98.4473682786081));
#10465=CARTESIAN_POINT('',(310.238384504077,600.,98.4473682786081));
#10466=CARTESIAN_POINT('Ctrl Pts',(310.238384504077,599.5,98.4473682786081));
#10467=CARTESIAN_POINT('Ctrl Pts',(310.2267271203,599.5,98.0458454059487));
#10468=CARTESIAN_POINT('Ctrl Pts',(310.204663870337,599.5,97.28590649725));
#10469=CARTESIAN_POINT('Ctrl Pts',(309.974961787718,599.5,96.5617577095161));
#10470=CARTESIAN_POINT('Ctrl Pts',(309.866625566241,599.5,96.2202216530893));
#10471=CARTESIAN_POINT('Ctrl Pts',(309.924604196307,600.,100.367560520277));
#10472=CARTESIAN_POINT('Ctrl Pts',(309.924604196307,599.5,100.367560520277));
#10473=CARTESIAN_POINT('Ctrl Pts',(310.016123675775,600.,100.054499155504));
#10474=CARTESIAN_POINT('Ctrl Pts',(310.016123675775,599.5,100.054499155504));
#10475=CARTESIAN_POINT('Ctrl Pts',(310.199472693724,600.,99.4273158047891));
#10476=CARTESIAN_POINT('Ctrl Pts',(310.199472693724,599.5,99.4273158047891));
#10477=CARTESIAN_POINT('Ctrl Pts',(310.225399285924,600.,98.774385507828));
#10478=CARTESIAN_POINT('Ctrl Pts',(310.225399285924,599.5,98.774385507828));
#10479=CARTESIAN_POINT('Ctrl Pts',(310.238384504077,600.,98.4473682786081));
#10480=CARTESIAN_POINT('Ctrl Pts',(310.238384504077,599.5,98.4473682786081));
#10481=CARTESIAN_POINT('',(309.924604196307,600.,100.367560520277));
#10482=CARTESIAN_POINT('Ctrl Pts',(309.924604196307,600.,100.367560520277));
#10483=CARTESIAN_POINT('Ctrl Pts',(310.016123675775,600.,100.054499155504));
#10484=CARTESIAN_POINT('Ctrl Pts',(310.199472693724,600.,99.4273158047891));
#10485=CARTESIAN_POINT('Ctrl Pts',(310.225399285924,600.,98.774385507828));
#10486=CARTESIAN_POINT('Ctrl Pts',(310.238384504077,600.,98.4473682786081));
#10487=CARTESIAN_POINT('',(309.924604196307,599.5,100.367560520277));
#10488=CARTESIAN_POINT('',(309.924604196307,600.,100.367560520277));
#10489=CARTESIAN_POINT('Ctrl Pts',(309.924604196307,599.5,100.367560520277));
#10490=CARTESIAN_POINT('Ctrl Pts',(310.016123675775,599.5,100.054499155504));
#10491=CARTESIAN_POINT('Ctrl Pts',(310.199472693724,599.5,99.4273158047891));
#10492=CARTESIAN_POINT('Ctrl Pts',(310.225399285924,599.5,98.774385507828));
#10493=CARTESIAN_POINT('Ctrl Pts',(310.238384504077,599.5,98.4473682786081));
#10494=CARTESIAN_POINT('Ctrl Pts',(308.836609620806,600.,101.851189270124));
#10495=CARTESIAN_POINT('Ctrl Pts',(308.836609620806,599.5,101.851189270124));
#10496=CARTESIAN_POINT('Ctrl Pts',(309.075943751761,600.,101.649905648237));
#10497=CARTESIAN_POINT('Ctrl Pts',(309.075943751761,599.5,101.649905648237));
#10498=CARTESIAN_POINT('Ctrl Pts',(309.558832697225,600.,101.243788745796));
#10499=CARTESIAN_POINT('Ctrl Pts',(309.558832697225,599.5,101.243788745796));
#10500=CARTESIAN_POINT('Ctrl Pts',(309.801971978205,600.,100.661333575663));
#10501=CARTESIAN_POINT('Ctrl Pts',(309.801971978205,599.5,100.661333575663));
#10502=CARTESIAN_POINT('Ctrl Pts',(309.924604196307,600.,100.367560520277));
#10503=CARTESIAN_POINT('Ctrl Pts',(309.924604196307,599.5,100.367560520277));
#10504=CARTESIAN_POINT('',(308.836609620806,600.,101.851189270124));
#10505=CARTESIAN_POINT('Ctrl Pts',(308.836609620806,600.,101.851189270124));
#10506=CARTESIAN_POINT('Ctrl Pts',(309.075943751761,600.,101.649905648237));
#10507=CARTESIAN_POINT('Ctrl Pts',(309.558832697225,600.,101.243788745796));
#10508=CARTESIAN_POINT('Ctrl Pts',(309.801971978205,600.,100.661333575663));
#10509=CARTESIAN_POINT('Ctrl Pts',(309.924604196307,600.,100.367560520277));
#10510=CARTESIAN_POINT('',(308.836609620806,599.5,101.851189270124));
#10511=CARTESIAN_POINT('',(308.836609620806,600.,101.851189270124));
#10512=CARTESIAN_POINT('Ctrl Pts',(308.836609620806,599.5,101.851189270124));
#10513=CARTESIAN_POINT('Ctrl Pts',(309.075943751761,599.5,101.649905648237));
#10514=CARTESIAN_POINT('Ctrl Pts',(309.558832697225,599.5,101.243788745796));
#10515=CARTESIAN_POINT('Ctrl Pts',(309.801971978205,599.5,100.661333575663));
#10516=CARTESIAN_POINT('Ctrl Pts',(309.924604196307,599.5,100.367560520277));
#10517=CARTESIAN_POINT('Ctrl Pts',(306.909598607775,600.,102.403712406263));
#10518=CARTESIAN_POINT('Ctrl Pts',(306.909598607775,599.5,102.403712406263));
#10519=CARTESIAN_POINT('Ctrl Pts',(307.270636877438,600.,102.38581843124));
#10520=CARTESIAN_POINT('Ctrl Pts',(307.270636877438,599.5,102.38581843124));
#10521=CARTESIAN_POINT('Ctrl Pts',(307.957355252459,600.,102.351782921758));
#10522=CARTESIAN_POINT('Ctrl Pts',(307.957355252459,599.5,102.351782921758));
#10523=CARTESIAN_POINT('Ctrl Pts',(308.553760860294,600.,102.01222605195));
#10524=CARTESIAN_POINT('Ctrl Pts',(308.553760860294,599.5,102.01222605195));
#10525=CARTESIAN_POINT('Ctrl Pts',(308.836609620806,600.,101.851189270124));
#10526=CARTESIAN_POINT('Ctrl Pts',(308.836609620806,599.5,101.851189270124));
#10527=CARTESIAN_POINT('',(306.909598607775,600.,102.403712406263));
#10528=CARTESIAN_POINT('Ctrl Pts',(306.909598607775,600.,102.403712406263));
#10529=CARTESIAN_POINT('Ctrl Pts',(307.270636877438,600.,102.38581843124));
#10530=CARTESIAN_POINT('Ctrl Pts',(307.957355252459,600.,102.351782921758));
#10531=CARTESIAN_POINT('Ctrl Pts',(308.553760860294,600.,102.01222605195));
#10532=CARTESIAN_POINT('Ctrl Pts',(308.836609620806,600.,101.851189270124));
#10533=CARTESIAN_POINT('',(306.909598607775,599.5,102.403712406263));
#10534=CARTESIAN_POINT('',(306.909598607775,600.,102.403712406263));
#10535=CARTESIAN_POINT('Ctrl Pts',(306.909598607775,599.5,102.403712406263));
#10536=CARTESIAN_POINT('Ctrl Pts',(307.270636877438,599.5,102.38581843124));
#10537=CARTESIAN_POINT('Ctrl Pts',(307.957355252459,599.5,102.351782921758));
#10538=CARTESIAN_POINT('Ctrl Pts',(308.553760860294,599.5,102.01222605195));
#10539=CARTESIAN_POINT('Ctrl Pts',(308.836609620806,599.5,101.851189270124));
#10540=CARTESIAN_POINT('Ctrl Pts',(305.245205659625,600.,101.905758514509));
#10541=CARTESIAN_POINT('Ctrl Pts',(305.245205659625,599.5,101.905758514509));
#10542=CARTESIAN_POINT('Ctrl Pts',(305.487813307204,600.,102.050890489462));
#10543=CARTESIAN_POINT('Ctrl Pts',(305.487813307204,599.5,102.050890489462));
#10544=CARTESIAN_POINT('Ctrl Pts',(305.999400802244,600.,102.356930732862));
#10545=CARTESIAN_POINT('Ctrl Pts',(305.999400802244,599.5,102.356930732862));
#10546=CARTESIAN_POINT('Ctrl Pts',(306.595948710374,600.,102.38759166089));
#10547=CARTESIAN_POINT('Ctrl Pts',(306.595948710374,599.5,102.38759166089));
#10548=CARTESIAN_POINT('Ctrl Pts',(306.909598607775,600.,102.403712406263));
#10549=CARTESIAN_POINT('Ctrl Pts',(306.909598607775,599.5,102.403712406263));
#10550=CARTESIAN_POINT('',(305.245205659625,600.,101.905758514509));
#10551=CARTESIAN_POINT('Ctrl Pts',(305.245205659625,600.,101.905758514509));
#10552=CARTESIAN_POINT('Ctrl Pts',(305.487813307204,600.,102.050890489462));
#10553=CARTESIAN_POINT('Ctrl Pts',(305.999400802244,600.,102.356930732862));
#10554=CARTESIAN_POINT('Ctrl Pts',(306.595948710374,600.,102.38759166089));
#10555=CARTESIAN_POINT('Ctrl Pts',(306.909598607775,600.,102.403712406263));
#10556=CARTESIAN_POINT('',(305.245205659625,599.5,101.905758514509));
#10557=CARTESIAN_POINT('',(305.245205659625,600.,101.905758514509));
#10558=CARTESIAN_POINT('Ctrl Pts',(305.245205659625,599.5,101.905758514509));
#10559=CARTESIAN_POINT('Ctrl Pts',(305.487813307204,599.5,102.050890489462));
#10560=CARTESIAN_POINT('Ctrl Pts',(305.999400802244,599.5,102.356930732862));
#10561=CARTESIAN_POINT('Ctrl Pts',(306.595948710374,599.5,102.38759166089));
#10562=CARTESIAN_POINT('Ctrl Pts',(306.909598607775,599.5,102.403712406263));
#10563=CARTESIAN_POINT('Ctrl Pts',(304.23565556502,600.,100.316400661573));
#10564=CARTESIAN_POINT('Ctrl Pts',(304.23565556502,599.5,100.316400661573));
#10565=CARTESIAN_POINT('Ctrl Pts',(304.353595237568,600.,100.646561872312));
#10566=CARTESIAN_POINT('Ctrl Pts',(304.353595237568,599.5,100.646561872312));
#10567=CARTESIAN_POINT('Ctrl Pts',(304.570742284239,600.,101.254444955998));
#10568=CARTESIAN_POINT('Ctrl Pts',(304.570742284239,599.5,101.254444955998));
#10569=CARTESIAN_POINT('Ctrl Pts',(305.033696870696,600.,101.701509407736));
#10570=CARTESIAN_POINT('Ctrl Pts',(305.033696870696,599.5,101.701509407736));
#10571=CARTESIAN_POINT('Ctrl Pts',(305.245205659625,600.,101.905758514509));
#10572=CARTESIAN_POINT('Ctrl Pts',(305.245205659625,599.5,101.905758514509));
#10573=CARTESIAN_POINT('',(304.23565556502,600.,100.316400661573));
#10574=CARTESIAN_POINT('Ctrl Pts',(304.23565556502,600.,100.316400661573));
#10575=CARTESIAN_POINT('Ctrl Pts',(304.353595237568,600.,100.646561872312));
#10576=CARTESIAN_POINT('Ctrl Pts',(304.570742284239,600.,101.254444955998));
#10577=CARTESIAN_POINT('Ctrl Pts',(305.033696870696,600.,101.701509407736));
#10578=CARTESIAN_POINT('Ctrl Pts',(305.245205659625,600.,101.905758514509));
#10579=CARTESIAN_POINT('',(304.23565556502,599.5,100.316400661573));
#10580=CARTESIAN_POINT('',(304.23565556502,600.,100.316400661573));
#10581=CARTESIAN_POINT('Ctrl Pts',(304.23565556502,599.5,100.316400661573));
#10582=CARTESIAN_POINT('Ctrl Pts',(304.353595237568,599.5,100.646561872312));
#10583=CARTESIAN_POINT('Ctrl Pts',(304.570742284239,599.5,101.254444955998));
#10584=CARTESIAN_POINT('Ctrl Pts',(305.033696870696,599.5,101.701509407736));
#10585=CARTESIAN_POINT('Ctrl Pts',(305.245205659625,599.5,101.905758514509));
#10586=CARTESIAN_POINT('Origin',(302.932791013476,600.,100.623357429609));
#10587=CARTESIAN_POINT('',(302.932791013476,600.,100.623357429609));
#10588=CARTESIAN_POINT('',(406.95952117305,600.,76.1145097207065));
#10589=CARTESIAN_POINT('',(302.932791013476,599.5,100.623357429609));
#10590=CARTESIAN_POINT('',(302.932791013476,600.,100.623357429609));
#10591=CARTESIAN_POINT('',(302.932791013476,599.5,100.623357429609));
#10592=CARTESIAN_POINT('Ctrl Pts',(304.358438749072,600.,102.772061958418));
#10593=CARTESIAN_POINT('Ctrl Pts',(304.358438749072,599.5,102.772061958418));
#10594=CARTESIAN_POINT('Ctrl Pts',(304.041230279224,600.,102.484386699353));
#10595=CARTESIAN_POINT('Ctrl Pts',(304.041230279224,599.5,102.484386699353));
#10596=CARTESIAN_POINT('Ctrl Pts',(303.385275348291,600.,101.889503451811));
#10597=CARTESIAN_POINT('Ctrl Pts',(303.385275348291,599.5,101.889503451811));
#10598=CARTESIAN_POINT('Ctrl Pts',(303.086884964027,600.,101.054544605659));
#10599=CARTESIAN_POINT('Ctrl Pts',(303.086884964027,599.5,101.054544605659));
#10600=CARTESIAN_POINT('Ctrl Pts',(302.932791013476,600.,100.623357429609));
#10601=CARTESIAN_POINT('Ctrl Pts',(302.932791013476,599.5,100.623357429609));
#10602=CARTESIAN_POINT('',(304.358438749072,600.,102.772061958418));
#10603=CARTESIAN_POINT('Ctrl Pts',(304.358438749072,600.,102.772061958418));
#10604=CARTESIAN_POINT('Ctrl Pts',(304.041230279224,600.,102.484386699353));
#10605=CARTESIAN_POINT('Ctrl Pts',(303.385275348291,600.,101.889503451811));
#10606=CARTESIAN_POINT('Ctrl Pts',(303.086884964027,600.,101.054544605659));
#10607=CARTESIAN_POINT('Ctrl Pts',(302.932791013476,600.,100.623357429609));
#10608=CARTESIAN_POINT('',(304.358438749072,599.5,102.772061958418));
#10609=CARTESIAN_POINT('',(304.358438749072,600.,102.772061958418));
#10610=CARTESIAN_POINT('Ctrl Pts',(304.358438749072,599.5,102.772061958418));
#10611=CARTESIAN_POINT('Ctrl Pts',(304.041230279224,599.5,102.484386699353));
#10612=CARTESIAN_POINT('Ctrl Pts',(303.385275348291,599.5,101.889503451811));
#10613=CARTESIAN_POINT('Ctrl Pts',(303.086884964027,599.5,101.054544605659));
#10614=CARTESIAN_POINT('Ctrl Pts',(302.932791013476,599.5,100.623357429609));
#10615=CARTESIAN_POINT('Ctrl Pts',(306.882313985583,600.,103.536045684919));
#10616=CARTESIAN_POINT('Ctrl Pts',(306.882313985583,599.5,103.536045684919));
#10617=CARTESIAN_POINT('Ctrl Pts',(306.410153197838,600.,103.510129434467));
#10618=CARTESIAN_POINT('Ctrl Pts',(306.410153197838,599.5,103.510129434467));
#10619=CARTESIAN_POINT('Ctrl Pts',(305.505198931993,600.,103.460457750562));
#10620=CARTESIAN_POINT('Ctrl Pts',(305.505198931993,599.5,103.460457750562));
#10621=CARTESIAN_POINT('Ctrl Pts',(304.729443170764,600.,102.994774506833));
#10622=CARTESIAN_POINT('Ctrl Pts',(304.729443170764,599.5,102.994774506833));
#10623=CARTESIAN_POINT('Ctrl Pts',(304.358438749072,600.,102.772061958418));
#10624=CARTESIAN_POINT('Ctrl Pts',(304.358438749072,599.5,102.772061958418));
#10625=CARTESIAN_POINT('',(306.882313985583,600.,103.536045684919));
#10626=CARTESIAN_POINT('Ctrl Pts',(306.882313985583,600.,103.536045684919));
#10627=CARTESIAN_POINT('Ctrl Pts',(306.410153197838,600.,103.510129434467));
#10628=CARTESIAN_POINT('Ctrl Pts',(305.505198931993,600.,103.460457750562));
#10629=CARTESIAN_POINT('Ctrl Pts',(304.729443170764,600.,102.994774506833));
#10630=CARTESIAN_POINT('Ctrl Pts',(304.358438749072,600.,102.772061958418));
#10631=CARTESIAN_POINT('',(306.882313985583,599.5,103.536045684919));
#10632=CARTESIAN_POINT('',(306.882313985583,600.,103.536045684919));
#10633=CARTESIAN_POINT('Ctrl Pts',(306.882313985583,599.5,103.536045684919));
#10634=CARTESIAN_POINT('Ctrl Pts',(306.410153197838,599.5,103.510129434467));
#10635=CARTESIAN_POINT('Ctrl Pts',(305.505198931993,599.5,103.460457750562));
#10636=CARTESIAN_POINT('Ctrl Pts',(304.729443170764,599.5,102.994774506833));
#10637=CARTESIAN_POINT('Ctrl Pts',(304.358438749072,599.5,102.772061958418));
#10638=CARTESIAN_POINT('Ctrl Pts',(309.307278890368,600.,102.932362690077));
#10639=CARTESIAN_POINT('Ctrl Pts',(309.307278890368,599.5,102.932362690077));
#10640=CARTESIAN_POINT('Ctrl Pts',(308.927898464378,600.,103.108427366589));
#10641=CARTESIAN_POINT('Ctrl Pts',(308.927898464378,599.5,103.108427366589));
#10642=CARTESIAN_POINT('Ctrl Pts',(308.158644222578,600.,103.465426541981));
#10643=CARTESIAN_POINT('Ctrl Pts',(308.158644222578,599.5,103.465426541981));
#10644=CARTESIAN_POINT('Ctrl Pts',(307.311608865008,600.,103.512292869563));
#10645=CARTESIAN_POINT('Ctrl Pts',(307.311608865008,599.5,103.512292869563));
#10646=CARTESIAN_POINT('Ctrl Pts',(306.882313985583,600.,103.536045684919));
#10647=CARTESIAN_POINT('Ctrl Pts',(306.882313985583,599.5,103.536045684919));
#10648=CARTESIAN_POINT('',(309.307278890368,600.,102.932362690077));
#10649=CARTESIAN_POINT('Ctrl Pts',(309.307278890368,600.,102.932362690077));
#10650=CARTESIAN_POINT('Ctrl Pts',(308.927898464378,600.,103.108427366589));
#10651=CARTESIAN_POINT('Ctrl Pts',(308.158644222578,600.,103.465426541981));
#10652=CARTESIAN_POINT('Ctrl Pts',(307.311608865008,600.,103.512292869563));
#10653=CARTESIAN_POINT('Ctrl Pts',(306.882313985583,600.,103.536045684919));
#10654=CARTESIAN_POINT('',(309.307278890368,599.5,102.932362690077));
#10655=CARTESIAN_POINT('',(309.307278890368,600.,102.932362690077));
#10656=CARTESIAN_POINT('Ctrl Pts',(309.307278890368,599.5,102.932362690077));
#10657=CARTESIAN_POINT('Ctrl Pts',(308.927898464378,599.5,103.108427366589));
#10658=CARTESIAN_POINT('Ctrl Pts',(308.158644222578,599.5,103.465426541981));
#10659=CARTESIAN_POINT('Ctrl Pts',(307.311608865008,599.5,103.512292869563));
#10660=CARTESIAN_POINT('Ctrl Pts',(306.882313985583,599.5,103.536045684919));
#10661=CARTESIAN_POINT('Ctrl Pts',(311.005778808352,600.,101.165650024519));
#10662=CARTESIAN_POINT('Ctrl Pts',(311.005778808352,599.5,101.165650024519));
#10663=CARTESIAN_POINT('Ctrl Pts',(310.787783750353,600.,101.528921109784));
#10664=CARTESIAN_POINT('Ctrl Pts',(310.787783750353,599.5,101.528921109784));
#10665=CARTESIAN_POINT('Ctrl Pts',(310.356384412124,600.,102.247813121463));
#10666=CARTESIAN_POINT('Ctrl Pts',(310.356384412124,599.5,102.247813121463));
#10667=CARTESIAN_POINT('Ctrl Pts',(309.654490975329,600.,102.705804085581));
#10668=CARTESIAN_POINT('Ctrl Pts',(309.654490975329,599.5,102.705804085581));
#10669=CARTESIAN_POINT('Ctrl Pts',(309.307278890368,600.,102.932362690077));
#10670=CARTESIAN_POINT('Ctrl Pts',(309.307278890368,599.5,102.932362690077));
#10671=CARTESIAN_POINT('',(311.005778808352,600.,101.165650024519));
#10672=CARTESIAN_POINT('Ctrl Pts',(311.005778808352,600.,101.165650024519));
#10673=CARTESIAN_POINT('Ctrl Pts',(310.787783750353,600.,101.528921109784));
#10674=CARTESIAN_POINT('Ctrl Pts',(310.356384412124,600.,102.247813121463));
#10675=CARTESIAN_POINT('Ctrl Pts',(309.654490975329,600.,102.705804085581));
#10676=CARTESIAN_POINT('Ctrl Pts',(309.307278890368,600.,102.932362690077));
#10677=CARTESIAN_POINT('',(311.005778808352,599.5,101.165650024519));
#10678=CARTESIAN_POINT('',(311.005778808352,600.,101.165650024519));
#10679=CARTESIAN_POINT('Ctrl Pts',(311.005778808352,599.5,101.165650024519));
#10680=CARTESIAN_POINT('Ctrl Pts',(310.787783750353,599.5,101.528921109784));
#10681=CARTESIAN_POINT('Ctrl Pts',(310.356384412124,599.5,102.247813121463));
#10682=CARTESIAN_POINT('Ctrl Pts',(309.654490975329,599.5,102.705804085581));
#10683=CARTESIAN_POINT('Ctrl Pts',(309.307278890368,599.5,102.932362690077));
#10684=CARTESIAN_POINT('Ctrl Pts',(311.602640647647,600.,98.4405495072458));
#10685=CARTESIAN_POINT('Ctrl Pts',(311.602640647647,599.5,98.4405495072458));
#10686=CARTESIAN_POINT('Ctrl Pts',(311.582713884207,600.,98.9346901560508));
#10687=CARTESIAN_POINT('Ctrl Pts',(311.582713884207,599.5,98.9346901560508));
#10688=CARTESIAN_POINT('Ctrl Pts',(311.544624335019,600.,99.879228620878));
#10689=CARTESIAN_POINT('Ctrl Pts',(311.544624335019,599.5,99.879228620878));
#10690=CARTESIAN_POINT('Ctrl Pts',(311.179761557038,600.,100.750289553479));
#10691=CARTESIAN_POINT('Ctrl Pts',(311.179761557038,599.5,100.750289553479));
#10692=CARTESIAN_POINT('Ctrl Pts',(311.005778808352,600.,101.165650024519));
#10693=CARTESIAN_POINT('Ctrl Pts',(311.005778808352,599.5,101.165650024519));
#10694=CARTESIAN_POINT('',(311.602640647647,600.,98.4405495072458));
#10695=CARTESIAN_POINT('Ctrl Pts',(311.602640647647,600.,98.4405495072458));
#10696=CARTESIAN_POINT('Ctrl Pts',(311.582713884207,600.,98.9346901560508));
#10697=CARTESIAN_POINT('Ctrl Pts',(311.544624335019,600.,99.879228620878));
#10698=CARTESIAN_POINT('Ctrl Pts',(311.179761557038,600.,100.750289553479));
#10699=CARTESIAN_POINT('Ctrl Pts',(311.005778808352,600.,101.165650024519));
#10700=CARTESIAN_POINT('',(311.602640647647,599.5,98.4405495072458));
#10701=CARTESIAN_POINT('',(311.602640647647,600.,98.4405495072458));
#10702=CARTESIAN_POINT('Ctrl Pts',(311.602640647647,599.5,98.4405495072458));
#10703=CARTESIAN_POINT('Ctrl Pts',(311.582713884207,599.5,98.9346901560508));
#10704=CARTESIAN_POINT('Ctrl Pts',(311.544624335019,599.5,99.879228620878));
#10705=CARTESIAN_POINT('Ctrl Pts',(311.179761557038,599.5,100.750289553479));
#10706=CARTESIAN_POINT('Ctrl Pts',(311.005778808352,599.5,101.165650024519));
#10707=CARTESIAN_POINT('Ctrl Pts',(311.073991555926,600.,95.7597853089426));
#10708=CARTESIAN_POINT('Ctrl Pts',(311.073991555926,599.5,95.7597853089426));
#10709=CARTESIAN_POINT('Ctrl Pts',(311.228172553281,600.,96.1868557223926));
#10710=CARTESIAN_POINT('Ctrl Pts',(311.228172553281,599.5,96.1868557223926));
#10711=CARTESIAN_POINT('Ctrl Pts',(311.540977716971,600.,97.0533038118358));
#10712=CARTESIAN_POINT('Ctrl Pts',(311.540977716971,599.5,97.0533038118358));
#10713=CARTESIAN_POINT('Ctrl Pts',(311.581892615334,600.,97.9737760633346));
#10714=CARTESIAN_POINT('Ctrl Pts',(311.581892615334,599.5,97.9737760633346));
#10715=CARTESIAN_POINT('Ctrl Pts',(311.602640647647,600.,98.4405495072458));
#10716=CARTESIAN_POINT('Ctrl Pts',(311.602640647647,599.5,98.4405495072458));
#10717=CARTESIAN_POINT('',(311.073991555926,600.,95.7597853089426));
#10718=CARTESIAN_POINT('Ctrl Pts',(311.073991555926,600.,95.7597853089426));
#10719=CARTESIAN_POINT('Ctrl Pts',(311.228172553281,600.,96.1868557223926));
#10720=CARTESIAN_POINT('Ctrl Pts',(311.540977716971,600.,97.0533038118358));
#10721=CARTESIAN_POINT('Ctrl Pts',(311.581892615334,600.,97.9737760633346));
#10722=CARTESIAN_POINT('Ctrl Pts',(311.602640647647,600.,98.4405495072458));
#10723=CARTESIAN_POINT('',(311.073991555926,599.5,95.7597853089426));
#10724=CARTESIAN_POINT('',(311.073991555926,600.,95.7597853089426));
#10725=CARTESIAN_POINT('Ctrl Pts',(311.073991555926,599.5,95.7597853089426));
#10726=CARTESIAN_POINT('Ctrl Pts',(311.228172553281,599.5,96.1868557223926));
#10727=CARTESIAN_POINT('Ctrl Pts',(311.540977716971,599.5,97.0533038118358));
#10728=CARTESIAN_POINT('Ctrl Pts',(311.581892615334,599.5,97.9737760633346));
#10729=CARTESIAN_POINT('Ctrl Pts',(311.602640647647,599.5,98.4405495072458));
#10730=CARTESIAN_POINT('Ctrl Pts',(309.532381791827,600.,93.8532353783701));
#10731=CARTESIAN_POINT('Ctrl Pts',(309.532381791827,599.5,93.8532353783701));
#10732=CARTESIAN_POINT('Ctrl Pts',(309.852365657876,600.,94.1032996880476));
#10733=CARTESIAN_POINT('Ctrl Pts',(309.852365657876,599.5,94.1032996880476));
#10734=CARTESIAN_POINT('Ctrl Pts',(310.512638388137,600.,94.6192964679183));
#10735=CARTESIAN_POINT('Ctrl Pts',(310.512638388137,599.5,94.6192964679183));
#10736=CARTESIAN_POINT('Ctrl Pts',(310.883076540855,600.,95.3719074866248));
#10737=CARTESIAN_POINT('Ctrl Pts',(310.883076540855,599.5,95.3719074866248));
#10738=CARTESIAN_POINT('Ctrl Pts',(311.073991555926,600.,95.7597853089426));
#10739=CARTESIAN_POINT('Ctrl Pts',(311.073991555926,599.5,95.7597853089426));
#10740=CARTESIAN_POINT('',(309.532381791827,600.,93.8532353783701));
#10741=CARTESIAN_POINT('Ctrl Pts',(309.532381791827,600.,93.8532353783701));
#10742=CARTESIAN_POINT('Ctrl Pts',(309.852365657876,600.,94.1032996880476));
#10743=CARTESIAN_POINT('Ctrl Pts',(310.512638388137,600.,94.6192964679183));
#10744=CARTESIAN_POINT('Ctrl Pts',(310.883076540855,600.,95.3719074866248));
#10745=CARTESIAN_POINT('Ctrl Pts',(311.073991555926,600.,95.7597853089426));
#10746=CARTESIAN_POINT('',(309.532381791827,599.5,93.8532353783701));
#10747=CARTESIAN_POINT('',(309.532381791827,600.,93.8532353783701));
#10748=CARTESIAN_POINT('Ctrl Pts',(309.532381791827,599.5,93.8532353783701));
#10749=CARTESIAN_POINT('Ctrl Pts',(309.852365657876,599.5,94.1032996880476));
#10750=CARTESIAN_POINT('Ctrl Pts',(310.512638388137,599.5,94.6192964679183));
#10751=CARTESIAN_POINT('Ctrl Pts',(310.883076540855,599.5,95.3719074866248));
#10752=CARTESIAN_POINT('Ctrl Pts',(311.073991555926,599.5,95.7597853089426));
#10753=CARTESIAN_POINT('Ctrl Pts',(306.902777452227,600.,93.1949831391428));
#10754=CARTESIAN_POINT('Ctrl Pts',(306.902777452227,599.5,93.1949831391428));
#10755=CARTESIAN_POINT('Ctrl Pts',(307.401034660955,600.,93.2129182067768));
#10756=CARTESIAN_POINT('Ctrl Pts',(307.401034660955,599.5,93.2129182067768));
#10757=CARTESIAN_POINT('Ctrl Pts',(308.326379413993,600.,93.2462265472078));
#10758=CARTESIAN_POINT('Ctrl Pts',(308.326379413993,599.5,93.2462265472078));
#10759=CARTESIAN_POINT('Ctrl Pts',(309.151535671107,600.,93.6615467359265));
#10760=CARTESIAN_POINT('Ctrl Pts',(309.151535671107,599.5,93.6615467359265));
#10761=CARTESIAN_POINT('Ctrl Pts',(309.532381791827,600.,93.8532353783701));
#10762=CARTESIAN_POINT('Ctrl Pts',(309.532381791827,599.5,93.8532353783701));
#10763=CARTESIAN_POINT('',(306.902777452227,600.,93.1949831391428));
#10764=CARTESIAN_POINT('Ctrl Pts',(306.902777452227,600.,93.1949831391428));
#10765=CARTESIAN_POINT('Ctrl Pts',(307.401034660955,600.,93.2129182067768));
#10766=CARTESIAN_POINT('Ctrl Pts',(308.326379413993,600.,93.2462265472078));
#10767=CARTESIAN_POINT('Ctrl Pts',(309.151535671107,600.,93.6615467359265));
#10768=CARTESIAN_POINT('Ctrl Pts',(309.532381791827,600.,93.8532353783701));
#10769=CARTESIAN_POINT('',(306.902777452227,599.5,93.1949831391428));
#10770=CARTESIAN_POINT('',(306.902777452227,600.,93.1949831391428));
#10771=CARTESIAN_POINT('Ctrl Pts',(306.902777452227,599.5,93.1949831391428));
#10772=CARTESIAN_POINT('Ctrl Pts',(307.401034660955,599.5,93.2129182067768));
#10773=CARTESIAN_POINT('Ctrl Pts',(308.326379413993,599.5,93.2462265472078));
#10774=CARTESIAN_POINT('Ctrl Pts',(309.151535671107,599.5,93.6615467359265));
#10775=CARTESIAN_POINT('Ctrl Pts',(309.532381791827,599.5,93.8532353783701));
#10776=CARTESIAN_POINT('Ctrl Pts',(304.259530801531,600.,94.0510536576364));
#10777=CARTESIAN_POINT('Ctrl Pts',(304.259530801531,599.5,94.0510536576364));
#10778=CARTESIAN_POINT('Ctrl Pts',(304.648238843728,600.,93.8014448933872));
#10779=CARTESIAN_POINT('Ctrl Pts',(304.648238843728,599.5,93.8014448933872));
#10780=CARTESIAN_POINT('Ctrl Pts',(305.452890214385,600.,93.2847382331747));
#10781=CARTESIAN_POINT('Ctrl Pts',(305.452890214385,599.5,93.2847382331747));
#10782=CARTESIAN_POINT('Ctrl Pts',(306.408697866238,600.,93.2255690761331));
#10783=CARTESIAN_POINT('Ctrl Pts',(306.408697866238,599.5,93.2255690761331));
#10784=CARTESIAN_POINT('Ctrl Pts',(306.902777452227,600.,93.1949831391428));
#10785=CARTESIAN_POINT('Ctrl Pts',(306.902777452227,599.5,93.1949831391428));
#10786=CARTESIAN_POINT('',(304.259530801531,600.,94.0510536576364));
#10787=CARTESIAN_POINT('Ctrl Pts',(304.259530801531,600.,94.0510536576364));
#10788=CARTESIAN_POINT('Ctrl Pts',(304.648238843728,600.,93.8014448933872));
#10789=CARTESIAN_POINT('Ctrl Pts',(305.452890214385,600.,93.2847382331747));
#10790=CARTESIAN_POINT('Ctrl Pts',(306.408697866238,600.,93.2255690761331));
#10791=CARTESIAN_POINT('Ctrl Pts',(306.902777452227,600.,93.1949831391428));
#10792=CARTESIAN_POINT('',(304.259530801531,599.5,94.0510536576364));
#10793=CARTESIAN_POINT('',(304.259530801531,600.,94.0510536576364));
#10794=CARTESIAN_POINT('Ctrl Pts',(304.259530801531,599.5,94.0510536576364));
#10795=CARTESIAN_POINT('Ctrl Pts',(304.648238843728,599.5,93.8014448933872));
#10796=CARTESIAN_POINT('Ctrl Pts',(305.452890214385,599.5,93.2847382331747));
#10797=CARTESIAN_POINT('Ctrl Pts',(306.408697866238,599.5,93.2255690761331));
#10798=CARTESIAN_POINT('Ctrl Pts',(306.902777452227,599.5,93.1949831391428));
#10799=CARTESIAN_POINT('Ctrl Pts',(302.762257356402,600.,96.5374113465402));
#10800=CARTESIAN_POINT('Ctrl Pts',(302.762257356402,599.5,96.5374113465402));
#10801=CARTESIAN_POINT('Ctrl Pts',(302.918073072459,600.,96.0349600758431));
#10802=CARTESIAN_POINT('Ctrl Pts',(302.918073072459,599.5,96.0349600758431));
#10803=CARTESIAN_POINT('Ctrl Pts',(303.213835961246,600.,95.0812280451034));
#10804=CARTESIAN_POINT('Ctrl Pts',(303.213835961246,599.5,95.0812280451034));
#10805=CARTESIAN_POINT('Ctrl Pts',(303.92366057644,600.,94.3819388165493));
#10806=CARTESIAN_POINT('Ctrl Pts',(303.92366057644,599.5,94.3819388165493));
#10807=CARTESIAN_POINT('Ctrl Pts',(304.259530801531,600.,94.0510536576364));
#10808=CARTESIAN_POINT('Ctrl Pts',(304.259530801531,599.5,94.0510536576364));
#10809=CARTESIAN_POINT('',(302.762257356402,600.,96.5374113465402));
#10810=CARTESIAN_POINT('Ctrl Pts',(302.762257356402,600.,96.5374113465402));
#10811=CARTESIAN_POINT('Ctrl Pts',(302.918073072459,600.,96.0349600758431));
#10812=CARTESIAN_POINT('Ctrl Pts',(303.213835961246,600.,95.0812280451034));
#10813=CARTESIAN_POINT('Ctrl Pts',(303.92366057644,600.,94.3819388165493));
#10814=CARTESIAN_POINT('Ctrl Pts',(304.259530801531,600.,94.0510536576364));
#10815=CARTESIAN_POINT('',(302.762257356402,599.5,96.5374113465402));
#10816=CARTESIAN_POINT('',(302.762257356402,600.,96.5374113465402));
#10817=CARTESIAN_POINT('Ctrl Pts',(302.762257356402,599.5,96.5374113465402));
#10818=CARTESIAN_POINT('Ctrl Pts',(302.918073072459,599.5,96.0349600758431));
#10819=CARTESIAN_POINT('Ctrl Pts',(303.213835961246,599.5,95.0812280451034));
#10820=CARTESIAN_POINT('Ctrl Pts',(303.92366057644,599.5,94.3819388165493));
#10821=CARTESIAN_POINT('Ctrl Pts',(304.259530801531,599.5,94.0510536576364));
#10822=CARTESIAN_POINT('Origin',(304.085587758776,600.,96.8716527367685));
#10823=CARTESIAN_POINT('',(304.085587758776,600.,96.8716527367685));
#10824=CARTESIAN_POINT('',(400.650896731297,600.,121.261724226768));
#10825=CARTESIAN_POINT('',(304.085587758776,599.5,96.8716527367685));
#10826=CARTESIAN_POINT('',(304.085587758776,600.,96.8716527367685));
#10827=CARTESIAN_POINT('',(304.085587758776,599.5,96.8716527367685));
#10828=CARTESIAN_POINT('Ctrl Pts',(305.129243631121,600.,94.9685145760629));
#10829=CARTESIAN_POINT('Ctrl Pts',(305.129243631121,599.5,94.9685145760629));
#10830=CARTESIAN_POINT('Ctrl Pts',(304.890530152978,600.,95.2208589221745));
#10831=CARTESIAN_POINT('Ctrl Pts',(304.890530152978,599.5,95.2208589221745));
#10832=CARTESIAN_POINT('Ctrl Pts',(304.378129024599,600.,95.7625188598254));
#10833=CARTESIAN_POINT('Ctrl Pts',(304.378129024599,599.5,95.7625188598254));
#10834=CARTESIAN_POINT('Ctrl Pts',(304.187440035285,600.,96.4854924800196));
#10835=CARTESIAN_POINT('Ctrl Pts',(304.187440035285,599.5,96.4854924800196));
#10836=CARTESIAN_POINT('Ctrl Pts',(304.085587758776,600.,96.8716527367685));
#10837=CARTESIAN_POINT('Ctrl Pts',(304.085587758776,599.5,96.8716527367685));
#10838=CARTESIAN_POINT('Ctrl Pts',(305.129243631121,600.,94.9685145760629));
#10839=CARTESIAN_POINT('Ctrl Pts',(304.890530152978,600.,95.2208589221745));
#10840=CARTESIAN_POINT('Ctrl Pts',(304.378129024599,600.,95.7625188598254));
#10841=CARTESIAN_POINT('Ctrl Pts',(304.187440035285,600.,96.4854924800196));
#10842=CARTESIAN_POINT('Ctrl Pts',(304.085587758776,600.,96.8716527367685));
#10843=CARTESIAN_POINT('Ctrl Pts',(305.129243631121,599.5,94.9685145760629));
#10844=CARTESIAN_POINT('Ctrl Pts',(304.890530152978,599.5,95.2208589221745));
#10845=CARTESIAN_POINT('Ctrl Pts',(304.378129024599,599.5,95.7625188598254));
#10846=CARTESIAN_POINT('Ctrl Pts',(304.187440035285,599.5,96.4854924800196));
#10847=CARTESIAN_POINT('Ctrl Pts',(304.085587758776,599.5,96.8716527367685));
#10848=CARTESIAN_POINT('Origin',(293.304549355265,599.5,106.083796157942));
#10849=CARTESIAN_POINT('Origin',(285.180403489825,600.,113.208625450239));
#10850=CARTESIAN_POINT('',(285.180403489825,600.,113.208625450239));
#10851=CARTESIAN_POINT('',(285.180403489825,600.,111.973973646269));
#10852=CARTESIAN_POINT('',(285.180403489825,600.,92.6326720688276));
#10853=CARTESIAN_POINT('',(285.180403489825,599.5,113.208625450239));
#10854=CARTESIAN_POINT('',(285.180403489825,600.,113.208625450239));
#10855=CARTESIAN_POINT('',(285.180403489825,599.5,111.973973646269));
#10856=CARTESIAN_POINT('',(285.180403489825,599.5,113.208625450239));
#10857=CARTESIAN_POINT('',(285.180403489825,600.,111.973973646269));
#10858=CARTESIAN_POINT('Origin',(288.95257164931,600.,113.208625450239));
#10859=CARTESIAN_POINT('',(288.95257164931,600.,113.208625450239));
#10860=CARTESIAN_POINT('',(402.378560720111,600.,113.208625450239));
#10861=CARTESIAN_POINT('',(288.95257164931,599.5,113.208625450239));
#10862=CARTESIAN_POINT('',(288.95257164931,600.,113.208625450239));
#10863=CARTESIAN_POINT('',(288.95257164931,599.5,113.208625450239));
#10864=CARTESIAN_POINT('Origin',(288.95257164931,600.,111.973973646269));
#10865=CARTESIAN_POINT('',(288.95257164931,600.,111.973973646269));
#10866=CARTESIAN_POINT('',(288.95257164931,600.,92.0153461668424));
#10867=CARTESIAN_POINT('',(288.95257164931,599.5,111.973973646269));
#10868=CARTESIAN_POINT('',(288.95257164931,600.,111.973973646269));
#10869=CARTESIAN_POINT('',(288.95257164931,599.5,111.973973646269));
#10870=CARTESIAN_POINT('Origin',(285.180403489825,600.,111.973973646269));
#10871=CARTESIAN_POINT('',(400.492476640369,600.,111.973973646269));
#10872=CARTESIAN_POINT('',(285.180403489825,599.5,111.973973646269));
#10873=CARTESIAN_POINT('Origin',(293.304549355265,599.5,106.083796157942));
#10874=CARTESIAN_POINT('Origin',(297.595137853381,600.,113.208625450239));
#10875=CARTESIAN_POINT('',(297.595137853381,600.,113.208625450239));
#10876=CARTESIAN_POINT('',(297.595137853381,600.,111.973973646269));
#10877=CARTESIAN_POINT('',(297.595137853381,600.,92.6326720688276));
#10878=CARTESIAN_POINT('',(297.595137853381,599.5,113.208625450239));
#10879=CARTESIAN_POINT('',(297.595137853381,600.,113.208625450239));
#10880=CARTESIAN_POINT('',(297.595137853381,599.5,111.973973646269));
#10881=CARTESIAN_POINT('',(297.595137853381,599.5,113.208625450239));
#10882=CARTESIAN_POINT('',(297.595137853381,600.,111.973973646269));
#10883=CARTESIAN_POINT('Origin',(301.367308397051,600.,113.208625450239));
#10884=CARTESIAN_POINT('',(301.367308397051,600.,113.208625450239));
#10885=CARTESIAN_POINT('',(408.585929093982,600.,113.208625450239));
#10886=CARTESIAN_POINT('',(301.367308397051,599.5,113.208625450239));
#10887=CARTESIAN_POINT('',(301.367308397051,600.,113.208625450239));
#10888=CARTESIAN_POINT('',(301.367308397051,599.5,113.208625450239));
#10889=CARTESIAN_POINT('Origin',(301.367308397051,600.,111.973973646269));
#10890=CARTESIAN_POINT('',(301.367308397051,600.,111.973973646269));
#10891=CARTESIAN_POINT('',(301.367308397052,600.,92.0153461668424));
#10892=CARTESIAN_POINT('',(301.367308397051,599.5,111.973973646269));
#10893=CARTESIAN_POINT('',(301.367308397051,600.,111.973973646269));
#10894=CARTESIAN_POINT('',(301.367308397051,599.5,111.973973646269));
#10895=CARTESIAN_POINT('Origin',(297.595137853381,600.,111.973973646269));
#10896=CARTESIAN_POINT('',(406.699843822147,600.,111.973973646269));
#10897=CARTESIAN_POINT('',(297.595137853381,599.5,111.973973646269));
#10898=CARTESIAN_POINT('Origin',(293.304549355265,599.5,106.083796157942));
#10899=CARTESIAN_POINT('Origin',(515.804549790913,600.,72.0567186874162));
#10900=CARTESIAN_POINT('',(513.304549790913,600.,129.556718687416));
#10901=CARTESIAN_POINT('',(73.3045497909127,600.,129.556718687416));
#10902=CARTESIAN_POINT('',(404.554549790913,600.,129.556718687416));
#10903=CARTESIAN_POINT('',(513.304549790913,600.,72.0567186874162));
#10904=CARTESIAN_POINT('',(513.304549790913,600.,72.0567186874162));
#10905=CARTESIAN_POINT('',(73.3045497909127,600.,72.0567186874162));
#10906=CARTESIAN_POINT('',(70.8045497909127,600.,72.0567186874162));
#10907=CARTESIAN_POINT('',(73.3045497909127,600.,72.0567186874162));
#10908=CARTESIAN_POINT('',(367.304549790913,600.,122.056718687416));
#10909=CARTESIAN_POINT('Origin',(365.804549790913,600.,122.056718687416));
#10910=CARTESIAN_POINT('',(222.304549790913,600.,122.056718687416));
#10911=CARTESIAN_POINT('Origin',(220.804549790913,600.,122.056718687416));
#10912=CARTESIAN_POINT('',(331.304549790913,600.,122.056718687416));
#10913=CARTESIAN_POINT('Origin',(329.804549790913,600.,122.056718687416));
#10914=CARTESIAN_POINT('',(258.304549790913,600.,122.056718687416));
#10915=CARTESIAN_POINT('Origin',(256.804549790913,600.,122.056718687416));
#10916=CARTESIAN_POINT('',(112.304549790913,600.,124.556718687416));
#10917=CARTESIAN_POINT('Origin',(110.804549790913,600.,124.556718687416));
#10918=CARTESIAN_POINT('',(507.304549790913,600.,124.556718687416));
#10919=CARTESIAN_POINT('Origin',(505.804549790913,600.,124.556718687416));
#10920=CARTESIAN_POINT('',(82.3045497909127,600.,124.556718687416));
#10921=CARTESIAN_POINT('Origin',(80.8045497909127,600.,124.556718687416));
#10922=CARTESIAN_POINT('',(477.304549790913,600.,124.556718687416));
#10923=CARTESIAN_POINT('Origin',(475.804549790913,600.,124.556718687416));
#10924=CARTESIAN_POINT('Origin',(404.554549790913,597.5,129.556718687416));
#10925=CARTESIAN_POINT('',(513.304549790913,597.5,132.056718687416));
#10926=CARTESIAN_POINT('Origin',(513.304549790913,597.5,129.556718687416));
#10927=CARTESIAN_POINT('Origin',(73.3045497909127,597.5,129.556718687416));
#10928=CARTESIAN_POINT('',(73.3045497909126,597.5,132.056718687416));
#10929=CARTESIAN_POINT('Origin',(73.3045497909127,597.5,129.556718687416));
#10930=CARTESIAN_POINT('Origin',(73.3045497909127,597.5,129.556718687416));
#10931=CARTESIAN_POINT('Origin',(513.304549790913,352.5,129.556718687416));
#10932=CARTESIAN_POINT('',(515.804549790913,597.5,129.556718687416));
#10933=CARTESIAN_POINT('',(515.804549790913,352.5,129.556718687416));
#10934=CARTESIAN_POINT('Origin',(513.304549790913,597.5,129.556718687416));
#10935=CARTESIAN_POINT('',(513.304549790913,597.5,132.056718687416));
#10936=CARTESIAN_POINT('Origin',(513.304549790913,597.5,129.556718687416));
#10937=CARTESIAN_POINT('Origin',(513.304549790913,597.5,129.556718687416));
#10938=CARTESIAN_POINT('Origin',(513.304549790913,597.5,72.0567186874162));
#10939=CARTESIAN_POINT('',(515.804549790913,597.5,72.0567186874162));
#10940=CARTESIAN_POINT('',(515.804549790913,597.5,72.0567186874162));
#10941=CARTESIAN_POINT('Origin',(513.304549790913,597.5,72.0567186874162));
#10942=CARTESIAN_POINT('Origin',(515.804549790913,270.,72.0567186874162));
#10943=CARTESIAN_POINT('',(515.804549790913,272.5,72.0567186874162));
#10944=CARTESIAN_POINT('',(515.804549790913,272.5,72.0567186874162));
#10945=CARTESIAN_POINT('',(515.804549790913,600.,72.0567186874162));
#10946=CARTESIAN_POINT('Origin',(513.304549790913,272.5,72.0567186874162));
#10947=CARTESIAN_POINT('',(513.304549790913,270.,72.0567186874162));
#10948=CARTESIAN_POINT('',(513.304549790913,270.,72.0567186874162));
#10949=CARTESIAN_POINT('Origin',(513.304549790913,272.5,72.0567186874162));
#10950=CARTESIAN_POINT('Origin',(70.8045497909127,270.,72.0567186874162));
#10951=CARTESIAN_POINT('',(515.804549790913,270.,72.0567186874162));
#10952=CARTESIAN_POINT('Origin',(293.304549790913,435.,72.0567186874162));
#10953=CARTESIAN_POINT('',(70.8045497909127,597.5,72.0567186874162));
#10954=CARTESIAN_POINT('',(70.8045497909127,270.,72.0567186874162));
#10955=CARTESIAN_POINT('Origin',(73.3045497909127,597.5,72.0567186874162));
#10956=CARTESIAN_POINT('Origin',(515.804549790913,600.,72.0567186874162));
#10957=CARTESIAN_POINT('Origin',(73.3045497909127,597.5,72.0567186874162));
#10958=CARTESIAN_POINT('',(70.8045497909127,597.5,72.0567186874162));
#10959=CARTESIAN_POINT('Origin',(475.804549790913,600.,124.556718687416));
#10960=CARTESIAN_POINT('',(477.304549790913,597.5,124.556718687416));
#10961=CARTESIAN_POINT('',(477.304549790913,600.,124.556718687416));
#10962=CARTESIAN_POINT('Origin',(475.804549790913,597.5,124.556718687416));
#10963=CARTESIAN_POINT('Origin',(80.8045497909127,600.,124.556718687416));
#10964=CARTESIAN_POINT('',(82.3045497909127,597.5,124.556718687416));
#10965=CARTESIAN_POINT('',(82.3045497909127,600.,124.556718687416));
#10966=CARTESIAN_POINT('Origin',(80.8045497909127,597.5,124.556718687416));
#10967=CARTESIAN_POINT('Origin',(505.804549790913,600.,124.556718687416));
#10968=CARTESIAN_POINT('',(507.304549790913,597.5,124.556718687416));
#10969=CARTESIAN_POINT('',(507.304549790913,600.,124.556718687416));
#10970=CARTESIAN_POINT('Origin',(505.804549790913,597.5,124.556718687416));
#10971=CARTESIAN_POINT('Origin',(110.804549790913,600.,124.556718687416));
#10972=CARTESIAN_POINT('',(112.304549790913,597.5,124.556718687416));
#10973=CARTESIAN_POINT('',(112.304549790913,600.,124.556718687416));
#10974=CARTESIAN_POINT('Origin',(110.804549790913,597.5,124.556718687416));
#10975=CARTESIAN_POINT('Origin',(256.804549790913,600.,122.056718687416));
#10976=CARTESIAN_POINT('',(258.304549790913,597.5,122.056718687416));
#10977=CARTESIAN_POINT('',(258.304549790913,600.,122.056718687416));
#10978=CARTESIAN_POINT('Origin',(256.804549790913,597.5,122.056718687416));
#10979=CARTESIAN_POINT('Origin',(329.804549790913,600.,122.056718687416));
#10980=CARTESIAN_POINT('',(331.304549790913,597.5,122.056718687416));
#10981=CARTESIAN_POINT('',(331.304549790913,600.,122.056718687416));
#10982=CARTESIAN_POINT('Origin',(329.804549790913,597.5,122.056718687416));
#10983=CARTESIAN_POINT('Origin',(220.804549790913,600.,122.056718687416));
#10984=CARTESIAN_POINT('',(222.304549790913,597.5,122.056718687416));
#10985=CARTESIAN_POINT('',(222.304549790913,600.,122.056718687416));
#10986=CARTESIAN_POINT('Origin',(220.804549790913,597.5,122.056718687416));
#10987=CARTESIAN_POINT('Origin',(365.804549790913,600.,122.056718687416));
#10988=CARTESIAN_POINT('',(367.304549790913,597.5,122.056718687416));
#10989=CARTESIAN_POINT('',(367.304549790913,600.,122.056718687416));
#10990=CARTESIAN_POINT('Origin',(365.804549790913,597.5,122.056718687416));
#10991=CARTESIAN_POINT('Origin',(513.304549790913,597.5,72.0567186874162));
#10992=CARTESIAN_POINT('',(513.304549790913,597.5,82.0567186874162));
#10993=CARTESIAN_POINT('',(513.304549790913,597.5,72.0567186874162));
#10994=CARTESIAN_POINT('',(513.304549790913,272.5,82.0567186874162));
#10995=CARTESIAN_POINT('',(513.304549790913,597.5,82.0567186874162));
#10996=CARTESIAN_POINT('',(513.304549790913,272.5,72.0567186874162));
#10997=CARTESIAN_POINT('Origin',(513.304549790913,272.5,72.0567186874162));
#10998=CARTESIAN_POINT('',(513.304549790913,272.5,82.0567186874162));
#10999=CARTESIAN_POINT('Origin',(73.3045497909126,597.5,72.0567186874162));
#11000=CARTESIAN_POINT('',(73.3045497909126,597.5,82.0567186874162));
#11001=CARTESIAN_POINT('Origin',(70.8045497909127,600.,72.0567186874162));
#11002=CARTESIAN_POINT('Origin',(293.304549790913,435.,82.0567186874162));
#11003=CARTESIAN_POINT('Origin',(515.804549790913,272.,136.556783256233));
#11004=CARTESIAN_POINT('',(73.3045497909127,270.,136.556783256233));
#11005=CARTESIAN_POINT('',(70.8550600481295,272.,134.556783256233));
#11006=CARTESIAN_POINT('Ctrl Pts',(73.3045497909127,270.,136.556783256233));
#11007=CARTESIAN_POINT('Ctrl Pts',(73.0178637108204,270.,136.300363430917));
#11008=CARTESIAN_POINT('Ctrl Pts',(72.7067538096292,270.05164420065,136.021937462884));
#11009=CARTESIAN_POINT('Ctrl Pts',(72.1109734821659,270.280274253521,135.496267719617));
#11010=CARTESIAN_POINT('Ctrl Pts',(71.8262263320534,270.457140704874,135.249058980203));
#11011=CARTESIAN_POINT('Ctrl Pts',(71.4243692989273,270.837221306716,134.916807203155));
#11012=CARTESIAN_POINT('Ctrl Pts',(71.2627128474295,271.034035991383,134.788605909525));
#11013=CARTESIAN_POINT('Ctrl Pts',(71.0039064938849,271.487483554635,134.608228766072));
#11014=CARTESIAN_POINT('Ctrl Pts',(70.9071831737312,271.744649876954,134.556783256233));
#11015=CARTESIAN_POINT('Ctrl Pts',(70.8550600481295,272.,134.556783256233));
#11016=CARTESIAN_POINT('',(515.754039533696,272.,134.556783256233));
#11017=CARTESIAN_POINT('',(515.804549790913,272.,134.556783256233));
#11018=CARTESIAN_POINT('',(513.304549790913,270.,136.556783256233));
#11019=CARTESIAN_POINT('Ctrl Pts',(515.754039533696,272.,134.556783256233));
#11020=CARTESIAN_POINT('Ctrl Pts',(515.701916408094,271.744649876954,134.556783256233));
#11021=CARTESIAN_POINT('Ctrl Pts',(515.605193087941,271.487483554635,134.608228766072));
#11022=CARTESIAN_POINT('Ctrl Pts',(515.346386734396,271.034035991383,134.788605909525));
#11023=CARTESIAN_POINT('Ctrl Pts',(515.184730282898,270.837221306716,134.916807203155));
#11024=CARTESIAN_POINT('Ctrl Pts',(514.782873249772,270.457140704874,135.249058980203));
#11025=CARTESIAN_POINT('Ctrl Pts',(514.498126099659,270.280274253521,135.496267719617));
#11026=CARTESIAN_POINT('Ctrl Pts',(513.902345772196,270.05164420065,136.021937462884));
#11027=CARTESIAN_POINT('Ctrl Pts',(513.591235871005,270.,136.300363430917));
#11028=CARTESIAN_POINT('Ctrl Pts',(513.304549790913,270.,136.556783256233));
#11029=CARTESIAN_POINT('',(515.804549790913,270.,136.556783256233));
#11030=CARTESIAN_POINT('Origin',(513.304549790913,272.5,172.056718687416));
#11031=CARTESIAN_POINT('',(515.804549790913,272.5,134.556783256233));
#11032=CARTESIAN_POINT('Origin',(513.304549790913,272.5,134.556783256233));
#11033=CARTESIAN_POINT('',(515.804549790913,272.5,172.056718687416));
#11034=CARTESIAN_POINT('',(515.804549790913,272.5,172.056718687416));
#11035=CARTESIAN_POINT('',(513.304549790913,270.,172.056718687416));
#11036=CARTESIAN_POINT('Origin',(513.304549790913,272.5,172.056718687416));
#11037=CARTESIAN_POINT('',(513.304549790913,270.,172.056718687416));
#11038=CARTESIAN_POINT('Origin',(70.8045497909127,275.000099323672,134.556783256233));
#11039=CARTESIAN_POINT('',(70.8045497909127,272.5,134.556783256233));
#11040=CARTESIAN_POINT('Origin',(73.3045497909127,272.5,134.556783256233));
#11041=CARTESIAN_POINT('',(70.8045497909127,275.000099323672,134.556783256233));
#11042=CARTESIAN_POINT('',(70.8045497909127,272.500049661836,134.556783256233));
#11043=CARTESIAN_POINT('',(73.3045497909127,275.000099323672,134.556783256233));
#11044=CARTESIAN_POINT('',(70.8045497909127,275.000099323672,134.556783256233));
#11045=CARTESIAN_POINT('',(73.3045497909127,272.5,134.556783256233));
#11046=CARTESIAN_POINT('',(73.3045497909127,436.250049661836,134.556783256233));
#11047=CARTESIAN_POINT('',(513.304549790913,272.5,134.556783256233));
#11048=CARTESIAN_POINT('',(72.0545497909127,272.5,134.556783256233));
#11049=CARTESIAN_POINT('',(513.304549790913,275.000099323672,134.556783256233));
#11050=CARTESIAN_POINT('',(513.304549790913,273.750049661836,134.556783256233));
#11051=CARTESIAN_POINT('',(515.804549790913,275.000099323672,134.556783256233));
#11052=CARTESIAN_POINT('',(70.8045497909127,275.000099323672,134.556783256233));
#11053=CARTESIAN_POINT('',(515.804549790913,437.500049661836,134.556783256233));
#11054=CARTESIAN_POINT('Origin',(70.8045497909127,275.000099323672,129.556718687416));
#11055=CARTESIAN_POINT('',(73.3045497909127,275.000099323672,132.056718687416));
#11056=CARTESIAN_POINT('',(73.3045497909127,275.000099323672,150.806718687416));
#11057=CARTESIAN_POINT('',(70.8045497909127,275.000099323672,134.556718687416));
#11058=CARTESIAN_POINT('',(70.8045497909127,275.000099323672,150.806718687416));
#11059=CARTESIAN_POINT('Origin',(73.3045497909127,275.000099323672,134.556718687416));
#11060=CARTESIAN_POINT('Origin',(70.8045497909127,275.000099323672,129.556718687416));
#11061=CARTESIAN_POINT('',(513.304549790913,275.000099323672,132.056718687416));
#11062=CARTESIAN_POINT('',(513.304549790913,275.000099323672,150.806718687416));
#11063=CARTESIAN_POINT('',(515.804549790913,275.000099323672,134.556718687416));
#11064=CARTESIAN_POINT('Origin',(513.304549790913,275.000099323672,134.556718687416));
#11065=CARTESIAN_POINT('',(515.804549790913,275.000099323672,150.806718687416));
#11066=CARTESIAN_POINT('Origin',(73.3045497909127,272.5,172.056718687416));
#11067=CARTESIAN_POINT('',(73.3045497909127,272.5,162.056718687416));
#11068=CARTESIAN_POINT('',(73.3045497909127,272.5,172.056718687416));
#11069=CARTESIAN_POINT('',(513.304549790913,272.5,162.056718687416));
#11070=CARTESIAN_POINT('',(73.3045497909127,272.5,162.056718687416));
#11071=CARTESIAN_POINT('',(513.304549790913,272.5,172.056718687416));
#11072=CARTESIAN_POINT('Origin',(73.3045497909127,352.5,134.556718687416));
#11073=CARTESIAN_POINT('',(70.8045497909127,597.5,134.556718687416));
#11074=CARTESIAN_POINT('',(70.8045497909127,352.5,134.556718687416));
#11075=CARTESIAN_POINT('',(73.3045497909127,597.5,132.056718687416));
#11076=CARTESIAN_POINT('Origin',(73.3045497909127,597.5,134.556718687416));
#11077=CARTESIAN_POINT('',(73.3045497909127,597.5,132.056718687416));
#11078=CARTESIAN_POINT('Origin',(70.8045497909127,270.,172.056718687416));
#11079=CARTESIAN_POINT('',(70.8045497909127,272.5,172.056718687416));
#11080=CARTESIAN_POINT('',(70.8045497909127,272.5,172.056718687416));
#11081=CARTESIAN_POINT('',(70.8045497909127,597.5,172.056718687416));
#11082=CARTESIAN_POINT('',(70.8045497909127,270.,172.056718687416));
#11083=CARTESIAN_POINT('',(70.8045497909127,597.5,172.056718687416));
#11084=CARTESIAN_POINT('Origin',(73.3045497909127,272.5,172.056718687416));
#11085=CARTESIAN_POINT('',(73.3045497909127,270.,172.056718687416));
#11086=CARTESIAN_POINT('',(73.3045497909127,270.,172.056718687416));
#11087=CARTESIAN_POINT('Origin',(73.3045497909127,272.5,172.056718687416));
#11088=CARTESIAN_POINT('Origin',(73.3045497909127,597.5,172.056718687416));
#11089=CARTESIAN_POINT('',(73.3045497909127,597.5,162.056718687416));
#11090=CARTESIAN_POINT('',(73.3045497909127,597.5,172.056718687416));
#11091=CARTESIAN_POINT('',(73.3045497909127,597.5,162.056718687416));
#11092=CARTESIAN_POINT('Origin',(513.304549790913,272.5,172.056718687416));
#11093=CARTESIAN_POINT('',(513.304549790913,597.5,162.056718687416));
#11094=CARTESIAN_POINT('',(513.304549790913,272.5,162.056718687416));
#11095=CARTESIAN_POINT('',(513.304549790913,597.5,132.056718687416));
#11096=CARTESIAN_POINT('',(513.304549790913,597.5,172.056718687416));
#11097=CARTESIAN_POINT('',(513.304549790913,272.5,132.056718687416));
#11098=CARTESIAN_POINT('Origin',(513.304549790913,517.5,134.556718687416));
#11099=CARTESIAN_POINT('',(515.804549790913,597.5,134.556718687416));
#11100=CARTESIAN_POINT('Origin',(513.304549790913,597.5,134.556718687416));
#11101=CARTESIAN_POINT('',(515.804549790913,517.5,134.556718687416));
#11102=CARTESIAN_POINT('Origin',(182.054549790913,597.5,134.556718687416));
#11103=CARTESIAN_POINT('',(73.3045497909127,600.,134.556718687416));
#11104=CARTESIAN_POINT('Origin',(73.3045497909127,597.5,134.556718687416));
#11105=CARTESIAN_POINT('',(513.304549790913,600.,134.556718687416));
#11106=CARTESIAN_POINT('',(182.054549790913,600.,134.556718687416));
#11107=CARTESIAN_POINT('Origin',(513.304549790913,597.5,134.556718687416));
#11108=CARTESIAN_POINT('',(513.304549790913,597.5,132.056718687416));
#11109=CARTESIAN_POINT('Origin',(513.304549790913,597.5,134.556718687416));
#11110=CARTESIAN_POINT('Origin',(513.304549790913,597.5,134.556718687416));
#11111=CARTESIAN_POINT('Origin',(73.3045497909127,597.5,134.556718687416));
#11112=CARTESIAN_POINT('Origin',(73.3045497909127,597.5,134.556718687416));
#11113=CARTESIAN_POINT('Origin',(73.3045497909127,597.5,172.056718687416));
#11114=CARTESIAN_POINT('',(73.3045497909127,600.,172.056718687416));
#11115=CARTESIAN_POINT('Origin',(73.3045497909127,597.5,172.056718687416));
#11116=CARTESIAN_POINT('',(73.3045497909127,600.,172.056718687416));
#11117=CARTESIAN_POINT('Origin',(515.804549790913,270.,172.056718687416));
#11118=CARTESIAN_POINT('',(515.804549790913,270.,172.056718687416));
#11119=CARTESIAN_POINT('Origin',(293.304549790913,435.,172.056718687416));
#11120=CARTESIAN_POINT('',(515.804549790913,597.5,172.056718687416));
#11121=CARTESIAN_POINT('',(515.804549790913,600.,172.056718687416));
#11122=CARTESIAN_POINT('',(513.304549790913,600.,172.056718687416));
#11123=CARTESIAN_POINT('Origin',(513.304549790913,597.5,172.056718687416));
#11124=CARTESIAN_POINT('',(70.8045497909127,600.,172.056718687416));
#11125=CARTESIAN_POINT('Origin',(515.804549790913,600.,172.056718687416));
#11126=CARTESIAN_POINT('',(515.804549790913,597.5,172.056718687416));
#11127=CARTESIAN_POINT('Origin',(513.304549790913,597.5,172.056718687416));
#11128=CARTESIAN_POINT('',(513.304549790913,600.,172.056718687416));
#11129=CARTESIAN_POINT('Origin',(110.804549790913,600.,164.581844248561));
#11130=CARTESIAN_POINT('',(109.304549790913,600.,164.581844248561));
#11131=CARTESIAN_POINT('Origin',(110.804549790913,600.,164.581844248561));
#11132=CARTESIAN_POINT('',(109.304549790913,585.,164.581844248561));
#11133=CARTESIAN_POINT('',(109.304549790913,600.,164.581844248561));
#11134=CARTESIAN_POINT('Origin',(110.804549790913,585.,164.581844248561));
#11135=CARTESIAN_POINT('Origin',(110.804549790913,585.,164.581844248561));
#11136=CARTESIAN_POINT('Origin',(475.804549790913,600.,164.556718687416));
#11137=CARTESIAN_POINT('',(474.304549790913,600.,164.556718687416));
#11138=CARTESIAN_POINT('Origin',(475.804549790913,600.,164.556718687416));
#11139=CARTESIAN_POINT('',(474.304549790913,585.,164.556718687416));
#11140=CARTESIAN_POINT('',(474.304549790913,600.,164.556718687416));
#11141=CARTESIAN_POINT('Origin',(475.804549790913,585.,164.556718687416));
#11142=CARTESIAN_POINT('Origin',(475.804549790913,585.,164.556718687416));
#11143=CARTESIAN_POINT('Origin',(80.8045497909127,600.,164.556718687416));
#11144=CARTESIAN_POINT('',(79.3045497909127,600.,164.556718687416));
#11145=CARTESIAN_POINT('Origin',(80.8045497909127,600.,164.556718687416));
#11146=CARTESIAN_POINT('',(79.3045497909127,585.,164.556718687416));
#11147=CARTESIAN_POINT('',(79.3045497909127,600.,164.556718687416));
#11148=CARTESIAN_POINT('Origin',(80.8045497909127,585.,164.556718687416));
#11149=CARTESIAN_POINT('Origin',(80.8045497909127,585.,164.556718687416));
#11150=CARTESIAN_POINT('Origin',(505.804549790913,600.,164.556718687416));
#11151=CARTESIAN_POINT('',(504.304549790913,600.,164.556718687416));
#11152=CARTESIAN_POINT('Origin',(505.804549790913,600.,164.556718687416));
#11153=CARTESIAN_POINT('',(504.304549790913,585.,164.556718687416));
#11154=CARTESIAN_POINT('',(504.304549790913,600.,164.556718687416));
#11155=CARTESIAN_POINT('Origin',(505.804549790913,585.,164.556718687416));
#11156=CARTESIAN_POINT('Origin',(505.804549790913,585.,164.556718687416));
#11157=CARTESIAN_POINT('Origin',(513.304549790913,597.5,172.056718687416));
#11158=CARTESIAN_POINT('',(513.304549790913,597.5,162.056718687416));
#11159=CARTESIAN_POINT('Origin',(70.8045497909127,600.,172.056718687416));
#11160=CARTESIAN_POINT('Origin',(293.304549790913,435.,162.056718687416));
#11161=UNCERTAINTY_MEASURE_WITH_UNIT(LENGTH_MEASURE(0.01),#11165,
'DISTANCE_ACCURACY_VALUE',
'Maximum model space distance between geometric entities at asserted c
onnectivities');
#11162=UNCERTAINTY_MEASURE_WITH_UNIT(LENGTH_MEASURE(0.01),#11165,
'DISTANCE_ACCURACY_VALUE',
'Maximum model space distance between geometric entities at asserted c
onnectivities');
#11163=(
GEOMETRIC_REPRESENTATION_CONTEXT(3)
GLOBAL_UNCERTAINTY_ASSIGNED_CONTEXT((#11161))
GLOBAL_UNIT_ASSIGNED_CONTEXT((#11165,#11167,#11168))
REPRESENTATION_CONTEXT('','3D')
);
#11164=(
GEOMETRIC_REPRESENTATION_CONTEXT(3)
GLOBAL_UNCERTAINTY_ASSIGNED_CONTEXT((#11162))
GLOBAL_UNIT_ASSIGNED_CONTEXT((#11165,#11167,#11168))
REPRESENTATION_CONTEXT('','3D')
);
#11165=(
LENGTH_UNIT()
NAMED_UNIT(*)
SI_UNIT(.MILLI.,.METRE.)
);
#11166=(
LENGTH_UNIT()
NAMED_UNIT(*)
SI_UNIT($,.METRE.)
);
#11167=(
NAMED_UNIT(*)
PLANE_ANGLE_UNIT()
SI_UNIT($,.RADIAN.)
);
#11168=(
NAMED_UNIT(*)
SI_UNIT($,.STERADIAN.)
SOLID_ANGLE_UNIT()
);
#11169=SHAPE_DEFINITION_REPRESENTATION(#11170,#11171);
#11170=PRODUCT_DEFINITION_SHAPE('',$,#11173);
#11171=SHAPE_REPRESENTATION('',(#5987),#11163);
#11172=PRODUCT_DEFINITION_CONTEXT('part definition',#11177,'design');
#11173=PRODUCT_DEFINITION('briefcase v5','briefcase v5',#11174,#11172);
#11174=PRODUCT_DEFINITION_FORMATION('',$,#11179);
#11175=PRODUCT_RELATED_PRODUCT_CATEGORY('briefcase v5','briefcase v5',(#11179));
#11176=APPLICATION_PROTOCOL_DEFINITION('international standard',
'automotive_design',2009,#11177);
#11177=APPLICATION_CONTEXT(
'Core Data for Automotive Mechanical Design Process');
#11178=PRODUCT_CONTEXT('part definition',#11177,'mechanical');
#11179=PRODUCT('briefcase v5','briefcase v5',$,(#11178));
#11180=PRESENTATION_STYLE_ASSIGNMENT((#11182));
#11181=PRESENTATION_STYLE_ASSIGNMENT((#11183));
#11182=SURFACE_STYLE_USAGE(.BOTH.,#11184);
#11183=SURFACE_STYLE_USAGE(.BOTH.,#11185);
#11184=SURFACE_SIDE_STYLE('',(#11186));
#11185=SURFACE_SIDE_STYLE('',(#11187));
#11186=SURFACE_STYLE_FILL_AREA(#11188);
#11187=SURFACE_STYLE_FILL_AREA(#11189);
#11188=FILL_AREA_STYLE('Acciaio - Satinato',(#11190));
#11189=FILL_AREA_STYLE('Acciaio - Fuso',(#11191));
#11190=FILL_AREA_STYLE_COLOUR('Acciaio - Satinato',#11192);
#11191=FILL_AREA_STYLE_COLOUR('Acciaio - Fuso',#11193);
#11192=COLOUR_RGB('Acciaio - Satinato',0.627450980392157,0.627450980392157,
0.627450980392157);
#11193=COLOUR_RGB('Acciaio - Fuso',0.627450980392157,0.627450980392157,
0.627450980392157);
ENDSEC;
END-ISO-10303-21;
